Date,Company,Sector,Open,High,Low,Close,Volume,Market_Cap,PE_Ratio,Dividend_Yield,Volatility,Sentiment_Score,Trend,Company_Encoded,Sector_Encoded,Trend_Encoded,SMA_5,SMA_10,SMA_20,EMA_12,EMA_26,MACD,Daily_Return,Price_Range,ATR,RSI,BB_Middle,BB_Upper,BB_Lower,Close_Lag1,Close_Lag2,Close_Lag3,Volume_Lag1,Year,Month,Day,DayOfWeek,Quarter,DayOfYear
2022-03-01,AMD,Technology,94.8991052347836,96.22558918008023,92.10962807949193,94.8991052347836,149299,848279967371.4166,23.34557097541568,2.7335026027838416,0.0143045673903943,-0.2054570543190805,Bullish,0,6,1,94.8991052347836,94.8991052347836,94.8991052347836,94.8991052347836,94.8991052347836,0.0,0.0,4.115961100588308,4.115961100588308,0.0,94.8991052347836,104.01280668949666,90.54647205053804,94.8991052347836,94.8991052347836,94.8991052347836,149299.0,2022,3,1,1,1,60
2022-06-07,AMD,Aerospace,99.66017350525108,100.78179329001942,97.10811374364413,99.66017350525108,168451,690869672213.195,6.560821793053654,1.5827483263393498,0.0321104947213433,0.2282663523750361,Bullish,0,0,1,97.27963937001735,97.27963937001735,97.27963937001735,95.63157727639398,95.25177695852193,0.3798003178720535,0.05016979094469254,3.673679546375297,3.673679546375297,99.99999999579926,97.27963937001735,104.01280668949666,90.54647205053804,94.8991052347836,94.8991052347836,94.8991052347836,149299.0,2022,6,7,1,2,158
2022-06-13,AMD,Consumer Goods,97.9678192487803,99.2679417269822,96.94210004832148,97.9678192487803,143264,759276809693.311,17.992248286149938,4.253401303024232,0.0393562150800747,0.7028114957829479,Bullish,0,2,1,97.50903266293834,97.50903266293834,97.50903266293834,95.99099911829957,95.45296527631885,0.5380338419807202,-0.016981249349135474,2.3258416786607228,2.3258416786607228,73.77586467292693,97.50903266293834,102.33595989152774,92.68210543434894,99.66017350525108,94.8991052347836,94.8991052347836,168451.0,2022,6,13,0,2,164
2022-07-17,AMD,Consumer Goods,87.50259292096464,89.45645735576139,85.34775535530109,87.50259292096464,192483,572855331674.0322,19.62964768546695,2.250582632374055,0.0404670350485465,-0.7517852645724452,Stable,0,2,2,95.0074227274449,95.0074227274449,95.0074227274449,94.68509047255574,94.86404880555187,-0.17895833299613173,-0.10682310179060095,4.108702000460298,4.108702000460298,28.140948554630697,95.0074227274449,105.76203355055154,84.25281190433827,97.9678192487803,99.66017350525108,94.8991052347836,143264.0,2022,7,17,6,3,198
2022-09-12,AMD,Finance,97.23406874836796,100.08859332369089,95.8903575083884,97.23406874836796,141412,384706520879.7583,31.511865967629607,1.073339319862684,0.0111137563030965,0.8875562227367382,Stable,0,4,2,95.45275193162952,95.45275193162952,95.45275193162952,95.07724097652685,95.03960583835305,0.0376351381737976,0.1112135709646127,4.198235815302482,4.198235815302482,54.38077408809245,95.45275193162952,104.97706830968815,85.92843555357089,87.50259292096464,97.9678192487803,99.66017350525108,192483.0,2022,9,12,0,3,255
2022-09-16,AMD,Technology,97.04104931570588,98.9354046594313,95.35776759134852,97.04104931570588,136416,800968917442.7452,11.85442844054216,1.6352232207590889,0.0293085389230773,0.2334254152935519,Stable,0,6,2,95.88114074781397,95.71746816230892,95.71746816230892,95.37936533640055,95.18786091074956,0.19150442565099013,-0.00198510085144743,3.5776370680827796,3.5776370680827796,53.989741423568724,95.71746816230892,104.33442089296301,87.10051543165483,97.23406874836796,87.50259292096464,97.9678192487803,141412.0,2022,9,16,4,3,259
2022-10-28,AMD,Technology,108.8095058184962,111.57851405984546,105.67428807462028,108.8095058184962,76641,662449898096.458,8.876195586163533,1.0310870254206994,0.0425373792929705,-0.929569652948953,Bullish,0,6,1,97.711007210463,97.58775925604995,97.58775925604995,97.4455407951845,96.19687164465671,1.248669150527789,0.12127297247687152,5.904225985225182,5.904225985225182,68.01324001110729,97.58775925604995,110.22976256556397,84.94575594653593,97.04104931570588,97.23406874836796,87.50259292096464,136416.0,2022,10,28,4,4,301
2023-02-18,AMD,Energy,112.31933327659026,115.00971014088904,109.99322740380109,112.31933327659026,199143,248292415647.7718,38.45385693022633,2.1954778262541423,0.0124441867047852,0.9936183613622178,Bullish,0,3,1,100.58131001602499,99.42920600861748,99.42920600861748,99.73381656155462,97.39112806183698,2.3426884997176387,0.03225662529842532,5.016482737087955,5.016482737087955,70.67858194333641,99.42920600861748,115.09759521380147,83.7608168034335,108.8095058184962,97.04104931570588,97.23406874836796,76641.0,2023,2,18,5,1,49
2023-03-25,AMD,Technology,110.76211244634476,112.79877921387646,109.2971666337144,110.76211244634476,57543,358443549577.3431,21.44103170467393,1.0397817964469498,0.0218187169850703,0.922829080847278,Stable,0,6,2,105.23321392110101,100.68841783503164,100.68841783503164,101.43047746690695,98.3815713495783,3.048906117328656,-0.013864227865480583,3.5016125801620603,3.5016125801620603,68.15876590470006,100.68841783503164,117.17760329113013,84.19923237893316,112.31933327659026,108.8095058184962,97.04104931570588,199143.0,2023,3,25,5,1,84
2023-06-28,AMD,Healthcare,123.08945437205324,125.49947341716546,120.31595000424392,123.08945437205324,178148,10021373725.420702,36.13782115561482,2.0762048616702025,0.0180736734145503,-0.6358737422362892,Bullish,0,5,1,110.40429104583806,102.92852148873381,102.92852148873381,104.76262776000638,100.21178490679866,4.550842853207726,0.11129565564831645,5.183523412921545,5.183523412921545,75.1672622135198,102.92852148873381,123.96195802467606,81.89508495279155,110.76211244634476,112.31933327659026,108.8095058184962,57543.0,2023,6,28,2,2,179
2023-10-20,AMD,Consumer Goods,118.84329861087402,122.18901410122852,116.41137913387584,118.84329861087402,131317,542821301314.75854,20.95927465159779,1.8772055483395635,0.0464783833679853,0.0937623475748659,Bearish,0,2,0,114.7647409048717,105.32294082634283,104.37531940892836,106.92888481398602,101.59189703302646,5.336987780959561,-0.0344965032369442,5.777634967352682,5.777634967352682,69.8699919658961,104.37531940892836,126.51728799853325,82.23335081932348,123.08945437205324,110.76211244634476,112.31933327659026,178148.0,2023,10,20,4,4,293
2023-11-14,AMD,Automotive,121.06780901012492,123.06176619110067,119.15985142401055,121.06780901012492,193087,167165276135.39902,33.69292317446546,0.3741060259748652,0.0350787373811486,0.6135471392975347,Stable,0,1,2,117.21640154319743,107.46370437683022,105.76636020902806,109.1041039210843,103.03455717947818,6.069546741606118,0.018718012923341742,3.901914767090119,3.901914767090119,70.9427849004091,105.76636020902806,128.97361775374043,82.55910266431572,118.84329861087402,123.08945437205324,110.76211244634476,131317.0,2023,11,14,1,4,318
2023-11-26,AMD,Automotive,116.55252611290118,118.22807206154022,113.65383570443883,116.55252611290118,165359,522958559475.60223,27.1517215737452,4.133091727512444,0.0335861398060619,0.1700703374373238,Bullish,0,1,1,118.06304011045964,109.32217506324233,106.59606527855678,110.25001502751766,104.03588821158358,6.21412681593408,-0.03729548700138885,4.574236357101384,4.574236357101384,66.16121350730742,106.59606527855678,129.60677471226631,83.58535584484724,121.06780901012492,118.84329861087402,123.08945437205324,193087.0,2023,11,26,6,4,330
2023-12-06,AMD,Technology,122.78474459718942,125.87751723471844,119.1556121809539,122.78474459718942,129252,87951923625.07098,30.31023202626203,1.3568298176950528,0.0341935771745032,-0.3685131950319258,Stable,0,6,2,120.46756654062855,112.85039023086479,107.75239951560197,112.17843496131331,105.42469238829513,6.753742573018187,0.053471329126331124,6.721905053764544,6.721905053764544,69.04128362814104,107.75239951560197,131.49351646075183,84.01128257045208,116.55252611290118,121.06780901012492,118.84329861087402,165359.0,2023,12,6,2,4,340
2024-04-16,AMD,Healthcare,112.76890808545475,115.15257348800873,110.44650896254184,112.76890808545475,55287,23870931151.144127,33.81583004372513,3.053853653425193,0.0239918424723036,0.577854047897759,Bearish,0,5,0,118.40345728330885,114.40387416457347,108.08683342025883,112.269276980412,105.9687083658625,6.300568614549505,-0.08157232027963124,4.706064525466886,4.706064525466886,60.7339043410483,108.08683342025883,131.11054621221882,85.06312062829885,122.78474459718942,116.55252611290118,121.06780901012492,129252.0,2024,4,16,1,2,107
2024-06-05,AMD,Aerospace,112.01991775807792,114.4010413835034,109.21997168083988,112.01991775807792,91157,229665710241.767,37.80824533575122,1.1999468193497875,0.0212557192868865,0.0899645562000359,Stable,0,0,2,117.03878111274965,115.90176100881067,108.3326511913725,112.23091402312983,106.41694609861919,5.813967924510635,-0.006641815905579662,5.181069702663521,5.181069702663521,57.80011940754327,108.3326511913725,130.66243433960267,86.00286804314234,112.76890808545475,122.78474459718942,116.55252611290118,55287.0,2024,6,5,2,2,157
2024-07-28,AMD,Finance,128.0702843270973,129.63682448384915,126.01999299037644,128.0702843270973,105318,253805374367.98376,28.602214265821413,2.802899045005243,0.0173968118986857,0.9596070707618762,Bullish,0,4,1,118.4392761761441,117.82783885967078,109.49368843465044,114.66774022374022,108.02089707850645,6.646843145233774,0.14328136362037247,3.6168314934727164,3.6168314934727164,66.08279434535037,109.49368843465044,133.13940735246894,85.84796951683195,112.01991775807792,112.76890808545475,122.78474459718942,91157.0,2024,7,28,6,3,210
2022-01-07,Adobe,Technology,100.55008155840126,102.7520348103926,98.64086335204014,100.55008155840126,104886,185278408547.43723,22.36167435379603,1.9316158653823297,0.0471240734203914,0.0073772186564777,Bullish,1,6,1,100.55008155840126,100.55008155840126,100.55008155840126,100.55008155840126,100.55008155840126,0.0,0.0,4.111171458352459,4.111171458352459,74.4028803748742,100.55008155840126,101.5144128225492,98.5309297317091,100.55008155840126,100.55008155840126,100.55008155840126,104886.0,2022,1,7,4,1,7
2022-01-29,Adobe,Aerospace,99.49526099585704,101.31700608474192,97.57287015679272,99.49526099585704,115725,753492974526.7034,8.215481069851565,2.1505143826490003,0.0186782498345551,0.103872722120933,Bearish,1,0,0,100.02267127712915,100.02267127712915,100.02267127712915,100.387801471856,100.47194670191651,-0.08414523006051411,-0.010490499323280611,3.744135927949202,3.744135927949202,70.00253609892032,100.02267127712915,101.5144128225492,98.5309297317091,100.55008155840126,100.55008155840126,100.55008155840126,104886.0,2022,1,29,5,1,29
2022-04-26,Adobe,Technology,91.7873550514226,94.10307444796976,89.85682270179545,91.7873550514226,73419,422614023491.1367,11.071802599308503,4.252358073804189,0.0114372072874389,0.2384086345843097,Bearish,1,6,0,97.2775658685603,97.2775658685603,97.2775658685603,99.06465586871239,99.82864361669473,-0.7639877479823411,-0.07747008116050269,4.246251746174309,4.246251746174309,63.58394220658737,97.2775658685603,106.84521400532901,87.70991773179159,99.49526099585704,100.55008155840126,100.55008155840126,115725.0,2022,4,26,1,2,116
2022-07-06,Adobe,Energy,82.53312734521091,83.7014178150259,80.20319552947677,82.53312734521091,143384,455688541351.11993,39.28427941336149,3.9243091147944007,0.0362554343753906,0.6432831395579106,Bullish,1,3,1,93.59145623772295,93.59145623772295,93.59145623772295,96.52134378817371,98.54749426325148,-2.0261504750777704,-0.10082246842200793,3.498222285549133,3.498222285549133,50.78282390757286,93.59145623772295,110.2775301103122,76.9053823651337,91.7873550514226,99.49526099585704,100.55008155840126,73419.0,2022,7,6,2,3,187
2022-09-30,Adobe,Consumer Goods,101.70046373453776,103.86135121347056,98.74512769341987,101.70046373453776,104045,35830295073.59109,30.64223321452915,3.269970461699006,0.0435928140881395,0.0344188553870588,Bearish,1,2,0,95.21325773708591,95.21325773708591,95.21325773708591,97.31813147222971,98.78104755742083,-1.4629160851911251,0.23223809645738647,5.116223520050681,5.116223520050681,58.88587786723926,95.21325773708591,111.3818568733082,79.04465860086363,82.53312734521091,91.7873550514226,99.49526099585704,143384.0,2022,9,30,4,3,273
2022-10-04,Adobe,Technology,101.9925400116524,103.97195322990582,99.624540076653,101.9925400116524,143179,391778596314.2994,38.87145569861861,0.1475202757260296,0.0160274994800333,-0.5970721578929341,Stable,1,6,2,95.50174942773614,96.34313811618033,96.34313811618033,98.03727124752551,99.01893588736391,-0.9816646398383995,0.0028719266991448222,4.347413153252816,4.347413153252816,59.99105704238076,96.34313811618033,111.82790451828595,80.8583717140747,101.70046373453776,82.53312734521091,91.7873550514226,104045.0,2022,10,4,1,4,277
2022-11-11,Adobe,Automotive,111.34020117652396,114.00784958062869,109.3886921086294,111.34020117652396,104748,190032318245.2209,19.70415547467037,0.7219381606683362,0.0136839501679835,0.2509561208493227,Bearish,1,1,0,97.87073746386952,98.48557569622942,98.48557569622942,100.08387585198682,99.93162220507946,0.15225364690735432,0.09165043996162492,4.619157471999287,4.619157471999287,58.678958170625606,98.48557569622942,116.60562200052642,80.36552939193241,101.9925400116524,101.70046373453776,82.53312734521091,143179.0,2022,11,11,4,4,315
2022-11-26,Adobe,Energy,109.45655934521784,110.66724933153527,107.73637385185415,109.45655934521784,192038,327107142926.7897,5.13359969435215,2.0438863061456605,0.0431889146528649,0.6772177750679245,Bearish,1,3,0,101.40457832262857,99.85694865235297,99.85694865235297,101.52582715863774,100.63717310434897,0.8886540542887644,-0.016917894986732684,2.93087547968112,2.93087547968112,60.2454879381968,99.85694865235297,118.33970183398347,81.37419547072247,111.34020117652396,101.9925400116524,101.70046373453776,104748.0,2022,11,26,5,4,330
2022-12-23,Adobe,Technology,108.52503485568296,111.70276536574546,107.08231706560927,108.52503485568296,75945,446512348703.3112,18.356417895352003,1.593044813818036,0.0223011918196182,-0.2017477991100678,Stable,1,6,2,106.60295982472299,100.82006934161186,100.82006934161186,102.60262834279854,101.22145916000333,1.3811691827952046,-0.008510449214806037,4.620448300136189,4.620448300136189,58.587789070712496,100.82006934161186,119.0492848255888,82.59085385763491,109.45655934521784,111.34020117652396,101.9925400116524,192038.0,2022,12,23,4,4,357
2023-02-28,Adobe,Healthcare,108.48615104191104,109.95427900071071,106.54233008942296,108.48615104191104,158940,465133998039.1744,38.18379120600048,4.2865445118042045,0.0346571270948748,-0.3772361202148313,Bearish,1,5,0,107.96009728619762,101.58667751164178,101.58667751164178,103.50778568112354,101.75958448458908,1.7482011965344526,-0.0003582934925902004,3.4119489112877517,3.4119489112877517,61.758061317711345,101.58667751164178,119.44414432334116,83.7292106999424,108.52503485568296,109.45655934521784,111.34020117652396,75945.0,2023,2,28,1,1,59
2023-06-22,Adobe,Automotive,124.16224934723157,127.0209037640843,121.75835818909457,124.16224934723157,83591,662958657729.312,12.919768787498114,3.8683128244783287,0.0289773957448294,0.4109800493462334,Bearish,1,1,0,112.39403915331347,103.9478942905248,103.63900222396813,106.68539547590939,103.41904114108112,3.2663543348282644,0.1444986125396266,5.26254557498973,5.26254557498973,65.67641590182419,103.63900222396813,125.37215258764455,81.90585186029172,108.48615104191104,108.52503485568296,109.45655934521784,158940.0,2023,6,22,3,2,173
2023-06-30,Adobe,Finance,120.17941924096188,122.33015197476678,118.77922378225044,120.17941924096188,143396,599115266120.0074,17.951831713598935,4.121634459396346,0.0145416256930514,0.6895951623762921,Bearish,1,4,0,114.16188276620105,106.01631011503528,105.0173703087176,108.7613991320713,104.66055062996118,4.100848502110125,-0.03207762526217872,3.550928192516338,3.550928192516338,70.27640389500866,105.0173703087176,127.83372149494772,82.20101912248748,124.16224934723157,108.48615104191104,108.52503485568296,83591.0,2023,6,30,4,2,181
2023-07-12,Adobe,Aerospace,113.7012839086759,114.98294523843089,111.60403136796072,113.7012839086759,188186,948634771496.5824,18.261859732058504,4.06356809946531,0.0493612605711652,0.1624309549787665,Bearish,1,0,0,115.01082767889268,108.20770300076063,105.68536366256055,109.52138140539509,105.33023457653265,4.191146828862443,-0.05390386617942622,3.3789138704701713,3.3789138704701713,65.8936522514259,105.68536366256055,128.05514039247174,83.31558693264935,120.17941924096188,124.16224934723157,108.48615104191104,143396.0,2023,7,12,2,3,193
2023-10-05,Adobe,Healthcare,118.66973571932746,120.71386081324904,117.44807822975,118.66973571932746,87131,329052846657.196,38.21892500813042,0.3927891546186357,0.0189840976029953,0.8194873734253678,Bearish,1,5,0,117.03976785162158,111.82136383817229,106.61281880947247,110.92882053061545,106.31834577229523,4.610474758320223,0.043697411672520614,3.265782583499046,3.265782583499046,61.214934445077716,106.61281880947247,129.1978528456745,84.02778477327045,113.7012839086759,120.17941924096188,124.16224934723157,188186.0,2023,10,5,3,4,278
2024-01-12,Adobe,Consumer Goods,119.77747357713024,123.17980629966142,118.19281997436036,119.77747357713024,68030,59396159494.44535,35.34267139231593,0.585058624289731,0.0454515286582287,-0.8715228482857482,Bullish,1,2,1,119.29803235866541,113.62906482243152,107.49046246064965,112.29015176854081,107.31531820228301,4.9748335662578,0.009334628168573333,4.986986325301061,4.986986325301061,61.73957709768667,107.49046246064965,130.29100435476232,84.689920566537,118.66973571932746,113.7012839086759,120.17941924096188,87131.0,2024,1,12,4,1,12
2024-06-16,Adobe,Healthcare,112.0016482037965,114.82561242607484,110.35067533897168,112.0016482037965,190518,525979117346.6714,24.645274003194096,1.3652030966390338,0.039761143213907,-0.6556050411527339,Stable,1,5,2,116.86591212997841,114.62997564164593,107.77241156959633,112.245766604734,107.66245375795067,4.583312846783329,-0.06491892958759493,4.474937087103157,4.474937087103157,57.05679802277861,107.77241156959633,129.91501219576037,85.62981094343229,119.77747357713024,118.66973571932746,113.7012839086759,68030.0,2024,6,16,6,2,168
2024-08-12,Adobe,Healthcare,127.73304470320328,129.71576462266106,126.14244773918249,127.73304470320328,103028,746461050224.3567,11.163341496570814,4.317328651707316,0.0369607013953586,0.2603501697740829,Bullish,1,5,1,118.37663722242667,116.26925999431387,108.94656645980851,114.62842477372928,109.14916419833976,5.479260575389517,0.14045683033862288,3.5733168834785687,3.5733168834785687,68.5985316117681,108.94656645980851,132.47099716187674,85.42213575774028,112.0016482037965,119.77747357713024,118.66973571932746,190518.0,2024,8,12,0,3,225
2022-03-05,Airbus,Energy,94.10227232985608,96.89219872306444,92.30689494787504,94.10227232985608,51016,704242189003.371,5.386106499186303,1.8108812739936413,0.0199801231873096,-0.7770246243224361,Stable,2,3,2,94.10227232985608,94.10227232985608,94.10227232985608,94.10227232985608,94.10227232985608,0.0,0.0,4.585303775189402,4.585303775189402,75.86352146407556,94.10227232985608,99.43836403979138,91.55379628351479,94.10227232985608,94.10227232985608,94.10227232985608,51016.0,2022,3,5,5,1,64
2022-04-12,Airbus,Consumer Goods,96.88988799345007,99.27648812555364,95.20667313552546,96.88988799345007,173684,497967429085.9107,39.36892166561508,3.160797495932287,0.0376162288764428,0.6658747846373221,Bullish,2,2,1,95.49608016165308,95.49608016165308,95.49608016165308,94.5311362781013,94.3087623790112,0.2223738990901012,0.029623255576896046,4.069814990028178,4.069814990028178,70.29537614278496,95.49608016165308,99.43836403979138,91.55379628351479,94.10227232985608,94.10227232985608,94.10227232985608,51016.0,2022,4,12,1,2,102
2022-06-30,Airbus,Technology,85.31949252835801,86.3318899673068,83.73878375583263,85.31949252835801,156081,193406428757.8448,35.8747464998721,1.6673129679800525,0.0450047217823218,-0.3874642259907705,Bearish,2,6,0,92.10388428388806,92.10388428388806,92.10388428388806,93.11396031660233,93.64289053822206,-0.5289302216197314,-0.11941798782835045,2.593106211474165,2.593106211474165,60.304863964634855,92.10388428388806,104.18091684844741,80.02685171932872,96.88988799345007,94.10227232985608,94.10227232985608,173684.0,2022,6,30,3,2,181
2022-07-15,Airbus,Aerospace,86.12593725994266,88.29338710522055,85.05912707719247,86.12593725994266,174249,441591129586.4135,5.771230610412647,4.573655574782518,0.0167624711375886,0.7967105503353307,Bullish,2,0,1,90.6093975279017,90.6093975279017,90.6093975279017,92.03887984634699,93.08607918427545,-1.0471993379284612,0.009452057292963945,3.234260028028075,3.234260028028075,55.70696008346813,90.6093975279017,102.14076031227006,79.07803474353335,85.31949252835801,96.88988799345007,94.10227232985608,156081.0,2022,7,15,4,3,196
2023-01-30,Airbus,Aerospace,108.2144476627483,109.5484038041305,105.02303194098404,108.2144476627483,73049,563187536057.0393,16.914204517234765,1.678369165195298,0.0469643086364511,0.8679559482890384,Bullish,2,0,1,94.13040755487103,94.13040755487103,94.13040755487103,94.52742874117796,94.20669907156974,0.3207296696082125,0.2564675764995019,4.525371863146461,4.525371863146461,67.23830817036377,94.13040755487103,112.77657278928066,75.48424232046139,86.12593725994266,85.31949252835801,96.88988799345007,174249.0,2023,1,30,0,1,30
2023-03-04,Airbus,Energy,111.76892166576836,114.36574581849646,108.5706095458228,111.76892166576836,147532,722165740299.0082,28.67492268184373,1.1095023039218643,0.0265984174431872,0.3016664431229698,Bearish,2,3,0,97.66373742205349,97.07015990668725,97.07015990668725,97.17996611419187,95.50760444891779,1.6723616652740816,0.032846575293694835,5.795136272673659,5.795136272673659,69.09282456496437,97.07015990668725,119.1054732858825,75.03484652749201,108.2144476627483,86.12593725994266,85.31949252835801,73049.0,2023,3,4,5,1,63
2023-03-10,Airbus,Healthcare,113.88505128950982,116.8821761553132,111.36588550129107,113.88505128950982,144297,749412477462.1818,14.504906766286394,2.325276241503222,0.0310103367512633,-0.5971873815732955,Bullish,2,5,1,101.06277008126543,99.47228724709046,99.47228724709046,99.74997921808693,96.86889680748016,2.88108241060678,0.018933077211476412,5.516290654022129,5.516290654022129,69.78308601892151,99.47228724709046,123.26714462634658,75.67742986783435,111.76892166576836,108.2144476627483,86.12593725994266,147532.0,2023,3,10,4,1,69
2023-04-11,Airbus,Automotive,106.50142969138793,108.97083175362263,103.84372717483498,106.50142969138793,162856,625679355553.7339,14.959680561701417,3.042044679400089,0.041656390020279,-0.4982530565677789,Stable,2,1,2,105.2991575138714,100.35093005262766,100.35093005262766,100.78866390628708,97.58241776184369,3.206246144443398,-0.06483398404371632,5.127104578787652,5.127104578787652,58.83767320628387,100.35093005262766,122.93443344544143,77.76742665981389,113.88505128950982,111.76892166576836,108.2144476627483,144297.0,2023,4,11,1,2,101
2023-05-06,Airbus,Automotive,117.2757510404249,120.37949754287062,114.29188812923448,117.2757510404249,134076,653609756218.0928,6.41955581406385,1.9331008631691708,0.0240616904019879,-0.7692743973885923,Bearish,2,1,0,111.52912026996788,102.23146571793846,102.23146571793846,103.3251388500006,99.04118318988674,4.283955660113861,0.10116597852496456,6.0876094136361445,6.0876094136361445,65.81538828535233,102.23146571793846,126.18086477705457,78.28206665882236,106.50142969138793,113.88505128950982,111.76892166576836,162856.0,2023,5,6,5,2,126
2023-05-14,Airbus,Energy,116.62291131759692,118.55723131674532,114.21475047646749,116.62291131759692,88102,204374702061.9004,24.235427985275027,3.871513414722976,0.046221553517156,0.2504322500628764,Stable,2,3,2,113.21081300093758,103.6706102779043,103.6706102779043,105.37094999886158,100.34353342156898,5.027416577292598,-0.005566706817361933,4.34248084027783,4.34248084027783,70.01384951775212,103.6706102779043,128.01581073018343,79.32540982562516,117.2757510404249,106.50142969138793,113.88505128950982,134076.0,2023,5,14,6,2,134
2023-06-15,Airbus,Automotive,124.12660473512658,126.72488649231946,120.6348437462637,124.12660473512658,102224,413618143473.0493,18.558740498403075,4.118836978995615,0.0339203646931499,-0.942111366513266,Bearish,2,1,0,115.68234961480921,106.67304351843136,105.53024613765179,108.25643534290235,102.10524240775842,6.151192935143925,0.06434150316394516,6.090042746055758,6.090042746055758,70.82386232190434,105.53024613765179,131.71388052849358,79.34661174681001,116.62291131759692,117.2757510404249,106.50142969138793,88102.0,2023,6,15,3,2,166
2023-07-21,Airbus,Automotive,113.10561206878656,115.13889222980724,110.7903162053628,113.10561206878656,169156,446922277866.073,25.30775315747603,2.3291287661156237,0.0471220700091539,0.7780243802219189,Bullish,2,1,1,115.52646177066458,108.29461592596499,106.16152663191302,109.00246253149992,102.92008460487162,6.082377926628297,-0.08878831971484025,4.348576024444441,4.348576024444441,62.990210271174774,106.16152663191302,131.50685622158164,80.8161970422444,124.12660473512658,116.62291131759692,117.2757510404249,102224.0,2023,7,21,4,3,202
2023-07-30,Airbus,Finance,114.46621046540189,116.31926381699232,111.6193076489505,114.46621046540189,54835,640362963870.0768,8.475577096379254,0.4011112322785704,0.0361189168763175,0.4945951151197136,Bullish,2,4,1,117.11941792546736,111.20928771966939,106.80034846525831,109.8430391367156,103.77535318713312,6.067685949582483,0.012029450809106335,4.6999561680418225,4.6999561680418225,68.53875265654351,106.80034846525831,131.50003350540211,82.1006634251145,113.10561206878656,124.12660473512658,116.62291131759692,169156.0,2023,7,30,6,3,211
2023-12-13,Airbus,Technology,125.99226482867248,129.02350655107935,124.71835726211096,125.99226482867248,158464,515659995163.3979,25.19642325616688,3.902780134436069,0.0322961985725674,0.6422848494406945,Stable,2,6,2,118.86272068311689,115.19592047654237,108.1711996340736,112.32753539701667,105.42105034576566,6.9064850512510105,0.10069394554434385,4.305149288968394,4.305149288968394,67.11834010591247,108.1711996340736,134.02429774312995,82.31810152501725,114.46621046540189,113.10561206878656,124.12660473512658,54835.0,2023,12,13,2,4,347
2024-01-28,Airbus,Aerospace,115.82614984653684,118.46094572454008,114.13149258449856,115.82614984653684,145462,645644547688.1912,35.869725940257254,3.708013097258928,0.0102725879160051,0.3990685152310476,Stable,2,0,2,118.70336838890486,115.95709069492122,108.68152964823781,112.86578377386593,106.1917984569339,6.673985316932033,-0.08068840572046054,4.329453140041522,4.329453140041522,60.513743915133965,108.68152964823781,133.90586839292496,83.45719090355065,125.99226482867248,114.46621046540189,113.10561206878656,158464.0,2024,1,28,6,1,28
2024-02-21,Airbus,Energy,116.502615095785,118.36245090835637,114.75106077041532,116.502615095785,125703,89678626713.66069,19.783458276450705,2.600370305555752,0.0464727451474436,-0.9500318354363012,Stable,2,3,2,117.17857046103654,116.4304600379229,109.17034748870952,113.42529628493041,106.95556265240434,6.469733632526072,0.005840349956762303,3.6113901379410436,3.6113901379410436,59.69001974958151,109.17034748870952,133.8511455274157,84.48954945000335,115.82614984653684,125.99226482867248,114.46621046540189,145462.0,2024,2,21,2,1,52
2024-05-28,Airbus,Healthcare,118.0495865630228,120.74659381343284,115.8855856754072,118.0495865630228,117728,171494093791.4484,24.143713797998583,0.4449485742817333,0.0100657502844979,0.1491643951037591,Bearish,2,5,0,118.1673653598838,116.84691356527419,109.69265566955148,114.13672555848308,107.77734220133904,6.35938335714404,0.013278426977505475,4.861008138025639,4.861008138025639,67.94861136071191,109.69265566955148,133.9747730951561,85.41053824394686,116.502615095785,115.82614984653684,125.99226482867248,125703.0,2024,5,28,1,2,149
2024-06-02,Airbus,Finance,112.22715671091116,115.4857070326632,109.19121636098548,112.22715671091116,185090,691926437513.75,10.331472498193758,2.264068571054584,0.0142162114382466,-0.0952664815868595,Bullish,2,4,1,117.71955460898565,117.41948626722652,109.83346128296036,113.84294573577971,108.10695809093698,5.735987644842723,-0.04932189956466504,6.294490671677721,6.294490671677721,63.56707896756946,109.83346128296036,133.42085437751902,86.24606818840168,118.0495865630228,116.502615095785,115.82614984653684,117728.0,2024,6,2,6,2,154
2024-07-27,Airbus,Energy,126.98953620763132,129.04098661145264,125.4272452130303,126.98953620763132,194071,930388565952.9858,36.41861354372848,2.0542854592024824,0.0315033850277026,0.8708496488970683,Bullish,2,3,1,117.91900888477741,118.39086478394715,110.73641259478514,115.86549811606457,109.50566758106248,6.359830535002089,0.13154017199907275,3.6137413984223343,3.6137413984223343,60.56357834411111,110.73641259478514,134.97316859654674,86.49965659302353,112.22715671091116,118.0495865630228,116.502615095785,185090.0,2024,7,27,5,3,209
2024-08-19,Airbus,Aerospace,122.02542580767717,124.85670587019004,119.18712121567292,122.02542580767717,184869,462484989734.2848,29.440890502965047,2.1177395799594816,0.0404354391068603,0.5634579780095188,Stable,2,0,2,119.1588640770055,118.93111623295518,111.30086325542975,116.81317929938959,110.43305707933023,6.380122220059363,-0.03909070422808458,5.669584654517124,5.669584654517124,55.68059176644626,111.30086325542975,135.42537040634855,87.17635610451093,126.98953620763132,112.22715671091116,118.0495865630228,194071.0,2024,8,19,0,3,232
2022-05-09,Alibaba,Energy,93.6731632128445,95.22452134697316,90.89071217377662,93.6731632128445,159225,397252723679.0022,29.508818580558238,1.5599201016320925,0.0326486006301046,0.6112044375404766,Bullish,3,3,1,93.6731632128445,93.6731632128445,93.6731632128445,93.6731632128445,93.6731632128445,0.0,0.0,4.333809173196542,4.333809173196542,54.61678752559283,93.6731632128445,93.81666460240164,93.60462806131737,93.6731632128445,93.6731632128445,93.6731632128445,159225.0,2022,5,9,0,2,129
2022-05-11,Alibaba,Energy,93.74812945087452,96.0551092065405,91.89847503440102,93.74812945087452,159556,135866276143.78572,25.526768226604744,2.533363244913729,0.012475428067219,0.924204208330055,Bullish,3,3,1,93.71064633185951,93.71064633185951,93.71064633185951,93.68469648023373,93.67871626751338,0.005980212720345435,0.0008002957886632522,4.156634172139476,4.156634172139476,59.646622465387274,93.71064633185951,93.81666460240164,93.60462806131737,93.6731632128445,93.6731632128445,93.6731632128445,159225.0,2022,5,11,2,2,131
2022-06-14,Alibaba,Healthcare,98.10188257009231,99.1489234200614,96.42369739107866,98.10188257009231,76736,724379225943.8655,20.011040760136357,4.909528490382696,0.0238623503926619,-0.8314712676882978,Bullish,3,5,1,95.17439174460378,95.17439174460378,95.17439174460378,94.3642635709812,94.00635821585256,0.3579053551286364,0.04644095988602337,2.725226028982732,2.725226028982732,56.16567597806018,95.17439174460378,100.24550873564264,90.10327475356492,93.74812945087452,93.6731632128445,93.6731632128445,159556.0,2022,6,14,1,2,165
2022-07-23,Alibaba,Aerospace,86.02669009278397,87.54319498523748,84.2941438826232,86.02669009278397,61111,427390239598.2095,19.139225671429188,0.94907651486078,0.0278576768718619,-0.9504702448476976,Stable,3,0,2,92.88746633164882,92.88746633164882,92.88746633164882,93.08155995895085,93.41527168821786,-0.33371172926700865,-0.12308828496416269,3.249051102614274,3.249051102614274,48.69315006048441,92.88746633164882,102.9286115453139,82.84632111798375,98.10188257009231,93.74812945087452,93.6731632128445,76736.0,2022,7,23,5,3,204
2022-08-25,Alibaba,Technology,90.06494770841505,91.14222868556276,88.07673791311596,90.06494770841505,193946,125313119739.5595,24.606379043121915,2.2454237250547338,0.0157358148004357,-0.0848493354991364,Bullish,3,6,1,92.32296260700207,92.32296260700207,92.32296260700207,92.61746576656071,93.16709954156579,-0.549633775005077,0.04694191548315563,3.0654907724467932,3.0654907724467932,46.53506906871353,92.32296260700207,101.37789148602883,83.26803372797531,86.02669009278397,98.10188257009231,93.74812945087452,61111.0,2022,8,25,3,3,237
2022-09-05,Alibaba,Automotive,92.27417386340744,95.04185952974046,89.85404469887212,92.27417386340744,52869,65921423073.41113,18.90834866698608,4.681335697066096,0.0380553314223876,-0.0674934369443291,Bullish,3,1,1,92.04316473711467,92.31483114973629,92.31483114973629,92.56465162761405,93.10095689873926,-0.536305271125201,0.02452925595587696,5.187814830868348,5.187814830868348,55.110886195133325,92.31483114973629,100.41390371995818,84.2157585795144,90.06494770841505,86.02669009278397,98.10188257009231,193946.0,2022,9,5,0,3,248
2022-11-15,Alibaba,Energy,111.38081189375217,114.08236185040523,110.09918115593514,111.38081189375217,189788,879192408747.9036,26.482209658549465,3.925488570478538,0.0459515155894939,0.391589933881491,Stable,3,3,2,95.56970122569018,95.0385426845957,95.0385426845957,95.45944551471223,94.45502023170317,1.0044252830090556,0.20706376692819917,3.983180694470093,3.983180694470093,63.83385670234097,95.0385426845957,111.23679589654115,78.84028947265024,92.27417386340744,90.06494770841505,86.02669009278397,52869.0,2022,11,15,1,4,319
2023-02-09,Alibaba,Consumer Goods,109.84766661903244,112.00813309696645,107.96335942130447,109.84766661903244,59540,797001030036.1635,28.05887745490247,1.0183356888634243,0.0320188710841176,0.0723107725054721,Bullish,3,2,1,97.91885803547821,96.8896831764003,96.8896831764003,97.67301799229995,95.59521626039422,2.0778017319057227,-0.013764895843839109,4.044773675661972,4.044773675661972,57.50505155862506,96.8896831764003,115.18053168315393,78.59883466964666,111.38081189375217,92.27417386340744,90.06494770841505,189788.0,2023,2,9,3,1,40
2023-03-22,Alibaba,Consumer Goods,111.09188052691763,112.8431389168413,108.88591546351496,111.09188052691763,88513,882650952333.7804,20.76628555802364,3.2388711647517106,0.0139437692096774,0.411230609568586,Stable,3,2,2,102.93189612230495,98.46770510423556,98.46770510423556,99.73745838224113,96.74311731717374,2.9943410650673883,0.011326721323997813,3.9572234533263355,3.9572234533263355,66.30902321028988,98.46770510423556,118.02227648997874,78.91313371849239,109.84766661903244,111.38081189375217,92.27417386340744,59540.0,2023,3,22,2,1,81
2023-03-27,Alibaba,Aerospace,107.2453489231812,109.78458210101796,104.56167630661032,107.2453489231812,110692,977488919928.471,21.60009471509412,2.396300449572688,0.0371356754201205,0.5317368513250631,Bullish,3,0,1,106.36797636525816,99.34546948613013,99.34546948613013,100.89251846546267,97.52106039910022,3.3714580663624503,-0.03462477712585321,5.222905794407637,5.222905794407637,62.63267286789791,99.34546948613013,118.59938512911673,80.09155384314353,111.09188052691763,109.84766661903244,111.38081189375217,88513.0,2023,3,27,0,1,86
2023-06-10,Alibaba,Automotive,119.57185814393112,121.9749531207908,117.4267481929758,119.57185814393112,53709,405904872902.65765,33.28079204672935,2.6436220954921783,0.0350131983881693,-0.7333463673148497,Bearish,3,1,0,111.82751322136292,101.93533897923878,101.18423209138474,103.7662630313809,99.15445282464326,4.611810206737644,0.11493747136371657,4.548204927815007,4.548204927815007,67.29704130605698,101.18423209138474,123.14802159232842,79.22044259044107,107.2453489231812,111.09188052691763,109.84766661903244,110692.0,2023,6,10,5,2,161
2023-08-16,Alibaba,Healthcare,114.61208020144048,117.47327248867072,112.32479444843248,114.61208020144048,108141,532712743837.4728,26.24070695519255,3.3806269879414512,0.0412653023221298,-0.015815979299804,Bullish,3,5,1,112.47376688290058,104.0217340542954,102.30321943388941,105.43485028831314,100.29946225996157,5.135388028351571,-0.041479475350466366,5.148478040238231,5.148478040238231,67.97607661687017,102.30321943388941,124.63380698385943,79.97263188391939,119.57185814393112,107.2453489231812,111.09188052691763,53709.0,2023,8,16,2,3,228
2023-08-19,Alibaba,Aerospace,114.2681684371859,116.95131861787314,112.81710560176936,114.2681684371859,111813,144398819677.35345,38.97597537870369,2.8474224208612693,0.0358983176298218,-0.2091634595152438,Bullish,3,0,1,113.35786724653126,105.63836264100473,103.22360012645066,106.79382231121664,101.33418123605226,5.4596410751643845,-0.0030006589501745395,4.134213016103786,4.134213016103786,60.99586598651902,103.22360012645066,125.60997494463177,80.83722530826955,114.61208020144048,119.57185814393112,107.2453489231812,108141.0,2023,8,19,5,3,231
2023-11-12,Alibaba,Finance,124.60751781114296,127.41755695769342,120.96428867513374,124.60751781114296,119836,479704046214.1563,27.139043848803976,0.2761126037151423,0.0335237455042178,0.5295524842501784,Bearish,3,4,0,116.06099470337634,109.49644541284064,104.75102281821441,109.53439084966683,103.05813209346638,6.476258756200451,0.09048319856146692,6.4532682825596765,6.4532682825596765,70.2313660511715,104.75102281821441,129.1077245460161,80.39432109041272,114.2681684371859,114.61208020144048,119.57185814393112,111813.0,2023,11,12,6,4,316
2024-02-13,Alibaba,Consumer Goods,116.79376211893184,117.9786881115562,114.15409259449318,116.79376211893184,62910,191134537956.24872,37.581058022128296,4.469926025234804,0.0132962388744779,-0.7255457067662578,Bearish,3,2,0,117.97067734252646,112.16932685389231,105.5538721049289,110.65121719878454,104.07558616942678,6.575631029357751,-0.0627069363828735,3.824595517063017,3.824595517063017,63.71894394582948,105.5538721049289,129.83448195925473,81.27326225060308,124.60751781114296,114.2681684371859,114.61208020144048,119836.0,2024,2,13,1,1,44
2024-03-25,Alibaba,Aerospace,119.36897887927816,121.9770496284386,117.33294463516587,119.36897887927816,114323,239816276865.06836,24.322427762868227,0.2272625021789798,0.0428220855702287,-0.3883729774326721,Bullish,3,0,1,117.93010148959586,114.8788073554794,106.41731627832573,111.99241130347588,105.20843007386021,6.783981229615662,0.022049266276087165,4.644104993272734,4.644104993272734,64.76442574871498,106.41731627832573,130.87051868008598,81.96411387656548,116.79376211893184,124.60751781114296,114.2681684371859,62910.0,2024,3,25,0,1,85
2024-04-28,Alibaba,Healthcare,117.20716043397036,118.8293864203312,115.53500560664904,117.20716043397036,92929,829503072736.1425,16.558497276774187,3.747130029904043,0.0122464803961325,-0.493241202341331,Stable,3,5,2,118.44911753610185,115.4614422095012,107.05201299336365,112.79468040047502,106.09722491534986,6.697455485125161,-0.018110387351927715,3.2943808136821673,3.2943808136821673,61.29506752285232,107.05201299336365,131.30030732586354,82.80371866086374,119.36897887927816,116.79376211893184,124.60751781114296,114323.0,2024,4,28,6,2,119
2024-05-24,Alibaba,Technology,118.69121305946086,121.861981391778,116.26805184592902,118.69121305946086,123340,754499290799.5192,28.20525711496216,1.390645777433062,0.0398545153725296,-0.061880511219762,Bullish,3,6,1,119.33372646055685,116.34579685354404,107.69863521925794,113.70183927108822,107.03011292602474,6.671726345063476,0.012661791480961249,5.5939295458489795,5.5939295458489795,72.07587278638695,107.69863521925794,131.85432593772478,83.5429445007911,117.20716043397036,119.36897887927816,116.79376211893184,92929.0,2024,5,24,4,2,145
2024-06-17,Alibaba,Healthcare,112.28623471657264,115.4920146929652,110.49753328691796,112.28623471657264,181994,482153211688.32745,32.192480361452894,0.8859625050559555,0.0384400384779924,-0.1380325423035937,Stable,3,5,2,116.86946984164278,116.46523227250955,107.94008782437976,113.48405395500889,107.41945528088014,6.064598674128746,-0.0539633741857497,4.9944814060472424,4.9944814060472424,64.55241757242493,107.94008782437976,131.50938190782813,84.37079374093138,118.69121305946086,117.20716043397036,119.36897887927816,123340.0,2024,6,17,0,2,169
2024-08-30,Alibaba,Technology,126.24802727734586,129.36287372442334,123.51126936598634,126.24802727734586,118244,83535045795.80942,38.60587246550609,2.8721837793610288,0.0146223350672252,-0.9629375328113334,Stable,3,6,2,118.76032287332558,118.36550010792602,108.85548479702807,115.44774215844535,108.81416431765538,6.633577840789968,0.1243410877211697,5.851604358437001,5.851604358437001,69.28104490172339,108.85548479702807,133.21344651638182,84.49752307767432,112.28623471657264,118.69121305946086,117.20716043397036,181994.0,2024,8,30,4,3,243
2024-09-16,Alibaba,Technology,121.62893449038594,123.22979588598596,119.1690607794991,121.62893449038594,177738,114842678079.60284,36.31249791521721,0.6979943367990005,0.0361890139399377,-0.9311935830930836,Stable,3,6,2,119.21231399554713,118.5712077425715,110.25327336090515,116.39869482489775,109.76340655267246,6.6352882722252815,-0.036587445258154716,4.0607351064868595,4.0607351064868595,56.96070192339674,110.25327336090515,134.146922778466,86.3596239433443,126.24802727734586,112.28623471657264,118.69121305946086,118244.0,2024,9,16,0,3,260
2022-05-05,Amazon,Automotive,93.21175341406222,95.83889382961904,91.58082007864864,93.21175341406222,125450,915598163614.622,12.102772865121576,3.823595707381396,0.0225482604820826,-0.787748829018009,Bearish,4,1,0,93.21175341406222,93.21175341406222,93.21175341406222,93.21175341406222,93.21175341406222,0.0,0.0,4.2580737509703965,4.2580737509703965,58.17224213167028,93.21175341406222,99.79187983219575,90.0691360322642,93.21175341406222,93.21175341406222,93.21175341406222,125450.0,2022,5,5,3,2,125
2022-06-03,Amazon,Technology,96.64926245039774,98.76908597883627,95.26973302912012,96.64926245039774,123530,315281960252.6015,37.29180703307264,4.39670510088264,0.0403634773022255,-0.005492226818244,Stable,4,6,2,94.93050793222997,94.93050793222997,94.93050793222997,93.74060095811383,93.46638371305002,0.2742172450638094,0.03687849343489491,3.4993529497161546,3.4993529497161546,59.40740183446718,94.93050793222997,99.79187983219575,90.0691360322642,93.21175341406222,93.21175341406222,93.21175341406222,125450.0,2022,6,3,4,2,154
2023-04-17,Amazon,Finance,108.27077287511068,109.393858210314,105.35486248676624,108.27077287511068,169180,597878386769.2982,28.63970726414812,4.646442011310297,0.0229239880666534,-0.8855266129663812,Bearish,4,4,0,99.37726291319022,99.37726291319022,99.37726291319022,95.9760120222672,94.56300513246191,1.4130068898052883,0.12024417083034988,4.038995723547757,4.038995723547757,67.9420263218606,99.37726291319022,115.16016590038572,83.59435992599472,96.64926245039774,93.21175341406222,93.21175341406222,123530.0,2023,4,17,0,2,107
2023-05-30,Amazon,Automotive,118.48209424190117,120.48553439842377,115.93978255059328,118.48209424190117,182396,598125841690.6085,30.934343759610247,2.923340450829124,0.0266049975813888,-0.8060424749678092,Stable,4,1,2,104.15347074536795,104.15347074536795,104.15347074536795,99.4384862099032,96.33478951093889,3.1036966989643133,0.09431281495117005,4.545751847830488,4.545751847830488,67.09371943569536,104.15347074536795,127.19823727851626,81.10870421221965,108.27077287511068,96.64926245039774,93.21175341406222,169180.0,2023,5,30,1,2,150
2023-06-08,Amazon,Consumer Goods,118.86794290923878,121.3777322107203,117.20571616785006,118.86794290923878,54748,236556301865.25064,18.977906193814185,3.74116415665948,0.0317199253042107,-0.818881064798159,Stable,4,2,2,107.09636517814211,107.09636517814211,107.09636517814211,102.42763339441638,98.00391198488704,4.423721409529335,0.003256598980685199,4.17201604287024,4.17201604287024,71.67792950241103,107.09636517814211,131.00260915904693,83.19012119723729,118.48209424190117,108.27077287511068,96.64926245039774,182396.0,2023,6,8,3,2,159
2023-08-23,Amazon,Finance,114.97125055192458,117.770154895627,113.01138163850212,114.97125055192458,162816,189160734681.83585,23.629013590214164,3.092635293590928,0.0484646322818466,-0.3806622591974149,Stable,4,4,2,111.44826460571457,108.40884607377252,108.40884607377252,104.35742064941765,99.26075187874167,5.096668770675976,-0.03278169254001051,4.758773257124886,4.758773257124886,68.45088002338808,108.40884607377252,130.73706470968511,86.08062743785995,118.86794290923878,118.48209424190117,108.27077287511068,54748.0,2023,8,23,2,3,235
2023-12-27,Amazon,Energy,126.63088048108754,129.91890953423712,123.739916806604,126.63088048108754,100428,809720445792.6733,35.21902683999507,2.7361876021032154,0.0100371766747984,-0.8500799130599739,Stable,4,3,2,117.44458821185256,111.0119938462461,111.0119938462461,107.78410677736687,101.28816881224877,6.495937965118102,0.101413439213633,6.178992727633116,6.178992727633116,68.97003767603717,111.0119938462461,135.61273331996145,86.41125437253073,114.97125055192458,118.86794290923878,118.48209424190117,162816.0,2023,12,27,2,4,361
2024-06-22,Amazon,Finance,116.7052676258644,119.67070518586348,114.17704550359448,116.7052676258644,116656,134669932543.20924,34.65180536617536,2.311955884562704,0.0193054655354709,-0.6331527130040879,Bullish,4,4,1,119.13148716200328,111.72365306869838,111.72365306869838,109.1565930617511,102.43017613177585,6.726416929975244,-0.07838224623815637,5.493659682268998,5.493659682268998,67.2012024901147,111.72365306869838,134.85256224585345,88.59474389154332,126.63088048108754,114.97125055192458,118.86794290923878,100428.0,2024,6,22,5,2,174
2022-01-21,Apple,Consumer Goods,99.34127697906295,101.27902211401388,97.71058395960613,99.34127697906295,135305,528120082414.64105,6.885037244930914,1.1244510840795623,0.0275270686666542,0.8481459776913662,Stable,5,2,2,99.34127697906295,99.34127697906295,99.34127697906295,99.34127697906295,99.34127697906295,0.0,0.0,3.568438154407758,3.568438154407758,66.14235628300978,99.34127697906295,105.338203692777,86.78469400937806,99.34127697906295,99.34127697906295,99.34127697906295,135305.0,2022,1,21,4,1,21
2022-04-23,Apple,Consumer Goods,92.78162072309212,94.02166646490842,90.8358188067926,92.78162072309212,169176,838268856215.1176,31.83059833900752,4.017590542174672,0.0205806321595535,-0.2250670723564867,Bearish,5,2,0,96.06144885107753,96.06144885107753,96.06144885107753,98.33209909352898,98.8553765156577,-0.5232774221287144,-0.06603152743197915,3.1858476581158186,3.1858476581158186,62.68635873301427,96.06144885107753,105.338203692777,86.78469400937806,99.34127697906295,99.34127697906295,99.34127697906295,135305.0,2022,4,23,5,2,113
2022-05-02,Apple,Automotive,90.57720671581042,91.68412344647663,87.96074427570686,90.57720671581042,199213,69181455648.73749,31.15268557097132,3.325730971192027,0.0392462937781966,-0.030620966127385,Stable,5,1,2,94.23336813932183,94.23336813932183,94.23336813932183,97.13903872772612,98.24217875270604,-1.103140024979922,-0.023759166849012026,3.7233791707697748,3.7233791707697748,60.406154688351144,94.23336813932183,103.35102349916166,85.115712779482,92.78162072309212,99.34127697906295,99.34127697906295,169176.0,2022,5,2,0,2,122
2022-06-06,Apple,Healthcare,99.6615952314518,102.28402176322456,97.3059205559958,99.6615952314518,118840,790223545233.0642,14.89609913525667,3.1251459304260285,0.0377522222786964,0.6842137249670233,Stable,5,5,2,95.59042491235432,95.59042491235432,95.59042491235432,97.52712434368391,98.34732071409461,-0.8201963704106987,0.10029442113559539,4.978101207228761,4.978101207228761,68.93199192820171,95.59042491235432,104.80382505585607,86.37702476885258,90.57720671581042,92.78162072309212,99.34127697906295,199213.0,2022,6,6,0,2,157
2022-08-02,Apple,Aerospace,86.06393726891878,88.08217516181384,85.16434374155818,86.06393726891878,197718,10475948194.869576,12.563165861485762,3.448894246240606,0.0341276866245867,0.0133715817080055,Bullish,5,0,1,93.68512738366721,93.68512738366721,93.68512738366721,95.76355710141235,97.43744045889639,-1.6738833574840442,-0.1364382933160374,2.917831420255652,2.917831420255652,53.209213137768856,93.68512738366721,105.35852577957714,82.01172898775728,99.6615952314518,90.57720671581042,92.78162072309212,118840.0,2022,8,2,1,3,214
2022-10-19,Apple,Finance,107.79838344196688,109.64468222563944,105.2373704121876,107.79838344196688,146752,962159850619.4578,8.256067026100952,1.416523812124653,0.0230329384308193,0.8124670388702773,Bullish,5,4,1,95.37654867624799,96.03733672671716,96.03733672671716,97.61506884611305,98.2049177169016,-0.5898488707885576,0.25253836697170606,4.407311813451841,4.407311813451841,65.3139487386425,96.03733672671716,111.58738222930205,80.48729122413226,86.06393726891878,99.6615952314518,90.57720671581042,197718.0,2022,10,19,2,4,292
2023-01-03,Apple,Consumer Goods,111.0743985664,113.055835190647,109.27225536115272,111.0743985664,180798,469070877351.8157,39.047171301223,0.0662551675195527,0.0360760346224984,0.7010084566571941,Stable,5,2,2,99.03510424490958,98.18548841810043,98.18548841810043,99.68573495692642,99.15821259464224,0.5275223622841878,0.030390206418974497,3.783579829494286,3.783579829494286,66.37006047752612,98.18548841810043,116.37094474748028,80.00003208872059,107.79838344196688,86.06393726891878,99.6615952314518,146752.0,2023,1,3,1,1,3
2023-01-24,Apple,Finance,113.66879851500316,116.06522940803929,110.47481089473666,113.66879851500316,171172,321421997697.68933,30.558615148155106,0.5920751958796594,0.0380172719662601,-0.3221104493031026,Bearish,5,4,0,103.65342260474813,100.12090218021326,100.12090218021326,101.83697550432285,100.23307081096527,1.6039046933575776,0.023357317096362573,5.590418513302623,5.590418513302623,66.10445594013316,100.12090218021326,120.20405095117356,80.03775340925297,111.0743985664,107.79838344196688,86.06393726891878,180798.0,2023,1,24,1,1,24
2023-02-27,Apple,Technology,108.14113230442524,109.5516703025792,104.94217060270653,108.14113230442524,132986,150431062024.8982,10.97036690449815,3.0566830110832344,0.0345591782509357,0.6454058434344128,Bearish,5,6,0,105.34933001934283,101.01203886068126,101.01203886068126,102.80684578126169,100.81885314381415,1.9879926374475332,-0.04862958246055815,4.609499699872671,4.609499699872671,58.560865994755716,101.01203886068126,120.54418522212544,81.47989249923708,113.66879851500316,111.0743985664,107.79838344196688,171172.0,2023,2,27,0,1,58
2023-04-20,Apple,Energy,109.31746738288534,112.10719853610524,107.15459796128782,109.31746738288534,129459,41713351986.380295,37.52993430655899,4.21162752374967,0.0257654418713051,0.0946094882293686,Stable,5,3,2,110.00003604213612,101.84258171290166,101.84258171290166,103.80847987381917,101.44838012448609,2.3600997493330738,0.010877776599829136,4.952600574817424,4.952600574817424,54.47452331174573,101.84258171290166,120.99218700751052,82.6929764182928,108.14113230442524,113.66879851500316,111.0743985664,132986.0,2023,4,20,3,2,110
2023-11-16,Apple,Energy,118.49507031415234,120.8657624514912,117.15379259746024,118.49507031415234,187326,523561639857.2029,30.65679164509977,2.649406305442631,0.0344658567755997,0.6474927759016009,Stable,5,3,2,112.13937341657322,103.7579610464106,103.35644431301536,106.06795532617812,102.71109791631322,3.356857409864901,0.08395367319590719,3.7119698540309543,3.7119698540309543,58.46048883098072,103.35644431301536,124.11397218640127,82.59891643962945,109.31746738288534,108.14113230442524,113.66879851500316,129459.0,2023,11,16,3,4,320
2024-01-27,Apple,Healthcare,116.3439587166984,119.1172424006396,113.52407231713173,116.3439587166984,100448,265630551789.49667,10.551845058423227,4.661613791144388,0.0259312219635621,0.4990911284421704,Stable,5,5,2,113.1932854466329,106.11419484577122,104.43873717998895,107.6488789247197,103.7209394570825,3.927939467637202,-0.018153595687575463,5.5931700835078715,5.5931700835078715,59.494730285698445,104.43873717998895,125.60308666184626,83.27438769813163,118.49507031415234,109.31746738288534,108.14113230442524,187326.0,2024,1,27,5,1,27
2024-03-12,Apple,Consumer Goods,118.946845090539,120.18275650529608,116.50020394564795,118.946845090539,181189,93836215235.01054,27.201890889892148,0.0321760574839785,0.0421297961865922,0.0827252767922639,Stable,5,2,2,114.24889476174008,108.9511586832441,105.55474548080049,109.38702756561497,104.84878431882002,4.5382432467949485,0.022372338044459372,3.68255255964813,3.68255255964813,55.40102575717172,105.55474548080049,127.35765561538234,83.75183534621864,116.3439587166984,118.49507031415234,109.31746738288534,100448.0,2024,3,12,1,1,72
2022-01-17,AstraZeneca,Aerospace,97.12519710325928,98.15923714460824,96.03566455346451,97.12519710325928,109735,836728248479.0405,39.24390475802085,1.1434720470018238,0.0372541205296539,0.0622189926750551,Bearish,6,0,0,97.12519710325928,97.12519710325928,97.12519710325928,97.12519710325928,97.12519710325928,0.0,0.0,2.123572591143727,2.123572591143727,62.30167492798933,97.12519710325928,102.98135267408728,84.86336586554799,97.12519710325928,97.12519710325928,97.12519710325928,109735.0,2022,1,17,0,1,17
2022-08-31,AstraZeneca,Energy,90.719521436376,93.13878903602424,89.27773910842915,90.719521436376,88360,884314779153.3715,14.88508145402791,3.126023847652211,0.0360894141252976,-0.7715257228172083,Bearish,6,3,0,93.92235926981763,93.92235926981763,93.92235926981763,96.13970853912339,96.65070260941607,-0.5109940702926821,-0.06595276877608858,3.86104992759509,3.86104992759509,57.666132286387466,93.92235926981763,102.98135267408728,84.86336586554799,97.12519710325928,97.12519710325928,97.12519710325928,109735.0,2022,8,31,2,3,243
2023-01-19,AstraZeneca,Finance,117.53673702140114,119.495103882842,115.38320500314217,117.53673702140114,59435,857502732000.4061,24.850977297178492,3.662069324063343,0.0154275327116911,0.907890424987552,Bearish,6,4,0,101.79381852034548,101.79381852034548,101.79381852034548,99.43155907485843,98.19781626956312,1.2337428052953072,0.2956057876014344,4.111898879699837,4.111898879699837,71.89790560844497,101.79381852034548,129.80365839032586,73.78397865036509,90.719521436376,97.12519710325928,97.12519710325928,88360.0,2023,1,19,3,1,19
2023-02-20,AstraZeneca,Energy,111.31371269331304,113.29882711668098,108.3580897737814,111.31371269331304,141680,226314602301.2917,29.305765964574807,2.5614237862174254,0.014253491893929,-0.7776982404333763,Bullish,6,3,1,104.17379206358737,104.17379206358737,104.17379206358737,101.25958270846684,99.16936415280385,2.090218555662986,-0.0529453555185474,4.940737342899581,4.940737342899581,69.28004036101831,104.17379206358737,128.94600374171165,79.40158038546309,117.53673702140114,90.719521436376,97.12519710325928,59435.0,2023,2,20,0,1,51
2023-04-08,AstraZeneca,Aerospace,102.95417274230854,106.04139006371967,100.5912425761298,102.95417274230854,111476,299537050450.9765,6.553572025979905,2.231934451315974,0.0300996350730772,0.1368639086610066,Stable,6,0,2,103.9298681993316,103.9298681993316,103.9298681993316,101.52028886751941,99.44972034461902,2.0705685229003876,-0.07509892311324085,5.450147487589874,5.450147487589874,61.4526660837463,103.9298681993316,125.41094895893066,82.44878743973253,111.31371269331304,117.53673702140114,90.719521436376,141680.0,2023,4,8,5,2,98
2023-04-12,AstraZeneca,Technology,106.23709252571577,107.92405548986667,103.38281499052684,106.23709252571577,118450,783639303215.6731,33.63723340618866,3.533171317337982,0.046631529578165,0.0193129016075213,Stable,6,6,2,105.75224728382291,104.3144055870623,104.3144055870623,102.24595096878039,99.95248865432988,2.293462314450508,0.03188719501077708,4.541240499339835,4.541240499339835,71.13928027835735,104.3144055870623,123.61980173792747,85.00900943619712,102.95417274230854,111.31371269331304,117.53673702140114,111476.0,2023,4,12,2,2,102
2023-04-15,AstraZeneca,Finance,107.62927993036196,109.37864893133856,105.12629625408748,107.62927993036196,64397,661159298180.9514,25.11728439925453,0.226596394804473,0.0178078865828753,-0.0251873937983848,Bearish,6,4,0,109.13419898262009,104.78795906467654,104.78795906467654,103.07415542440832,100.52113985996188,2.55301556444644,0.013104532245262757,4.252352677251082,4.252352677251082,63.70647043989117,104.78795906467654,122.58854936043251,86.98736876892058,106.23709252571577,102.95417274230854,111.31371269331304,118450.0,2023,4,15,5,2,105
2023-04-24,AstraZeneca,Finance,110.85003705226168,112.2800751009836,108.51320144705666,110.85003705226168,104098,593685369661.8685,35.87904946331967,0.5183929036713825,0.0269062413515583,-0.3513422417260667,Stable,6,4,2,107.7968589887922,105.54571881312468,105.54571881312468,104.27044490561653,101.28624335568779,2.9842015499287413,0.029924543990107688,3.766873653926936,3.766873653926936,63.68106217485766,105.54571881312468,122.57421112374776,88.5172265025016,107.62927993036196,106.23709252571577,102.95417274230854,64397.0,2023,4,24,0,2,114
2023-05-26,AstraZeneca,Automotive,118.26266983425876,121.77759598952792,116.88573147369556,118.26266983425876,104693,588470319711.9891,9.050816233754688,4.343198199117128,0.0105826861900511,0.7343547089027045,Stable,6,1,2,109.18665041698134,106.95871337102847,106.95871337102847,106.42309489463841,102.54375642817453,3.879338466463878,0.06687081916357229,4.891864515832367,4.891864515832367,65.77054311702696,106.95871337102847,125.00308332179972,88.91434342025721,110.85003705226168,107.62927993036196,106.23709252571577,104098.0,2023,5,26,4,2,146
2023-07-10,AstraZeneca,Healthcare,115.21553641410902,117.87416833649792,113.09307389851908,115.21553641410902,160133,449984401378.524,16.891908950289128,0.4716371314552181,0.028062623464223,-0.7371752342894631,Stable,6,5,2,111.63892315134144,107.78439567533651,107.78439567533651,107.7757782053262,103.48240679750302,4.293371407823187,-0.025765809485107982,4.781094437978837,4.781094437978837,67.77802376315583,107.78439567533651,125.58022774578198,89.98856360489104,118.26266983425876,110.85003705226168,107.62927993036196,104693.0,2023,7,10,0,3,191
2023-10-28,AstraZeneca,Healthcare,117.58240212131308,119.41331992436496,114.13695626057456,117.58240212131308,144456,246823589139.20023,5.110874700324561,3.094957823492941,0.0136523521017868,0.3049519110144643,Stable,6,5,2,113.90798507046091,109.83011617714189,108.67512353406165,109.2844895770165,104.52685089556302,4.757638681453486,0.02054293874653368,5.2763636637903915,5.2763636637903915,68.2432366874784,108.67512353406165,126.56176392227167,90.78848314585164,115.21553641410902,118.26266983425876,110.85003705226168,160133.0,2023,10,28,5,4,301
2024-02-27,AstraZeneca,Finance,117.51889417014272,119.45809140770332,115.739025224871,117.51889417014272,166421,423266424282.7933,24.76201678490421,0.2675723145652164,0.0192511971326382,0.1650675548814719,Bearish,6,4,0,115.88590791841705,112.51005345051855,109.41210442040175,110.55132105288207,105.48922447145782,5.062096581424257,-0.0005401144220955612,3.7190661828323215,3.7190661828323215,64.21047226569509,109.41210442040175,127.21429376568383,91.60991507511966,117.58240212131308,115.21553641410902,118.26266983425876,144456.0,2024,2,27,1,1,58
2024-03-09,AstraZeneca,Technology,117.30326411014,118.93543991281912,113.82718924462522,117.30326411014,172177,768831204983.72,38.03938068771234,4.622612343659499,0.0448500650959461,-0.7810180548910757,Bearish,6,6,0,117.17655332999273,112.48670615939245,110.01911670422777,111.59008152322946,106.3643385187676,5.225743004461862,-0.0018348543995871935,5.108250668193904,5.108250668193904,65.95081990764555,110.01911670422777,127.61650969739726,92.42172371105828,117.51889417014272,117.58240212131308,115.21553641410902,166421.0,2024,3,9,5,1,69
2024-07-15,AstraZeneca,Energy,121.78637722113876,124.54871620967772,120.24398685939973,121.78637722113876,151195,810875242058.28,17.39937176943663,3.1611907543393047,0.0206830002982532,0.7513702551722119,Bullish,6,3,1,117.88129480736873,113.53397261217503,110.85963531257856,113.15874239983089,107.50671175598028,5.652030643850608,0.03821814461010575,4.304729350277995,4.304729350277995,66.82433609777165,110.85963531257856,128.89875979335628,92.82051083180086,117.30326411014,117.51889417014272,117.58240212131308,172177.0,2024,7,15,0,3,197
2024-09-04,AstraZeneca,Aerospace,126.3160298379228,128.53638039645517,124.16929072888428,126.3160298379228,147945,976014858749.1936,32.45473003011962,0.3821993051972383,0.0492317522165833,-0.5125835761913147,Stable,6,0,2,120.10139349213148,115.87015832173645,111.89006161426818,115.18294046722963,108.8999945768649,6.282945890364729,0.037193426064059176,4.367089667570895,4.367089667570895,68.7553886789,111.89006161426818,131.0178722976095,92.76225093092684,121.78637722113876,117.30326411014,117.51889417014272,151195.0,2024,9,4,2,3,248
2024-09-06,AstraZeneca,Technology,125.82468011152804,127.33979780776538,122.92575536085585,125.82468011152804,90738,11417271698.005665,24.31966057422524,3.969646929299824,0.0301483354833628,-0.033730708869001,Bearish,6,6,0,121.74984909017446,117.82891708031768,112.76097527034692,116.82013118173708,110.15367498683995,6.666456194897137,-0.0038898445987038954,4.414042446909534,4.414042446909534,74.41061132110659,112.76097527034692,132.51002580283097,93.01192473786288,126.3160298379228,121.78637722113876,117.30326411014,147945.0,2024,9,6,4,3,250
2022-03-13,BMW,Finance,95.53561992983464,97.1414611218706,93.95344284579186,95.53561992983464,189643,345846952736.3943,9.364991991898666,0.9555935474800132,0.0385138398344382,0.7532276540317833,Bullish,7,4,1,95.53561992983464,95.53561992983464,95.53561992983464,95.53561992983464,95.53561992983464,0.0,0.0,3.1880182760787505,3.1880182760787505,59.190788432600726,95.53561992983464,96.08637480046714,95.27258367193086,95.53561992983464,95.53561992983464,95.53561992983464,189643.0,2022,3,13,6,1,72
2022-03-18,BMW,Aerospace,95.82333854256336,97.41459563534848,94.83490301455564,95.82333854256336,90774,974572717933.671,9.82380147057324,3.7953446962918784,0.0442876662823835,0.7804732435915418,Bullish,7,0,1,95.679479236199,95.679479236199,95.679479236199,95.57988433179291,95.5569324196664,0.022951912126515595,0.0030116370516048985,2.579692620792841,2.579692620792841,68.89853001221677,95.679479236199,96.08637480046714,95.27258367193086,95.53561992983464,95.53561992983464,95.53561992983464,189643.0,2022,3,18,4,1,77
2022-08-15,BMW,Aerospace,86.85897290823641,88.78369713298389,85.46101966253364,86.85897290823641,57400,467843455771.1149,35.52474950078668,1.8662990723137949,0.0137308578711267,0.704424782403348,Bearish,7,0,0,92.73931046021147,92.73931046021147,92.73931046021147,94.23820565124575,94.91263912252343,-0.6744334712776805,-0.0935509633735534,3.3226774704502446,3.3226774704502446,67.85039442805336,92.73931046021147,102.92841695566113,82.5502039647618,95.82333854256336,95.53561992983464,95.53561992983464,90774.0,2022,8,15,0,3,227
2022-09-01,BMW,Healthcare,90.75822180928992,92.29753019379672,88.96704611758018,90.75822180928992,183272,601197647995.7559,18.675492796476465,1.8677740052384093,0.0200432041466067,-0.489293299542197,Bullish,7,5,1,92.24403829748108,92.24403829748108,92.24403829748108,93.70282352171408,94.60490450672835,-0.9020809850142655,0.04489172241505712,3.3304840762165355,3.3304840762165355,68.3411721070835,92.24403829748108,100.79603453772931,83.69204205723285,86.85897290823641,95.82333854256336,95.53561992983464,57400.0,2022,9,1,3,3,244
2022-09-04,BMW,Healthcare,93.19221001744138,95.10788281108633,91.76641244196436,93.19221001744138,127505,743609470070.7305,20.80938867310889,1.92806756432824,0.0148802965430755,0.9623631175876844,Bullish,7,5,1,92.43367264147314,92.43367264147314,92.43367264147314,93.62426759797982,94.50026047048486,-0.8759928725050372,0.026818376998020144,3.3414703691219643,3.3414703691219643,69.13753634124538,92.43367264147314,99.88831572201971,84.97902956092656,90.75822180928992,86.85897290823641,95.82333854256336,183272.0,2022,9,4,6,3,247
2022-09-11,BMW,Technology,95.21307372709704,97.40450295473632,93.8851925212426,95.21307372709704,73328,47898411790.66519,17.483484094961767,3.697041149156559,0.0150554568962266,0.0950357681199889,Stable,7,6,2,92.36916340092561,92.89690615574379,92.89690615574379,93.8686993101517,94.55306145245613,-0.6843621423044368,0.021684899513354727,3.5193104334937146,3.5193104334937146,68.21671870733078,92.89690615574379,99.94015893386539,85.8536533776222,93.19221001744138,90.75822180928992,86.85897290823641,127505.0,2022,9,11,6,3,254
2022-12-26,BMW,Healthcare,108.82174263908352,110.03129543461374,105.82043847110272,108.82174263908352,58308,384228648145.2162,33.08240152057425,4.144356381264793,0.0193016532648341,0.909107684835,Bearish,7,5,0,94.96884422022966,95.1718827962209,95.1718827962209,96.16916751460275,95.61000079961372,0.5591667149890327,0.1429285746093243,4.21085696351102,4.21085696351102,72.45980038933679,95.1718827962209,108.81937458381664,81.52439100862516,95.21307372709704,93.19221001744138,90.75822180928992,73328.0,2022,12,26,0,4,360
2023-01-09,BMW,Aerospace,115.45054776519564,116.92077678572733,112.1771764078132,115.45054776519564,184415,299076056559.0026,24.571468239026427,2.446882244853352,0.0218266015708647,-0.0215454905001615,Bullish,7,0,1,100.6871591916215,97.70671591734273,97.70671591734273,99.13553370700166,97.07967094521237,2.0558627617892853,0.0609143445542597,4.74360037791412,4.74360037791412,80.52787024983752,97.70671591734273,116.81845157070762,78.59498026397785,108.82174263908352,95.21307372709704,93.19221001744138,58308.0,2023,1,9,0,1,9
2023-03-11,BMW,Technology,113.97553527942914,116.94474508019684,111.50543963060804,113.97553527942914,75351,146776151961.11032,21.55139964838167,4.37085341078513,0.0144483498935287,-0.9809132938655468,Bullish,7,6,1,105.33062188564934,99.51436251313012,99.51436251313012,101.4186108719905,98.33121645145066,3.0873944205398374,-0.012776141077878611,5.439305449588801,5.439305449588801,77.17021105352765,99.51436251313012,120.42450929580498,78.60421573045527,115.45054776519564,108.82174263908352,95.21307372709704,184415.0,2023,3,11,5,1,70
2023-03-30,BMW,Finance,104.641486767056,105.85362530634396,101.52461867888384,104.641486767056,68888,821619287281.8566,34.89475991776765,4.239639418816743,0.016883441298105,-0.9611038992638375,Bullish,7,4,1,107.62047723557228,100.0270749385227,100.0270749385227,101.9144379327698,98.79864388223623,3.115794050533566,-0.08189519346839869,4.329006627460117,4.329006627460117,64.91426873350767,100.0270749385227,120.00625454296414,80.04789533408126,113.97553527942914,115.45054776519564,108.82174263908352,75351.0,2023,3,30,3,1,89
2023-09-12,BMW,Aerospace,122.4908725475958,125.69132097215883,120.87895199470758,122.4908725475958,100612,667304545473.9164,30.710227309249465,2.7734385489004314,0.0347444115637575,-0.1112087630978388,Stable,7,0,2,113.07603699967203,102.72260020029883,102.06923835752936,105.08004325812766,100.55362378337398,4.526419474753681,0.17057656893077788,4.812368977451257,4.812368977451257,73.33800312204535,102.06923835752936,125.36623041265845,78.77224630240026,104.641486767056,113.97553527942914,115.45054776519564,68888.0,2023,9,12,1,3,255
2024-01-22,BMW,Energy,119.60458726153762,122.77214730784112,118.35669394004462,119.60458726153762,96271,818888350062.1135,24.715112583383515,3.6811990506691656,0.024678456280288,-0.3235380653654303,Stable,7,3,2,115.23260592416284,105.10072507219624,103.53051743286336,107.3145884894215,101.96480626323795,5.3497822261835495,-0.023563268234020218,4.415453367796502,4.415453367796502,68.88690990046607,103.53051743286336,127.94168492045594,79.11934994527078,122.4908725475958,104.641486767056,113.97553527942914,100612.0,2024,1,22,0,1,22
2024-03-30,BMW,Healthcare,122.08581278106176,125.08205366167304,120.81997587078304,122.08581278106176,128477,873463325062.124,30.567372633557657,3.867763709324436,0.0223149650109747,-0.3133980616085181,Stable,7,5,2,116.55965892733607,108.62340905947879,104.95784784426324,109.58708453428923,103.45525119048416,6.13183334380507,0.020745237087758994,4.262077790890004,4.262077790890004,68.00614641711354,104.95784784426324,130.49575083772865,79.41994485079783,119.60458726153762,122.4908725475958,104.641486767056,96271.0,2024,3,30,5,1,90
2024-04-24,BMW,Aerospace,117.14688944703325,119.6350456634796,115.32696439226424,117.14688944703325,156288,314413963502.902,29.82840384805868,4.1753297272751,0.0333051458416146,0.9521720483991434,Stable,7,0,2,117.19392976085689,111.26227582325312,105.82849367303254,110.75013144394217,104.4694466168952,6.280684827046969,-0.040454523105690865,4.308081271215357,4.308081271215357,64.06827255740623,105.82849367303254,131.21482473085763,80.44216261520744,122.08581278106176,119.60458726153762,122.4908725475958,128477.0,2024,4,24,2,2,115
2022-01-31,BP,Technology,98.02880048148457,99.08007557454596,95.14942320646266,98.02880048148457,134654,897532979409.0653,22.09379455227289,4.229247752299838,0.0322531202902831,-0.1480049610631437,Bullish,8,6,1,98.02880048148457,98.02880048148457,98.02880048148457,98.02880048148457,98.02880048148457,0.0,0.0,3.930652368083301,3.930652368083301,64.06827255740623,98.02880048148457,99.11122722547371,95.76237604971296,98.02880048148457,98.02880048148457,98.02880048148457,134654.0,2022,1,31,0,1,31
2022-02-08,BP,Finance,96.84480279370209,99.11523363565428,94.29847009440722,96.84480279370209,119092,254634675479.261,10.304928005568575,1.478473370208021,0.0227077879018864,0.4253312379730889,Bearish,8,4,0,97.43680163759333,97.43680163759333,97.43680163759333,97.84664699105649,97.94109694905623,-0.09444995799974265,-0.012078059529108565,4.816763541247056,4.816763541247056,62.95901171180325,97.43680163759333,99.11122722547371,95.76237604971296,98.02880048148457,98.02880048148457,98.02880048148457,134654.0,2022,2,8,1,1,39
2022-02-20,BP,Healthcare,94.9757582486108,97.29692201879378,92.75999727464064,94.9757582486108,160510,807043298813.6234,35.793577007967855,3.8695311088533257,0.0117220961086267,0.4505741687091105,Bullish,8,5,1,96.61645384126582,96.61645384126582,96.61645384126582,97.404971799911,97.72144223050472,-0.3164704305937249,-0.019299378915280663,4.53692474415314,4.53692474415314,69.28556006788905,96.61645384126582,99.69500814612178,93.53789953640987,96.84480279370209,98.02880048148457,98.02880048148457,119092.0,2022,2,20,6,1,51
2022-03-06,BP,Aerospace,94.6245971249326,95.94561506704665,92.90302213336064,94.6245971249326,105591,910713379536.7635,31.23409195641109,3.6156413694127703,0.0318988595944927,0.1408189828072832,Bearish,8,0,0,96.11848966218251,96.11848966218251,96.11848966218251,96.97722184991433,97.49204629675863,-0.5148244468443011,-0.0036973763637557777,3.0425929336860094,3.0425929336860094,67.13687812426366,96.11848966218251,99.325641708838,92.91133761552702,94.9757582486108,96.84480279370209,98.02880048148457,160510.0,2022,3,6,6,1,65
2022-04-11,BP,Healthcare,96.2502630854254,98.94165882376778,93.37000802469692,96.2502630854254,127373,405842839939.6611,31.10738230847861,4.746043134352561,0.0389693019044779,0.5926013268302643,Bullish,8,5,1,96.14484434683109,96.14484434683109,96.14484434683109,96.86538203999295,97.40006235517839,-0.5346803151854402,0.01718016255695587,5.571650799070866,5.571650799070866,66.73593088772287,96.14484434683109,98.92481909057129,93.3648696030909,94.6245971249326,94.9757582486108,96.84480279370209,105591.0,2022,4,11,0,2,101
2022-08-01,BP,Automotive,87.65771181478219,88.9040770857757,85.15829513449654,87.65771181478219,80306,70959676041.72356,28.24657700768961,2.7480313426537832,0.013981860512351,-0.2288928711973723,Bullish,8,1,1,94.07062661349062,94.73032225815628,94.73032225815628,95.44881738996052,96.6784067595935,-1.2295893696329756,-0.08927301593988402,3.745781951279156,3.745781951279156,57.93873167835119,94.73032225815628,102.09262851401402,87.36801600229853,96.2502630854254,94.6245971249326,94.9757582486108,127373.0,2022,8,1,0,3,213
2022-11-27,BP,Consumer Goods,108.8032601051329,111.07273592880752,105.6904179207691,108.8032601051329,174862,560284467996.5206,28.858431884056703,4.620134352128664,0.0490717749131034,0.6171410682947807,Stable,8,2,2,96.46231807577678,96.74074195058151,96.74074195058151,97.50334703844858,97.57654404444827,-0.07319700599968826,0.24122861357629954,5.382318008038425,5.382318008038425,61.883532294288116,96.74074195058151,109.32405126684992,84.1574326343131,87.65771181478219,96.2502630854254,94.6245971249326,80306.0,2022,11,27,6,4,331
2023-01-20,BP,Healthcare,116.37059888414116,118.52705244095677,113.36771472826976,116.37059888414116,128832,964555951797.9384,14.93399564582321,4.408312411663563,0.0457454101338453,0.731142440189529,Stable,8,5,2,100.74128620288286,99.19447406727646,99.19447406727646,100.40600116855514,98.96869625479589,1.4373049137592488,0.06955066210053062,5.159337712687005,5.159337712687005,62.32355080221044,99.19447406727646,117.31588023868991,81.073067895863,108.8032601051329,87.65771181478219,96.2502630854254,174862.0,2023,1,20,4,1,20
2023-04-18,BP,Automotive,108.72614247340906,111.56311565463226,106.38012774133644,108.72614247340906,116234,784048720865.4431,6.569874880824903,1.896132685902245,0.0495099815639675,0.861997239425168,Bearish,8,1,0,103.56159527257815,100.25354833462454,100.25354833462454,101.68602290776343,99.69147004876723,1.994552858996201,-0.06569061673681809,5.182987913295818,5.182987913295818,57.92772060512464,100.25354833462454,118.35648097994454,82.15061568930454,116.37059888414116,108.8032601051329,87.65771181478219,128832.0,2023,4,18,1,2,108
2023-05-18,BP,Aerospace,116.4150580548439,118.4976876605936,114.90228487467373,116.4150580548439,56801,416491458780.7938,31.24477675527632,1.53452256597285,0.0179764639103414,0.2203920179716689,Bullish,8,0,1,107.59455426646184,101.86969930664647,101.86969930664647,103.95202831500657,100.93025434551366,3.021773969492912,0.07071818613738912,3.595402785919873,3.595402785919873,67.99699410217103,101.86969930664647,121.76394523650775,81.97545337678518,108.72614247340906,116.37059888414116,108.8032601051329,116234.0,2023,5,18,3,2,138
2023-05-24,BP,Technology,117.07338023104415,120.22153384033037,114.21387649816884,117.07338023104415,69065,543757222839.9251,22.57537634866954,2.99885657485249,0.0286446517063395,0.4973969568783101,Bullish,8,6,1,113.47768794971424,103.77415728160243,103.25185211795534,105.97069784055083,102.12604144814554,3.844656392405284,0.005654957246940651,6.007657342161522,6.007657342161522,59.98099283146721,103.25185211795534,124.23418183449587,82.2695224014148,116.4150580548439,108.72614247340906,116.37059888414116,56801.0,2023,5,24,2,2,144
2023-06-25,BP,Consumer Goods,120.2848051530329,122.68941667751758,117.82758801854366,120.2848051530329,86395,312835908639.7506,25.27432238371844,1.086154432265054,0.03213162558492,-0.5280067881815249,Bullish,8,2,1,115.77399695929424,106.11815751753552,104.67126487087847,108.1728681963173,103.47113505591497,4.701733140402325,0.027430872121835037,4.86182865897392,4.86182865897392,64.35521737703039,104.67126487087847,126.96345754553704,82.37907219621991,117.07338023104415,116.4150580548439,108.72614247340906,69065.0,2023,6,25,6,2,176
2023-07-31,BP,Aerospace,115.6227962265628,118.18084018165383,112.17740139517558,115.6227962265628,70159,225476475795.7073,12.3102424747009,1.5609818410880183,0.0331847638891254,-0.9041722641733324,Bearish,8,0,0,115.62443642777855,108.18286131533071,105.51369035977726,109.31901097020122,104.37125810559259,4.947752864608631,-0.03875808686341431,6.003438786478256,6.003438786478256,58.894564546185364,105.51369035977726,127.70453148135495,83.32284923819957,120.2848051530329,117.07338023104415,116.4150580548439,86395.0,2023,7,31,0,3,212
2023-10-30,BP,Aerospace,116.74945576036782,118.7371008431368,113.49578731457116,116.74945576036782,147239,394970958494.5319,15.445221932665683,3.87955766403653,0.0141870388214213,-0.107659124374607,Stable,8,0,2,117.2290990851703,110.39534717887423,106.31624503124803,110.46215632253455,105.28816163557595,5.173994686958608,0.009744268176989479,5.241313528565641,5.241313528565641,63.9027647185342,106.31624503124803,128.46626081298663,84.16622924950943,115.6227962265628,120.2848051530329,117.07338023104415,70159.0,2023,10,30,0,4,303
2024-03-21,BP,Finance,121.12507944642532,123.91820617060814,118.7555703471348,121.12507944642532,138236,228129942796.0027,31.977321639235797,3.540609174503127,0.0483788873182164,0.7862274826449451,Stable,8,4,2,118.1711033634866,112.88282881497423,107.30350065892652,112.10260603390236,106.46126665860183,5.641339375300532,0.03747875017968916,5.162635823473337,5.162635823473337,66.10558101521842,107.30350065892652,129.97637223203296,84.6306290858201,116.74945576036782,115.6227962265628,120.2848051530329,147239.0,2024,3,21,3,1,81
2024-04-01,BP,Aerospace,121.03472241166044,122.74385024155085,119.70979265213204,121.03472241166044,51828,786489680800.3374,32.8684208446999,3.1316117582809757,0.0417225211348262,0.2045126047545145,Bearish,8,0,0,118.96337179960986,116.22052987466205,108.16170201847238,113.47677778432669,107.54078189956914,5.935995884757546,-0.0007459812218727491,3.0340575894188078,3.0340575894188078,67.12946848959798,108.16170201847238,131.1165514201034,85.20685261684136,121.12507944642532,116.74945576036782,115.6227962265628,138236.0,2024,4,1,0,2,92
2024-04-23,BP,Consumer Goods,116.71841398707348,117.94769830756384,113.9602864926548,116.71841398707348,92078,479875085697.7139,34.33928758409967,4.282467013812868,0.0491035984138017,0.8422877603616836,Stable,8,2,2,118.25009356641797,117.0120452628561,108.66503801662539,113.97549104628773,108.22060649864353,5.754884547644195,-0.035661736884944784,3.987411814909038,3.987411814909038,64.88074485091839,108.66503801662539,131.27521042307404,86.05486561017673,121.03472241166044,121.12507944642532,116.74945576036782,51828.0,2024,4,23,1,2,114
2024-05-23,BP,Technology,120.27992195731326,123.1713242658577,117.20075468561927,120.27992195731326,193026,485116985431.8458,24.88323793182536,3.9724040892675294,0.0364319411876364,0.0417715654013584,Bearish,8,6,0,119.18151871256805,117.4029775701733,109.3103093466636,114.94540349413782,109.11388912521167,5.83151436892615,0.030513676879076135,5.970569580238433,5.970569580238433,66.81948251463112,109.3103093466636,131.91843054416736,86.70218814915984,116.71841398707348,121.03472241166044,121.12507944642532,92078.0,2024,5,23,3,2,144
2024-06-18,BP,Energy,114.27624996847156,116.46643021599851,112.21450298963305,114.27624996847156,148723,177710257998.71054,12.174342333438574,1.4713336831855717,0.0193799791069637,0.0210405225976892,Bearish,8,3,0,118.6868775541888,117.95798831967957,109.57167464254823,114.84245679788148,109.4962862247124,5.346170573169076,-0.049914165981687075,4.251927226365467,4.251927226365467,61.17617648775477,109.57167464254823,131.66065130041835,87.48269798467811,120.27992195731326,116.71841398707348,121.03472241166044,193026.0,2024,6,18,1,2,170
2024-08-10,BP,Healthcare,128.00096861375107,129.7367137787355,125.32003473803644,128.00096861375107,87219,48782989573.711365,21.06372177820545,3.4985260304973806,0.0497513590151268,-0.8320748731065466,Bullish,8,5,1,120.06205538765398,119.11657937557027,110.49313934110837,116.86684323109219,110.86700343871527,5.999839792376918,0.12010123406277429,4.4166790406990515,4.4166790406990515,73.51639806023783,110.49313934110837,133.518571214431,87.46770746778576,114.27624996847156,120.27992195731326,116.71841398707348,148723.0,2024,8,10,5,3,223
2022-02-27,Bank of America,Energy,94.12634839928668,96.2335516645193,91.80311291108347,94.12634839928668,59692,633607534136.0496,18.134096655493323,4.655049854426499,0.0477269929184514,-0.5368019504722021,Bullish,9,3,1,94.12634839928668,94.12634839928668,94.12634839928668,94.12634839928668,94.12634839928668,0.0,0.0,4.430438753435823,4.430438753435823,64.85170832455529,94.12634839928668,95.99710496322307,90.20929035730144,94.12634839928668,94.12634839928668,94.12634839928668,59692.0,2022,2,27,6,1,58
2022-09-03,Bank of America,Healthcare,92.08004692123782,93.86727149747146,89.64841313557433,92.08004692123782,169121,989195724903.5457,18.01764337709027,3.1374328589213967,0.0184933589714756,-0.2440119227476938,Bullish,9,5,1,93.10319766026225,93.10319766026225,93.10319766026225,93.81153278727916,93.97477051202381,-0.16323772474464704,-0.02173994330863016,4.218858361897134,4.218858361897134,58.10693907411046,93.10319766026225,95.99710496322307,90.20929035730144,94.12634839928668,94.12634839928668,94.12634839928668,59692.0,2022,9,3,5,3,246
2022-10-08,Bank of America,Consumer Goods,102.8935049609026,105.45813451379972,100.00063421146248,102.8935049609026,155983,852341339813.6608,16.188339135419064,4.555841425900395,0.0413907872729995,-0.16172765111589,Stable,9,2,2,96.36663342714236,96.36663342714236,96.36663342714236,95.20875927552893,94.63541750823705,0.573341767291879,0.11743540974641609,5.4575003023372375,5.4575003023372375,72.51309216887402,96.36663342714236,107.85521496681443,84.87805188747029,92.08004692123782,94.12634839928668,94.12634839928668,169121.0,2022,10,8,5,4,281
2022-10-10,Bank of America,Consumer Goods,104.13816461425894,105.3139592303084,101.6104524101826,104.13816461425894,199661,329722314004.5012,21.98756441059605,2.123857652125265,0.0342192500210378,-0.6561748845457913,Stable,9,2,2,98.30951622392152,98.30951622392152,98.30951622392152,96.58251394302584,95.33932470127571,1.2431892417501302,0.01209658135204239,3.7035068201257957,3.7035068201257957,69.3406627354213,98.30951622392152,110.49099263367805,86.12803981416499,102.8935049609026,92.08004692123782,94.12634839928668,155983.0,2022,10,10,0,4,283
2022-11-09,Bank of America,Consumer Goods,112.17472950810276,115.0538440087735,108.87755355896616,112.17472950810276,180858,106728259734.75542,8.05128137411409,2.497158849334177,0.0321742672486547,-0.1952538985550647,Bullish,9,2,1,101.08255888075776,101.08255888075776,101.08255888075776,98.98131633765306,96.58639172400365,2.3949246136494082,0.07717213879860751,6.17629044980734,6.17629044980734,72.91921592659655,101.08255888075776,117.36403876354973,84.80107899796579,104.13816461425894,102.8935049609026,92.08004692123782,199661.0,2022,11,9,2,4,313
2023-01-27,Bank of America,Automotive,108.46877761652304,110.99636084644963,106.3980147078668,108.46877761652304,109101,201158784405.16397,35.70338100067701,0.8346553540875074,0.0476630741093573,-0.4353723315785596,Bearish,9,1,0,103.95104472420503,102.31359533671865,102.31359533671865,100.4409257651715,97.46656845678287,2.974357308388633,-0.03303731515850927,4.598346138582826,4.598346138582826,67.312319204538,102.31359533671865,118.07557769556935,86.55161297786795,112.17472950810276,104.13816461425894,102.8935049609026,180858.0,2023,1,27,4,1,27
2023-04-14,Bank of America,Automotive,107.42896693845934,108.84410118943974,105.07714050444504,107.42896693845934,160448,484914049126.46655,35.7951937076406,1.8474096701569012,0.0222788912883607,0.5703797688456826,Bearish,9,1,0,107.02082872764933,103.04436270839588,103.04436270839588,101.5160090226004,98.20452389987001,3.3114851227303888,-0.009586267135228699,3.7669606849947,3.7669606849947,71.37017315610876,103.04436270839588,117.94355708961976,88.145168327172,108.46877761652304,112.17472950810276,104.13816461425894,109101.0,2023,4,14,4,2,104
2023-11-07,Bank of America,Healthcare,121.58639839229092,123.25195214804606,118.01918038720922,121.58639839229092,175911,72208989785.10875,31.690873814296136,2.759385682105928,0.0201445108343883,0.7994861568177434,Bullish,9,5,1,110.75940741392701,105.36211716888276,105.36211716888276,104.60376123332202,99.9365146030123,4.6672466303097195,0.1317841161215081,5.23277176083684,5.23277176083684,76.47257040231808,105.36211716888276,124.39307227147017,86.33116206629535,107.42896693845934,108.46877761652304,112.17472950810276,160448.0,2023,11,7,1,4,311
2024-02-05,Bank of America,Aerospace,114.7110963446908,117.9572596303242,113.05596170487868,114.7110963446908,158099,669933013517.8279,30.02635515977393,4.515953894172146,0.0157264543124477,0.4314718528215906,Stable,9,0,2,112.87399376001338,106.40089263286144,106.40089263286144,106.1587358658403,101.03092806535885,5.127807800481449,-0.056546637934099975,4.901297925445519,4.901297925445519,68.15794346388842,106.40089263286144,125.26225674912881,87.53952851659407,121.58639839229092,107.42896693845934,108.46877761652304,175911.0,2024,2,5,0,1,36
2022-02-06,Boeing,Healthcare,97.84858685812124,99.54316671988524,96.54550833891795,97.84858685812124,166216,408576510869.4799,26.417917686806582,1.022304430273559,0.0384045906534911,0.0521650368348058,Bullish,10,5,1,97.84858685812124,97.84858685812124,97.84858685812124,97.84858685812124,97.84858685812124,0.0,0.0,2.9976583809672803,2.9976583809672803,68.2394859151806,97.84858685812124,100.73749821703899,91.79967932564116,97.84858685812124,97.84858685812124,97.84858685812124,166216.0,2022,2,6,6,1,37
2022-02-22,Boeing,Finance,94.68859068455892,95.80828641139674,92.78828500511491,94.68859068455892,130077,944465315851.6962,15.882512550264396,4.1239392813889335,0.0259291117583204,-0.8258575888453836,Bullish,10,4,1,96.26858877134008,96.26858877134008,96.26858877134008,97.36243360065012,97.614513067487,-0.2520794668368751,-0.03229475534628068,3.0200014062818212,3.0200014062818212,69.30048923351157,96.26858877134008,100.73749821703899,91.79967932564116,97.84858685812124,97.84858685812124,97.84858685812124,166216.0,2022,2,22,1,1,53
2022-03-22,Boeing,Energy,95.72258315606764,96.91002368886063,94.46512903388664,95.72258315606764,174375,985381944929.4928,6.017498312038381,1.2640680304460028,0.0252900900790983,0.1662556469057385,Bearish,10,3,0,96.0865868995826,96.0865868995826,96.0865868995826,97.1101489168682,97.47437011108556,-0.36422119421736454,0.010919926720140083,2.444894654973993,2.444894654973993,68.22042964296244,96.0865868995826,99.30886435393181,92.86430944523339,94.68859068455892,97.84858685812124,97.84858685812124,130077.0,2022,3,22,1,1,81
2022-04-22,Boeing,Energy,92.07387491799572,93.62415148028433,90.82670939658452,92.07387491799572,171626,573721083801.2213,33.04784205368317,0.4911749609454025,0.0221840942309676,-0.8749861169791784,Bullish,10,3,1,95.08340890418589,95.08340890418589,95.08340890418589,96.33533753242628,97.07433343011594,-0.7389958976896622,-0.03811752794137413,2.7974420836998064,2.7974420836998064,70.5324718968541,95.08340890418589,99.88173209488238,90.2850857134894,95.72258315606764,94.68859068455892,97.84858685812124,174375.0,2022,4,22,4,2,112
2022-08-05,Boeing,Technology,87.02266115773074,89.46559240329933,85.98640445146171,87.02266115773074,146601,38559176433.05461,21.10567925709539,0.8605530141138884,0.0288380023509005,0.6102337026323554,Bearish,10,6,0,93.47125935489484,93.47125935489484,93.47125935489484,94.90261809016542,96.32976511364296,-1.427147023477545,-0.05486044510197685,3.4791879518376163,3.4791879518376163,58.02358010161734,93.47125935489484,101.79282486069765,85.14969384909203,92.07387491799572,95.72258315606764,94.68859068455892,171626.0,2022,8,5,4,3,217
2022-09-10,Boeing,Technology,94.94929898961428,97.23551370671528,92.2326007500612,94.94929898961428,88467,121218423272.96094,8.291263655199323,3.0862451042436283,0.0264549828565035,0.4381512410216235,Stable,10,6,2,92.89140178119347,93.71759929401476,93.71759929401476,94.9097997670037,96.22750836371492,-1.3177085967112134,0.09108705395157135,5.002912956654086,5.002912956654086,62.86401855834749,93.71759929401476,101.25783554684054,86.17736304118898,87.02266115773074,92.07387491799572,95.72258315606764,146601.0,2022,9,10,5,3,253
2022-09-14,Boeing,Aerospace,97.45779897723745,99.30721994558206,95.73324073819288,97.45779897723745,108871,957312992720.3424,15.932218565992976,2.490201965284345,0.042270302551565,-0.7988745358331113,Bearish,10,0,0,93.44524343972917,94.25191353447515,94.25191353447515,95.3017996455012,96.31864100175362,-1.0168413562524137,0.026419362905433896,3.5739792073891863,3.5739792073891863,66.06903597327792,94.25191353447515,101.69322189403141,86.81060517491889,94.94929898961428,87.02266115773074,92.07387491799572,88467.0,2022,9,14,2,3,257
2022-12-02,Boeing,Healthcare,105.9884815379296,107.70491875096452,103.0943934068748,105.9884815379296,72677,129320269375.09818,7.697730418301124,3.73388319766859,0.0285525699891072,-0.9252060191824054,Bullish,10,5,1,95.49842311610155,95.71898453490695,95.71898453490695,96.94590455202865,97.0349254859148,-0.08902093388614674,0.08753206670186153,4.610525344089723,4.610525344089723,64.91157322132665,95.71898453490695,106.5049080357416,84.93306103407231,97.45779897723745,94.94929898961428,87.02266115773074,108871.0,2022,12,2,4,4,336
2023-02-19,Boeing,Technology,111.19569901239562,113.48609756059348,110.036883369704,111.19569901239562,61938,558854259910.6147,5.879968539704546,4.902177851351858,0.029972117840573,-0.1462833424098208,Bullish,10,6,1,99.32278793498155,97.43861947685014,97.43861947685014,99.13818062285435,98.08387167306152,1.0543089497928264,0.049130031857306466,3.449214190889478,3.449214190889478,66.87314176337136,97.43861947685014,111.86953502483235,83.00770392886793,105.9884815379296,97.45779897723745,94.94929898961428,72677.0,2023,2,19,6,1,50
2023-03-08,Boeing,Healthcare,112.37457385151924,114.83520104475544,109.36156489976597,112.37457385151924,77350,907910834331.6556,38.976817226617406,3.4863770952692845,0.0172207291356969,0.4307620343573104,Bearish,10,5,0,104.39317047373925,98.93221491431704,98.93221491431704,101.17454881187972,99.14244220479914,2.0321066070805784,0.010601802494107249,5.47363614498947,5.47363614498947,63.324900589266235,98.93221491431704,115.49558959568984,82.36884023294425,111.19569901239562,105.9884815379296,97.45779897723745,61938.0,2023,3,8,2,1,67
2023-05-21,Boeing,Aerospace,116.30589627812296,118.65872047242412,113.20093126477806,116.30589627812296,71677,735614948367.0869,27.625753154361245,1.9310599640851531,0.0127243609889409,-0.9519175252671244,Bullish,10,0,1,108.66448993144097,100.77794585631722,100.51164049284485,103.50244842207098,100.4138091731935,3.0886392488774845,0.034984091969044284,5.457789207646059,5.457789207646059,69.22159326218559,100.51164049284485,119.39741793802128,81.62586304766842,112.37457385151924,111.19569901239562,105.9884815379296,77350.0,2023,5,21,6,2,141
2023-07-15,Boeing,Aerospace,110.98750765550534,113.30915002157607,109.09968213914756,110.98750765550534,192047,379979231332.5013,32.71020907414713,4.133260287303202,0.037222326471164,0.199194520088108,Bearish,10,0,0,111.37043166709456,102.40783755341185,101.38462942306656,104.65399599644549,101.19704609780919,3.456949898636296,-0.04572759243348867,4.2094678824285126,4.2094678824285126,64.89972739075984,101.38462942306656,120.38013081408084,82.38912803205227,116.30589627812296,112.37457385151924,111.19569901239562,71677.0,2023,7,15,5,3,196
2023-09-05,Boeing,Healthcare,116.54985447913369,119.65518817793038,113.43311694889115,116.54985447913369,181456,768750845159.2675,10.783471765491113,0.5503164210055761,0.0127189319927761,0.4448227689270891,Stable,10,5,2,113.48270625533537,104.49056468571845,102.55118519661019,106.48412807070521,102.33429116309249,4.149836907612723,0.05011687298081635,6.22207122903923,6.22207122903923,59.86595816285742,102.55118519661019,122.58925663715384,82.51311375606655,110.98750765550534,116.30589627812296,112.37457385151924,192047.0,2023,9,5,1,3,248
2023-11-25,Boeing,Consumer Goods,115.7814538604826,117.59227429991904,113.01384442552413,115.7814538604826,119724,823350841580.0646,16.96238416578666,0.102604073646626,0.0337619786226724,-0.7935667022420008,Bullish,10,2,1,114.39985722495275,106.86132257996715,103.49620438688679,107.9144858845171,103.33037728882509,4.584108595692015,-0.006592892132599393,4.578429874394914,4.578429874394914,66.65809562842043,103.49620438688679,124.00593995362802,82.98646882014556,116.54985447913369,110.98750765550534,116.30589627812296,181456.0,2023,11,25,5,4,329
2024-01-20,Boeing,Technology,120.09674737273532,123.30468713701386,117.8379073201635,120.09674737273532,155186,16805270673.816858,15.611792081136612,4.089281528275148,0.0352807683368974,-0.2040793072384856,Stable,10,6,2,115.94429192919597,110.16873120146761,104.60290725261002,109.78867995962759,104.572330628374,5.216349331253582,0.03727102543946881,5.466779816850362,5.466779816850362,69.13274656062568,104.60290725261002,126.14566361715413,83.06015088806592,115.7814538604826,116.54985447913369,110.98750765550534,119724.0,2024,1,20,5,1,20
2024-03-02,Boeing,Energy,115.53471097850722,117.5301298163332,114.21748162332771,115.53471097850722,194990,981255137969.9596,9.869054711188063,2.7716873717017245,0.0170850857679301,0.7392329154645234,Bearish,10,3,0,115.79005486927284,112.2272724003569,105.2861449854786,110.67268473176291,105.38435880245794,5.288325929304975,-0.037986344293482355,3.3126481930054865,3.3126481930054865,67.50491643431243,105.2861449854786,126.80420898231662,83.76808098864058,120.09674737273532,115.7814538604826,116.54985447913369,155186.0,2024,3,2,5,1,62
2024-03-22,Boeing,Healthcare,120.34458690990652,122.7569540009048,118.26729976565936,120.34458690990652,147579,342332827395.0239,5.100843808296511,2.3784390900547936,0.018708500519126,0.3788342677426493,Stable,10,5,2,117.66147072015308,114.5159511936238,106.17193568691553,112.16066968224655,106.49252384745412,5.668145834792426,0.041631436047769865,4.489654235245439,4.489654235245439,69.44267100370747,106.17193568691553,128.2500333659596,84.09383800787145,115.53471097850722,120.09674737273532,115.7814538604826,194990.0,2024,3,22,4,1,82
2024-04-11,Boeing,Automotive,116.67643185862396,119.73364706249374,113.36025858150823,116.67643185862396,137958,721700645261.403,21.385394945536063,3.8669052389112486,0.0155698737837643,-0.9616642249500444,Bearish,10,1,0,117.68678619605112,115.58474622569324,106.755518807566,112.85540232476616,107.24688740383708,5.608514920929082,-0.030480432443784622,6.373388480985511,6.373388480985511,69.4213501775707,106.755518807566,128.73938338066938,84.77165423446263,120.34458690990652,115.53471097850722,120.09674737273532,147579.0,2024,4,11,3,2,102
2024-05-30,Boeing,Aerospace,114.19555638488734,116.61360034217428,111.87755099890288,114.19555638488734,199453,782913344703.405,26.21512977267179,2.705014494638313,0.0328304592383629,0.0265210091408845,Stable,10,0,2,117.36960670093208,115.88473196294242,107.14709973268818,113.06157987247711,107.76160362465562,5.2999762478214905,-0.021262867180774636,4.736049343271404,4.736049343271404,72.3576747283397,107.14709973268818,128.78258788433806,85.51161158103831,116.67643185862396,120.34458690990652,115.53471097850722,137958.0,2024,5,30,3,2,151
2024-06-11,Boeing,Finance,112.65320549209862,115.0396191839326,111.37656416545826,112.65320549209862,170430,724593152206.9845,39.65731127556675,0.9469670894242304,0.019273651668589,-0.5412129956912359,Stable,10,4,2,115.88089832480473,115.91259512700034,107.4224050206587,112.99875304472657,108.12394450372547,4.8748085410011015,-0.013506225124823135,3.6630550184743385,3.6630550184743385,66.27666421346106,107.4224050206587,128.62432104441734,86.22048899690006,114.19555638488734,116.67643185862396,120.34458690990652,199453.0,2024,6,11,1,2,163
2024-08-07,Boeing,Aerospace,127.81536662300732,131.16876408711013,124.29140690882257,127.81536662300732,196400,106587786426.3678,38.35570074126147,1.131376254082999,0.0435999104241737,-0.1725879361799391,Stable,10,0,2,118.33702945370476,117.0635421614888,108.92074400890301,115.27823205676975,109.582568364413,5.695663692356746,0.13459147535728277,6.877357178287568,6.877357178287568,72.64206562472957,108.92074400890301,131.46679232109528,86.37469569671073,112.65320549209862,114.19555638488734,116.67643185862396,170430.0,2024,8,7,2,3,220
2024-09-02,Boeing,Finance,128.0015661349968,131.33590405881847,124.3230435110717,128.0015661349968,107545,782702439639.374,26.10725071596808,4.488717832548627,0.0105752494393661,0.4549541559929932,Bullish,10,4,1,119.86842529872281,118.76494800943794,110.58639278142489,117.23566806880467,110.94693856964143,6.288729499163239,0.0014567850244382452,7.012860547746769,7.012860547746769,68.75257488591595,110.58639278142489,133.62218309013014,87.55060247271965,127.81536662300732,112.65320549209862,114.19555638488734,196400.0,2024,9,2,0,3,246
2024-09-26,Boeing,Energy,120.5582936872806,123.69947781579717,117.62838025856198,120.5582936872806,153892,376616897051.3701,8.175259578222587,3.0084108200914805,0.0204367431860067,-0.691168484921574,Bullish,10,3,1,120.64479766445413,119.16579193025264,111.82817830798554,117.74684124087788,111.65889080057767,6.087950440300219,-0.05814985450932819,6.071097557235191,6.071097557235191,57.6831308521593,111.82817830798554,134.15702022843203,89.49933638753906,128.0015661349968,127.81536662300732,112.65320549209862,107545.0,2024,9,26,3,3,270
2022-02-25,Chevron,Finance,92.92196180303532,94.05220765503068,90.78198602702544,92.92196180303532,128953,324666071045.6928,26.52423841193963,0.2270164073434627,0.0363221993544488,-0.5858858332339343,Bullish,11,4,1,92.92196180303532,92.92196180303532,92.92196180303532,92.92196180303532,92.92196180303532,0.0,0.0,3.2702216280052454,3.2702216280052454,56.84822331172572,92.92196180303532,96.03414923116571,86.40555072714821,92.92196180303532,92.92196180303532,92.92196180303532,128953.0,2022,2,25,4,1,56
2022-04-30,Chevron,Aerospace,89.51773815527861,91.35600153656124,88.18833264715722,89.51773815527861,160687,91246623617.03026,29.00689448674523,0.7108522335194778,0.0103874753096387,-0.7743136256327572,Bearish,11,0,0,91.21984997915696,91.21984997915696,91.21984997915696,92.39823508799581,92.66979708838667,-0.2715620003908583,-0.0366352967770156,3.1676688894040126,3.1676688894040126,50.71607775073419,91.21984997915696,96.03414923116571,86.40555072714821,92.92196180303532,92.92196180303532,92.92196180303532,128953.0,2022,4,30,5,2,120
2022-05-26,Chevron,Automotive,98.61886381942048,99.86151328959286,97.61200458749016,98.61886381942048,105016,598687772209.8865,36.63696655911311,2.1479797178803235,0.0177299766093667,0.87742927074807,Stable,11,1,2,93.68618792591148,93.68618792591148,93.68618792591148,93.35525489283039,93.11046869809289,0.2447861947375003,0.10166840507470098,2.249508702102702,2.249508702102702,62.11599784674984,93.68618792591148,102.88306854137893,84.48930731044403,89.51773815527861,92.92196180303532,92.92196180303532,160687.0,2022,5,26,3,2,146
2022-09-23,Chevron,Energy,97.67002518874956,99.62387786357482,96.54217695739032,97.67002518874956,166381,515732676390.41113,17.708525782190364,2.191924900153807,0.0259153670222809,-0.537284715481182,Bearish,11,3,0,94.682147241621,94.682147241621,94.682147241621,94.01906570758717,93.44821362332671,0.5708520842604656,-0.009621269135774324,3.081700906184494,3.081700906184494,57.497928902614476,94.682147241621,103.18269828494859,86.1815961982934,98.61886381942048,89.51773815527861,92.92196180303532,105016.0,2022,9,23,4,3,266
2022-10-31,Chevron,Automotive,109.65985994931468,112.70341321173925,107.77676602738391,109.65985994931468,122991,734176009034.748,36.54536037711271,4.325966736989056,0.0299588446765506,-0.6788126099133829,Bullish,11,1,1,97.67768978315974,97.67768978315974,97.67768978315974,96.42534174477602,94.64907631414064,1.7762654306353767,0.12275859187498406,4.926647184355332,4.926647184355332,65.45282763181511,97.67768978315974,112.96363196522789,82.39174760109158,97.67002518874956,98.61886381942048,89.51773815527861,166381.0,2022,10,31,0,4,304
2023-06-17,Chevron,Aerospace,124.38434704119612,126.86307562650325,121.05640788440697,124.38434704119612,130219,437728223428.0097,19.13642524595433,3.883952417036136,0.0441922311519704,-0.93522172444801,Bearish,11,0,0,103.9701668307919,102.12879932616579,102.12879932616579,100.7267271749945,96.8516889605892,3.8750382144052935,0.1342741737832529,5.8066677420962804,5.8066677420962804,69.94661370188662,102.12879932616579,127.8664186925131,76.39117995981849,109.65985994931468,97.67002518874956,98.61886381942048,122991.0,2023,6,17,5,2,168
2023-07-06,Chevron,Finance,114.53477803318918,117.81303929923098,112.47373165000926,114.53477803318918,67640,331558473626.18274,27.60091785334643,2.571005200046696,0.0280477276580289,-0.0997802826299407,Stable,11,4,2,108.97357480637402,103.90108199859772,103.90108199859772,102.85104269163983,98.16154741041142,4.689495281228417,-0.07918656360148568,5.339307649221723,5.339307649221723,65.61135641377338,103.90108199859772,129.1986803021366,78.60348369505883,124.38434704119612,109.65985994931468,97.67002518874956,130219.0,2023,7,6,3,3,187
2023-08-30,Chevron,Healthcare,112.07501645058964,115.21460993895478,110.12292434309076,112.07501645058964,122474,978652656113.13,11.200982384515292,4.6996589598491125,0.017790939907489,-0.492030493247493,Bearish,11,5,0,111.66480533260783,104.9228238050967,104.9228238050967,104.27011557763211,99.19217474672092,5.077940830911189,-0.02147611079218892,5.091685595864021,5.091685595864021,61.672228696254535,104.9228238050967,129.0464846711202,80.7991629390732,114.53477803318918,124.38434704119612,109.65985994931468,67640.0,2023,8,30,2,3,242
2024-05-14,Chevron,Technology,118.7643717335986,121.48502281238297,116.1272690006347,118.7643717335986,136740,851597188913.7141,17.870677778178845,2.531651546771339,0.0264283698156666,0.7574930473538597,Bullish,11,6,1,115.88367464157764,106.46077357493024,106.46077357493024,106.5000011400885,100.64196711611928,5.858034023969225,0.05968640911115175,5.3577538117482675,5.3577538117482675,67.28516009175195,106.46077357493024,130.8402230905503,82.08132405931019,112.07501645058964,114.53477803318918,124.38434704119612,122474.0,2024,5,14,1,2,135
2024-08-08,Chevron,Automotive,128.99321782715785,132.1969777820957,126.69335812825577,128.99321782715785,141751,988286995729.1312,23.288890085621865,4.478489815996862,0.0235729134262284,0.35777467437757,Bullish,11,1,1,119.75034621714629,108.714018000153,108.714018000153,109.96049601502224,102.74205976138138,7.21843625364086,0.0861272277556746,5.503619653839934,5.503619653839934,72.63628596436011,108.714018000153,135.75846747751942,81.6695685227866,118.7643717335986,112.07501645058964,114.53477803318918,136740.0,2024,8,8,3,3,221
2024-08-11,Chevron,Automotive,127.5028830417606,130.8808965840185,124.2981569432373,127.5028830417606,110279,38983826389.21746,37.17855916004354,3.0847201369225097,0.0225851563574079,0.5400424569116573,Bullish,11,1,1,120.37405341725916,112.17211012402554,110.42209664029915,112.6593247883666,104.57619481918725,8.083129969179353,-0.011553590262351587,6.582739640781199,6.582739640781199,72.67661834189221,110.42209664029915,138.46908326954463,82.37511001105365,128.99321782715785,118.7643717335986,112.07501645058964,141751.0,2024,8,11,6,3,224
2024-09-03,Chevron,Finance,126.56806536605298,127.93847953060543,123.04404534359747,126.56806536605298,89224,228614575125.5669,34.239274079474406,3.725897476848072,0.0421192520523641,0.5730114270562443,Bullish,11,4,1,122.78071088383194,115.87714284510295,111.76759403411198,114.7991310310876,106.20522226710324,8.59390876398436,-0.0073317375529574624,4.89443418700796,4.89443418700796,66.60718021208483,111.76759403411198,140.08752979870673,83.44765826951723,127.5028830417606,128.99321782715785,118.7643717335986,110279.0,2024,9,3,1,3,247
2024-09-12,Chevron,Aerospace,124.74356830389736,128.02258019446768,121.756189752062,124.74356830389736,107761,895918782774.5101,33.28964038445781,1.7916732833583686,0.0380374146007199,6.783113921593475e-05,Bearish,11,0,0,125.31442125449348,118.48961329355066,112.76574590101853,116.32904445767372,107.57843308464354,8.750611373030182,-0.014415145375564542,6.2663904424056796,6.2663904424056796,65.0318446117678,112.76574590101853,140.81912068322276,84.7123711188143,126.56806536605298,127.5028830417606,128.99321782715785,89224.0,2024,9,12,3,3,256
2024-09-19,Chevron,Energy,119.57811621284137,121.61314943603897,117.14471492004884,119.57811621284137,96240,521247373692.3785,10.383245862456272,3.907528238710911,0.0147288964828983,-0.3104604662002517,Bearish,11,3,0,125.47717015034202,120.68042239595984,113.25234378043446,116.82890165077643,108.46729850154708,8.361603149229353,-0.04140856447582164,4.4684345159901255,4.4684345159901255,66.91141205792889,113.25234378043446,140.45001910151413,86.05466845935479,124.74356830389736,126.56806536605298,127.5028830417606,107761.0,2024,9,19,3,3,263
2022-01-13,Citigroup,Aerospace,98.16256665181024,99.80804610147204,96.97087576738402,98.16256665181024,91090,350037612050.2837,14.045106710213634,4.871861193396288,0.0117616151755385,0.5359399561236631,Stable,12,0,2,98.16256665181024,98.16256665181024,98.16256665181024,98.16256665181024,98.16256665181024,0.0,0.0,2.8371703340880288,2.8371703340880288,66.91141205792889,98.16256665181024,103.32595843956965,95.69657074988827,98.16256665181024,98.16256665181024,98.16256665181024,91090.0,2022,1,13,3,1,13
2022-01-27,Citigroup,Aerospace,100.85996253764768,102.6838100767978,98.56011856806778,100.85996253764768,52747,335028448499.1717,8.778030012626253,4.198298278543952,0.031511317389655,0.6496138959596613,Stable,12,0,2,99.51126459472896,99.51126459472896,99.51126459472896,98.57755063424676,98.36237375446485,0.21517687978190736,0.027478864681740545,4.123691508730019,4.123691508730019,70.97052748215535,99.51126459472896,103.32595843956965,95.69657074988827,98.16256665181024,98.16256665181024,98.16256665181024,91090.0,2022,1,27,3,1,27
2022-03-17,Citigroup,Aerospace,95.07166278269588,96.65901414576398,92.81053559016694,95.07166278269588,98984,220291014555.87772,12.602318419192368,2.0797195229092758,0.0184354491072315,-0.5974724237310551,Bullish,12,0,1,98.03139732405127,98.03139732405127,98.03139732405127,98.0381832724697,98.11861738618568,-0.08043411371598097,-0.05738946961031455,3.8484785555970404,3.8484785555970404,61.945442317672175,98.03139732405127,103.82415402797119,92.23864062013135,100.85996253764768,98.16256665181024,98.16256665181024,52747.0,2022,3,17,3,1,76
2022-03-19,Citigroup,Automotive,95.72015781880188,96.71512242828084,94.44087349433109,95.72015781880188,52568,779979016013.2428,28.206470157517227,3.0481550582845096,0.0428170728103608,-0.7701873132761794,Stable,12,1,2,97.45358744773893,97.45358744773893,97.45358744773893,97.68156397190542,97.94095371452762,-0.25938974262220427,0.006821118061101528,2.2742489339497496,2.2742489339497496,63.065769024653775,97.45358744773893,102.7178551908505,92.18931970462735,95.07166278269588,100.85996253764768,98.16256665181024,98984.0,2022,3,19,5,1,78
2022-05-22,Citigroup,Automotive,95.5831887694453,97.01159372809016,93.12918777850868,95.5831887694453,178376,345039348312.18896,37.80736529755526,2.5054394013109853,0.02270218319478,-0.2246096903219865,Bullish,12,1,1,97.07950771208019,97.07950771208019,97.07950771208019,97.35873701768078,97.76630445933634,-0.4075674416555586,-0.001430932130469964,3.882405949581482,3.882405949581482,55.858141644994554,97.07950771208019,101.93575102620518,92.22326439795519,95.72015781880188,95.07166278269588,100.85996253764768,52568.0,2022,5,22,6,2,142
2022-06-17,Citigroup,Energy,96.24805694467268,97.55567579934493,95.0801187978167,96.24805694467268,181926,903460448823.3888,10.473363154120678,0.8140752483843189,0.0168517983128668,-0.4517592723615986,Bearish,12,3,0,96.6966057706527,96.94093258417894,96.94093258417894,97.18786316029492,97.65384168047237,-0.465978520177444,0.0069559112202366435,2.47555700152823,2.47555700152823,43.0826207108911,96.94093258417894,101.33722111958416,92.54464404877372,95.5831887694453,95.72015781880188,95.07166278269588,178376.0,2022,6,17,4,2,168
2022-07-28,Citigroup,Automotive,86.24133242659792,87.42223714046598,84.7169606402171,86.24133242659792,162561,1237286052.3086948,12.915146805647924,3.027413346072023,0.0109412997765639,0.4560245155923947,Bullish,12,1,1,93.77287974844273,95.41241827595309,95.41241827595309,95.50378150895692,96.80847062462982,-1.3046891156729004,-0.10396806788345903,2.7052765002488854,2.7052765002488854,42.943694728924875,95.41241827595309,104.4414877262386,86.38334882566757,96.24805694467268,95.5831887694453,95.72015781880188,181926.0,2022,7,28,3,3,209
2022-08-12,Citigroup,Healthcare,87.68103984199081,89.05692334440205,86.31689374585136,87.68103984199081,70932,522996672442.88855,32.78964007288022,2.766895080633537,0.0304655433007605,0.6728311931597133,Stable,12,5,2,92.29475516030172,94.4459959717078,94.4459959717078,94.30028279096213,96.13236464073063,-1.8320818497684996,0.016693937522570756,2.7400295985506915,2.7400295985506915,46.8789904294814,94.4459959717078,104.43423415855577,84.45775778485984,86.24133242659792,96.24805694467268,95.5831887694453,162561.0,2022,8,12,4,3,224
2022-09-17,Citigroup,Automotive,97.75863242555803,100.08380980579324,96.512951428029,97.75863242555803,120271,630148145073.157,36.3935275648237,4.450285127326263,0.0410982186872954,0.72159787383099,Bearish,12,1,0,92.70245008165294,94.81406668880226,94.81406668880226,94.83233658089996,96.25282892108822,-1.420492340188261,0.11493468373240057,3.570858377764239,3.570858377764239,50.40095711741332,94.81406668880226,104.41466183794404,85.21347153966047,87.68103984199081,86.24133242659792,96.24805694467268,70932.0,2022,9,17,5,3,260
2023-02-02,Citigroup,Energy,110.10546586129908,113.2389134440455,106.93804405130768,110.10546586129908,118385,160086492540.9852,23.59607821988207,4.931233359757007,0.0221207002792812,0.0158973838128164,Bearish,12,3,0,95.60690550002371,96.34320660605195,96.34320660605195,97.18204877788443,97.27895017591865,-0.09690139803421971,0.12629916284010023,6.300869392737809,6.300869392737809,52.37476813055748,96.34320660605195,109.58937257919001,83.09704063291389,97.75863242555803,87.68103984199081,86.24133242659792,120271.0,2023,2,2,3,1,33
2023-04-06,Citigroup,Energy,105.01578032209788,106.48316719137496,102.29890705595425,105.01578032209788,120640,616987977280.6116,12.64784420239456,4.712729698384527,0.0227649395928185,-0.7761308437304215,Bullish,12,3,1,97.36045017550875,97.02852797308071,97.13162239841976,98.38723824622497,97.85204870526526,0.5351895409597063,-0.046225548381156,4.184260135420715,4.184260135420715,49.05708560064921,97.13162239841976,110.74283828833742,83.5204065085021,110.10546586129908,97.75863242555803,87.68103984199081,118385.0,2023,4,6,3,2,96
2023-05-20,Citigroup,Consumer Goods,118.07317985373815,121.04632875690716,115.2169399460479,118.07317985373815,51542,629136053387.7391,27.613366125177205,3.563888381084155,0.0301418792604754,0.5764018597334122,Bullish,12,2,1,103.72681966093678,98.74984970468975,98.87675218636296,101.41584464738085,99.3499102718188,2.065934375562051,0.12433749948428163,5.829388810859257,5.829388810859257,59.370415862905915,98.87675218636296,116.61388414616125,81.13962022656467,105.01578032209788,110.10546586129908,97.75863242555803,120640.0,2023,5,20,5,2,140
2023-06-14,Citigroup,Finance,122.3361986865619,124.58261103960513,120.3003395481544,122.3361986865619,92918,513102590000.59937,7.358459417493288,3.2735453767814957,0.0197664643486461,0.7914527110302292,Stable,12,4,2,110.65785142985101,101.47630329507636,100.68132499407056,104.6343606534087,101.05259830254052,3.581762350868189,0.036104887139522424,4.282271491450729,4.282271491450729,63.31432453805547,100.68132499407056,122.07585263391057,79.28679735423056,118.07317985373815,105.01578032209788,110.10546586129908,51542.0,2023,6,14,2,2,165
2023-08-07,Citigroup,Energy,115.14218154268008,117.15993638663184,113.7610162041096,115.14218154268008,132844,480417184510.48114,9.551672387889855,2.5581785894753857,0.0145901439765534,0.0449936177811769,Bullish,12,3,1,114.13456125327541,103.41850566746419,101.71424331897126,106.25094848252738,102.09627113514344,4.154677347383938,-0.05880530228271719,3.3989201825222466,3.3989201825222466,61.564760930100526,101.71424331897126,123.67474581562001,79.7537408223225,122.3361986865619,118.07317985373815,105.01578032209788,92918.0,2023,8,7,0,3,219
2023-09-16,Citigroup,Finance,120.02880291467189,122.3829761073554,118.17216322097153,120.02880291467189,54809,605348968767.8503,21.150592916055945,1.0208327958412151,0.0407568017828467,-0.4644150509547324,Stable,12,4,2,116.11922866394998,105.86306708198683,102.93521395868463,108.370618395165,103.42460682251591,4.946011572649084,0.042439888722973995,4.210812886383877,4.210812886383877,63.96353679105581,102.93521395868463,126.11413591581207,79.75629200155718,115.14218154268008,122.3361986865619,118.07317985373815,132844.0,2023,9,16,5,3,259
2023-11-08,Citigroup,Aerospace,120.52986082840386,122.00897270779836,116.91669253432872,120.52986082840386,152468,954705370003.2742,37.52400893025303,3.947047109567929,0.0356834602940959,0.2568139152819795,Stable,12,0,2,119.22204476521117,108.29124747035996,104.03487938804207,110.24127107720173,104.69166267480391,5.549608402397823,0.00417448063768644,5.092280173469646,5.092280173469646,62.923498544516725,104.03487938804207,128.0939281605759,79.97583061550824,120.02880291467189,115.14218154268008,122.3361986865619,54809.0,2023,11,8,2,4,312
2024-09-13,Citigroup,Consumer Goods,123.94938448182948,126.47712864468612,120.89720847672172,123.94938448182948,86368,322893287941.1837,13.88373773548432,4.564462223682877,0.017770942840072,-0.7443763112792345,Bullish,12,2,1,120.39728569082945,112.06205267588311,105.20632086414722,112.35021160099062,106.11816058643544,6.232051014555182,0.028370759162278825,5.579920167964403,5.579920167964403,69.58275939078293,105.20632086414722,130.42486904938366,79.98777267891077,120.52986082840386,120.02880291467189,115.14218154268008,152468.0,2024,9,13,4,3,257
2022-02-11,ExxonMobil,Aerospace,95.51232590577835,96.66916813316368,93.87114551131287,95.51232590577835,137313,595453930720.7202,35.69984545289914,3.180212343899841,0.0225220058025258,-0.0549691143608295,Bullish,13,0,1,95.51232590577835,95.51232590577835,95.51232590577835,95.51232590577835,95.51232590577835,0.0,0.0,2.798022621850805,2.798022621850805,69.31285866867756,95.51232590577835,95.72512219475196,95.06676530687564,95.51232590577835,95.51232590577835,95.51232590577835,137313.0,2022,2,11,4,1,42
2022-02-23,ExxonMobil,Healthcare,95.27956159584924,96.26952128609352,92.9490193620812,95.27956159584924,85920,141940766928.93585,30.982181770037823,2.578297029282268,0.0277561532927964,-0.5957012015494585,Stable,13,5,2,95.3959437508138,95.3959437508138,95.3959437508138,95.47651601194312,95.49508410504286,-0.018568093099744942,-0.0024370080795511617,3.3205019240123193,3.3205019240123193,69.22212540556025,95.3959437508138,95.72512219475196,95.06676530687564,95.51232590577835,95.51232590577835,95.51232590577835,137313.0,2022,2,23,2,1,54
2022-03-30,ExxonMobil,Automotive,94.97094146662494,95.9260493214764,93.787304438042,94.97094146662494,184633,218805084386.5924,8.64480752721006,2.71235501731328,0.022179701309958,-0.0252311166559142,Stable,13,1,2,95.25427632275084,95.25427632275084,95.25427632275084,95.3987353126634,95.45625872441931,-0.05752341175590914,-0.00323910106275882,2.1387448834343985,2.1387448834343985,68.647770527243,95.25427632275084,95.79742929021437,94.71112335528731,95.27956159584924,95.51232590577835,95.51232590577835,85920.0,2022,3,30,2,1,89
2022-05-07,ExxonMobil,Finance,93.896015970708,94.92728085064984,91.31665533563208,93.896015970708,167845,610794262340.9496,39.28763502618592,2.1766211072761807,0.0379086523021317,-0.2084446406791384,Bearish,13,4,0,94.91471123474014,94.91471123474014,94.91471123474014,95.16754772159334,95.34068518710737,-0.17313746551403142,-0.01131846730501962,3.610625515017759,3.610625515017759,78.2444386900472,94.91471123474014,96.34353870787135,93.48588376160893,94.97094146662494,95.27956159584924,95.51232590577835,184633.0,2022,5,7,5,2,127
2022-11-06,ExxonMobil,Automotive,112.83139760146084,115.38228471876602,110.83674682635464,112.83139760146084,132074,334674869866.4926,23.39022193909925,4.368614600911125,0.0456480029225441,0.6899417072802028,Bearish,13,1,0,98.49804850808428,98.49804850808428,98.49804850808428,97.88506308772679,96.63629351409651,1.248769573630284,0.2016633127081766,4.5455378924113745,4.5455378924113745,82.92118249343554,98.49804850808428,114.5709225899568,82.42517442621177,93.896015970708,94.97094146662494,95.27956159584924,167845.0,2022,11,6,6,4,310
2023-01-05,ExxonMobil,Technology,114.38305231939734,115.7794623495776,111.31803584407658,114.38305231939734,55237,103091426074.02528,29.47603812941713,2.295946168662809,0.0490189211325608,0.0851466539319112,Stable,13,6,2,102.27219379080807,101.14554914330313,101.14554914330313,100.42321527721457,97.95086824041509,2.4723470367994764,0.013751976408350464,4.461426505501024,4.461426505501024,80.92269317507369,101.14554914330313,120.50767856454715,81.78341972205911,112.83139760146084,93.896015970708,94.97094146662494,132074.0,2023,1,5,3,1,5
2023-07-14,ExxonMobil,Consumer Goods,111.18524591824284,113.4366132115468,109.37449907901734,111.18524591824284,149657,359891497168.32935,18.505607601329057,4.836317937631828,0.0402703236098771,-0.751156226296213,Bullish,13,2,1,105.45333065528678,102.57979153972308,102.57979153972308,102.07891229891122,98.93119251284678,3.1477197860644424,-0.027956994819696712,4.062114132529459,4.062114132529459,73.16409608677054,102.57979153972308,121.81537007234797,83.34421300709818,114.38305231939734,112.83139760146084,93.896015970708,55237.0,2023,7,14,4,3,195
2023-09-24,ExxonMobil,Consumer Goods,120.88888414181552,123.87259958406052,119.27338340703966,120.88888414181552,71949,650861136143.9241,25.96922047641138,0.8571708835527136,0.0241750873194454,0.2712639972800799,Bullish,13,2,1,110.6369191903249,104.86842811498464,104.86842811498464,104.9727541208965,100.55768818906668,4.415065931829815,0.08727451329925562,4.599216177020864,4.599216177020864,82.4253461004116,104.86842811498464,126.88571009528582,82.85114613468346,111.18524591824284,114.38305231939734,112.83139760146084,149657.0,2023,9,24,6,3,267
2024-02-01,ExxonMobil,Automotive,116.04393922338768,119.33217555213578,112.96148000965492,116.04393922338768,154592,344216914300.9282,19.08563231017841,0.8265114306898064,0.0430084548503852,0.3338719704078132,Bearish,13,1,0,115.06650384086083,106.11015157147386,106.11015157147386,106.6760133674336,101.70481789531269,4.971195472120911,-0.04007767093576786,6.37069554248086,6.37069554248086,71.96479109615181,106.11015157147386,128.01159432535022,84.20870881759751,120.88888414181552,111.18524591824284,114.38305231939734,71949.0,2024,2,1,3,1,32
2024-07-10,ExxonMobil,Technology,118.40398958732172,119.63950878630966,117.06874330808108,118.40398958732172,70103,150088540172.22595,13.058782224868011,0.5846176776269574,0.0211778122927561,0.8809943970260214,Bullish,13,6,1,116.18102223803302,107.33953537305865,107.33953537305865,108.48031740126254,102.94179357620224,5.538523825060295,0.020337558167435876,2.57076547822858,2.57076547822858,71.04829571192042,107.33953537305865,129.4037950327845,85.2752757133328,116.04393922338768,120.88888414181552,111.18524591824284,154592.0,2024,7,10,2,3,192
2024-07-19,ExxonMobil,Aerospace,124.00802470529536,126.30175336205298,121.03082183284324,124.00802470529536,125683,956265968458.2992,37.5031100455209,0.2262459450944393,0.0481616906031234,-0.3009543976612039,Bullish,13,0,1,118.10601671521263,110.18910525301035,108.85485258508017,110.86919544803682,104.50225514132026,6.3669403067165575,0.047329782868851034,5.270931529209733,5.270931529209733,82.94085742159662,108.85485258508017,132.07511515966718,85.63459001049316,118.40398958732172,116.04393922338768,120.88888414181552,70103.0,2024,7,19,4,3,201
2024-08-01,ExxonMobil,Technology,123.66658026526916,125.78816683290812,120.80003121167218,123.66658026526916,140474,386962560938.4672,18.71504037431776,3.8999416345527216,0.0245309118559559,0.1591934548253479,Bullish,13,6,1,120.60228358461788,113.02780711995233,110.0891632250959,112.83802388145719,105.92183478013129,6.916189101325898,-0.0027534060060842025,4.988135621235941,4.988135621235941,80.796268882338,110.0891632250959,133.8229633566407,86.3553630935511,124.00802470529536,118.40398958732172,116.04393922338768,125683.0,2024,8,1,3,3,214
2024-09-17,ExxonMobil,Technology,120.6658741194898,122.17356070340792,118.03051782303504,120.6658741194898,117526,486529487474.5624,5.015497350302276,2.882362187788769,0.0264481626884741,0.2698594602354875,Stable,13,6,2,120.55768158015273,115.59730038523882,110.90275637081852,114.0423085334622,107.013985842306,7.028322691156205,-0.024264487134218027,4.1430428803728745,4.1430428803728745,76.17756520400772,110.90275637081852,134.37130385276367,87.43420888887339,123.66658026526916,124.00802470529536,118.40398958732172,140474.0,2024,9,17,1,3,261
2022-01-24,Ferrari,Aerospace,100.9404288432232,102.57682867442632,99.51901225628346,100.9404288432232,172537,497514936872.4277,14.426595440570878,2.816623210165233,0.0277646098598532,0.3428121452874737,Stable,14,0,2,100.9404288432232,100.9404288432232,100.9404288432232,100.9404288432232,100.9404288432232,0.0,0.0,3.0578164181428633,3.0578164181428633,74.58515328712241,100.9404288432232,102.11116338591206,98.48910233507506,100.9404288432232,100.9404288432232,100.9404288432232,172537.0,2022,1,24,0,1,24
2022-01-28,Ferrari,Finance,99.65983687776394,102.40122239275506,98.5411753942408,99.65983687776394,173855,76427860440.08533,28.98543056405557,0.7190717515740686,0.0211239806026542,0.3776210071799741,Bullish,14,4,1,100.30013286049356,100.30013286049356,100.30013286049356,100.743414694691,100.84557017911511,-0.1021554844241166,-0.01268661110453806,3.860046998514264,3.860046998514264,72.76365429847132,100.30013286049356,102.11116338591206,98.48910233507506,100.9404288432232,100.9404288432232,100.9404288432232,172537.0,2022,1,28,4,1,28
2022-04-17,Ferrari,Healthcare,93.84249400722337,96.14464639841434,92.5097161396094,93.84249400722337,189182,267231894977.5113,9.283186506381227,0.8604461464762969,0.0234249309191164,0.0891908974214987,Stable,14,5,2,98.14758657607017,98.14758657607017,98.14758657607017,99.68173458892674,100.32682379601202,-0.6450892070852774,-0.058371988684626674,3.6349302588049426,3.6349302588049426,65.76009789086399,98.14758657607017,105.71339002719277,90.58178312494756,99.65983687776394,100.9404288432232,100.9404288432232,173855.0,2022,4,17,6,2,107
2022-06-02,Ferrari,Energy,97.10171950309224,98.69395383669035,95.674969818704,97.10171950309224,177659,103990652267.73114,18.95926103963053,1.1336369116498162,0.0448253552593396,0.0313531021541462,Bullish,14,3,1,97.88611980782568,97.88611980782568,97.88611980782568,99.28480919110605,100.08792718172167,-0.8031179906156183,0.03473080644700266,3.018984017986355,3.018984017986355,67.92323830625786,97.88611980782568,104.15148166289985,91.6207579527515,93.84249400722337,99.65983687776394,100.9404288432232,189182.0,2022,6,2,3,2,153
2022-07-05,Ferrari,Automotive,82.796953635427,84.78122004281003,81.20917559672685,82.796953635427,72671,55827732031.82845,22.306839595328253,4.9102476850798125,0.011811785744523,0.0644457497123878,Bearish,14,1,0,94.86828657334596,94.86828657334596,94.86828657334596,96.74821602869389,98.80711432644058,-2.058898297746694,-0.1473173280645117,3.572044446083183,3.572044446083183,55.812802093216305,94.86828657334596,109.41433132798191,80.32224181871,97.10171950309224,93.84249400722337,99.65983687776394,177659.0,2022,7,5,1,3,186
2022-10-09,Ferrari,Energy,103.68721054486662,105.0882324234686,101.89086624408168,103.68721054486662,174123,36386946050.126526,39.59455962942268,1.7743041537307391,0.0497766107023549,-0.7734007912034646,Bullish,14,3,1,95.41764291367463,96.33810723526607,96.33810723526607,97.81575364656662,99.16860293521289,-1.3528492886462686,0.2523070716034308,3.1973661793869184,3.1973661793869184,56.947051990356016,96.33810723526607,111.2081738484347,81.46804062209743,82.796953635427,97.10171950309224,93.84249400722337,72671.0,2022,10,9,6,4,282
2023-05-03,Ferrari,Consumer Goods,117.07059679846334,118.24447660768698,115.68790126235696,117.07059679846334,110566,44617996049.65383,5.07363451115592,0.0731412943883785,0.0105162891192396,-0.2844904734125715,Bullish,14,2,1,98.89979489781452,99.29989145857996,99.29989145857996,100.77803720839688,100.49467655471292,0.2833606536839568,0.12907460990866926,2.5565753453300175,2.5565753453300175,62.73636182691435,99.29989145857996,120.03359291843958,78.56618999872035,103.68721054486662,82.796953635427,97.10171950309224,174123.0,2023,5,3,2,2,123
2023-05-23,Ferrari,Healthcare,116.9670300640034,118.3758375186046,114.44773690996892,116.9670300640034,143105,505340037011.1248,25.95423408116841,0.9268638954125574,0.0474151264522846,0.3766768230931296,Bearish,14,5,0,103.52470210917052,101.50828378425788,101.50828378425788,103.26865149387481,101.71485088873445,1.553800605140367,-0.0008846519731871005,3.928100608635674,3.928100608635674,65.02299505780019,101.50828378425788,124.4110768457442,78.60549072277156,117.07059679846334,103.68721054486662,82.796953635427,110566.0,2023,5,23,1,2,143
2023-07-08,Ferrari,Finance,116.635652791109,117.83251312101412,113.26785660685908,116.635652791109,88413,669721011057.902,31.66673870463454,2.182097993647965,0.0335685845739142,0.3199869002706343,Bullish,14,4,1,107.43148876677387,103.1891025627969,103.1891025627969,105.32511323191083,102.82009547409552,2.5050177578153097,-0.002833082730347769,4.564656514155033,4.564656514155033,60.243555878742384,103.1891025627969,126.86770371133449,79.51050141425932,116.9670300640034,117.07059679846334,103.68721054486662,143105.0,2023,7,8,5,3,189
2023-08-01,Ferrari,Automotive,114.24366014713836,116.58281850219694,111.44421125433112,114.24366014713836,171790,180830427035.2508,37.39730655088675,0.0787145649783849,0.0108887392810232,0.8970406550278303,Bearish,14,1,0,113.72083006911615,104.29455832123104,104.29455832123104,106.69719737271507,103.66628544987647,3.030911922838598,-0.02050824586419242,5.138607247865821,5.138607247865821,62.265960578775044,104.29455832123104,127.6881493120228,80.90096733043927,116.635652791109,116.9670300640034,117.07059679846334,88413.0,2023,8,1,1,3,213
2023-08-10,Ferrari,Healthcare,114.95007298653344,117.05522102275802,112.42311457883086,114.95007298653344,168012,323807526413.20825,18.11812487236287,2.074075596944736,0.0120389950808976,-0.1897838908242866,Bearish,14,5,0,115.9734025574495,105.69552273556208,105.26324147262217,107.96687054407172,104.50212156370291,3.4647489803688103,0.006183387668823537,4.632106443927157,4.632106443927157,61.39221791711889,105.26324147262217,128.36781590286705,82.15866704237727,114.24366014713836,116.635652791109,116.9670300640034,171790.0,2023,8,10,3,3,222
2023-10-11,Ferrari,Technology,115.68789797885826,117.10753781925936,112.2217310215617,115.68789797885826,87626,596888989510.4362,22.19963621349949,1.1539732696326588,0.0379735786501057,-0.084073571020929,Bearish,14,6,0,115.6968627935285,107.29832884567149,106.13196284814184,109.15472091865428,105.33069759445516,3.8240233241991177,0.006418656144840051,4.8858067976976685,4.8858067976976685,58.56912698973749,106.13196284814184,128.96870151308823,83.29522418319544,114.95007298653344,114.24366014713836,116.635652791109,168012.0,2023,10,11,2,4,284
2024-03-10,Ferrari,Healthcare,117.22137332482464,118.4588788415737,114.00393542825746,117.22137332482464,91427,244413059347.8028,14.41388110583851,3.9290632273418655,0.0215776357987283,-0.5942935225442696,Bearish,14,5,0,115.74773144569274,109.63621677743163,106.9849944232713,110.39574436575741,106.21148838929734,4.184255976460065,0.013255278838644191,4.4549434133162436,4.4549434133162436,59.80222684293863,106.9849944232713,129.69832492743845,84.27166391910416,115.68789797885826,114.95007298653344,114.24366014713836,87626.0,2024,3,10,6,1,70
2024-04-19,Ferrari,Automotive,116.15994284361926,117.71678885415238,113.90705147795516,116.15994284361926,158872,957365565006.6926,8.495338739766236,2.8423244925396998,0.0378074986484026,0.2424530609603346,Stable,14,1,2,115.6525894561948,111.54203911148434,107.64034788186757,111.28254413158231,106.94841094146933,4.334133190112979,-0.009054922759385464,3.8097373761972193,3.8097373761972193,61.564690303628105,107.64034788186757,130.00689565104847,85.27380011268666,117.22137332482464,115.68789797885826,114.95007298653344,91427.0,2024,4,19,4,2,110
2024-07-25,Ferrari,Healthcare,126.39551634405888,130.16639881617078,124.22845522117284,126.39551634405888,64153,77340442578.61339,35.23865532572536,2.615715103485826,0.0480558744791642,-0.8088817920833296,Stable,14,5,2,118.08296069557889,115.90189538234752,108.89069244601366,113.60761677965563,108.38893726758707,5.218679512068562,0.08811620641221629,5.937943594997947,5.937943594997947,66.73856989817718,108.89069244601366,132.51972370128914,85.2616611907382,116.15994284361926,117.22137332482464,115.68789797885826,158872.0,2024,7,25,3,3,207
2022-04-27,Ford,Aerospace,90.99980955069336,92.68036991682884,88.73589522448924,90.99980955069336,100015,354517505184.6882,27.31436425645804,1.723020422237798,0.0470766538532443,-0.0394114824172884,Stable,15,0,2,90.99980955069336,90.99980955069336,90.99980955069336,90.99980955069336,90.99980955069336,0.0,0.0,3.944474692339597,3.944474692339597,67.8818113072064,90.99980955069336,98.17546271117368,87.57277321203958,90.99980955069336,90.99980955069336,90.99980955069336,100015.0,2022,4,27,2,2,117
2022-09-09,Ford,Consumer Goods,94.74842637251992,96.88249079878996,92.00078991663284,94.74842637251992,140272,830811875232.874,11.53531535205645,3.628629551820517,0.0337656745102583,-0.234233705431633,Bearish,15,2,0,92.87411796160663,92.87411796160663,92.87411796160663,91.57651983097436,91.27748487082866,0.2990349601457041,0.04119367766081217,4.881700882157119,4.881700882157119,74.9708937663899,92.87411796160663,98.17546271117368,87.57277321203958,90.99980955069336,90.99980955069336,90.99980955069336,100015.0,2022,9,9,4,3,252
2022-09-27,Ford,Healthcare,101.54838039693118,103.75631190247626,100.50537236350826,101.54838039693118,186967,463917367467.4043,25.93394202791563,3.353377626911628,0.0109873662889833,0.1292797157924039,Stable,15,5,2,95.76553877338148,95.76553877338148,95.76553877338148,93.11065222573694,92.03829194683625,1.072360278900689,0.07176851674217843,3.250939538967998,3.250939538967998,76.13346570552274,95.76553877338148,106.46020565954758,85.07087188721538,94.74842637251992,90.99980955069336,90.99980955069336,140272.0,2022,9,27,1,3,270
2022-09-29,Ford,Aerospace,101.10148602426084,103.79011561415524,99.31126405369352,101.10148602426084,99377,748123732488.1364,17.72925936646491,1.0201233286928937,0.0318678531318535,-0.430799235390638,Bearish,15,0,0,97.09952558610132,97.09952558610132,97.09952558610132,94.3400112716637,92.7096396562751,1.6303716153885972,-0.004400802562517736,4.47885156046172,4.47885156046172,93.04920870917672,97.09952558610132,107.33294793323779,86.86610323896485,101.54838039693118,94.74842637251992,90.99980955069336,186967.0,2022,9,29,3,3,272
2023-01-11,Ford,Healthcare,118.11701154002176,119.34079333472432,115.59545271002676,118.11701154002176,79375,773049957236.7877,23.643656036654424,3.703130744471853,0.0309285221988349,-0.5149114468340585,Bullish,15,5,1,101.3030227768854,101.3030227768854,101.3030227768854,97.99801131294956,94.5916672032193,3.406344109730256,0.16830143833571154,3.745340624697562,3.745340624697562,92.58879372277539,101.3030227768854,122.08594779623118,80.52009775753962,101.10148602426084,101.54838039693118,94.74842637251992,99377.0,2023,1,11,2,1,11
2023-01-22,Ford,Finance,115.89113875372864,117.1016737448776,113.49155432383922,115.89113875372864,128781,442856463618.52936,7.598430554593525,3.1731962824369027,0.0463094173271005,0.3480757348499135,Bullish,15,4,1,106.28128861749246,103.73437543969261,103.73437543969261,100.7508001499925,96.16940583659036,4.581394313402143,-0.018844641912896032,3.6101194210383767,3.6101194210383767,86.13996664336283,103.73437543969261,125.81195221773488,81.65679866165034,118.11701154002176,101.10148602426084,101.54838039693118,79375.0,2023,1,22,6,1,22
2023-01-25,Ford,Aerospace,112.62515653711304,115.12255843549524,111.3874837207528,112.62515653711304,144758,724698249941.5028,25.9582903734222,1.0594716522005454,0.0408178888429595,0.591320461322884,Stable,15,0,2,109.8566346504111,105.0044870250384,105.0044870250384,102.57762420954951,97.38835033292537,5.189273876624142,-0.02818146625995177,3.7350747147424386,3.7350747147424386,80.74580164561273,105.0044870250384,126.24953272100527,83.75944132907154,115.89113875372864,118.11701154002176,101.10148602426084,128781.0,2023,1,25,2,1,25
2023-04-22,Ford,Consumer Goods,109.91624967227044,112.19793410818504,108.30524707919636,109.91624967227044,109163,439168609273.0488,18.64553235295404,3.159943401980945,0.0420673717276522,-0.4745581128773943,Bearish,15,2,0,111.53020850547895,105.6184573559424,105.6184573559424,103.70664351150657,98.31634287658056,5.390300634926007,-0.024052413760241476,3.892687028988675,3.892687028988675,77.1152964437034,105.6184573559424,125.59183514739959,85.6450795644852,112.62515653711304,115.89113875372864,118.11701154002176,144758.0,2023,4,22,5,2,112
2023-07-01,Ford,Finance,119.4285563882876,122.89992476667838,118.06865328330905,119.4285563882876,71732,397263116567.2184,5.9597108490430175,3.150199392399911,0.0467017203861497,-0.8407898460149887,Bullish,15,4,1,115.19562257828429,107.15291280398075,107.15291280398075,106.12539933870366,99.88021054411442,6.2451887945892395,0.08654140533705745,4.831271483369335,4.831271483369335,83.81785880850758,107.15291280398075,127.98156541625421,86.3242601917073,109.91624967227044,112.62515653711304,115.89113875372864,109163.0,2023,7,1,5,3,182
2023-09-26,Ford,Automotive,120.32473541179296,123.01390360129685,117.55524597203524,120.32473541179296,158319,925749156049.831,21.046324859924024,2.274362214014341,0.0392351849328883,0.5554349781451013,Bearish,15,1,0,115.63716735263854,108.47009506476198,108.47009506476198,108.3099125807174,101.39461979357209,6.9152927871453045,0.00750389229014603,5.458657629261609,5.458657629261609,83.86887887061181,108.47009506476198,129.80147788201077,87.13871224751318,119.4285563882876,109.91624967227044,112.62515653711304,71732.0,2023,9,26,1,3,269
2023-10-24,Ford,Technology,118.54317671949951,120.99761967690966,116.60218200455492,118.54317671949951,105393,813952522031.2668,33.23062698141969,1.0027648892263326,0.0227618029732895,-0.1014636830687265,Bearish,15,6,0,116.16757494579272,111.22443178164258,109.38582976064721,109.8842609097608,102.66488326956672,7.219377640194082,-0.014806254808675368,4.3954376723547455,4.3954376723547455,81.23433245049617,109.38582976064721,130.51453499947638,88.25712452181803,120.32473541179296,119.4285563882876,109.91624967227044,158319.0,2023,10,24,1,4,297
2023-11-02,Ford,Healthcare,115.59405938635872,117.12811979668922,113.1241630942232,115.59405938635872,93088,715775416192.1752,13.9616647786734,2.176968230878678,0.0124360773239797,-0.0898487289592311,Bullish,15,5,1,116.76135551564184,113.30899508302646,109.90318222945649,110.76269144462202,103.6226000189587,7.140091425663314,-0.024878001541320915,4.003956702466013,4.003956702466013,76.95092968980671,109.90318222945649,130.3649935314457,89.4413709274673,118.54317671949951,120.32473541179296,119.4285563882876,105393.0,2023,11,2,3,4,306
2023-12-14,Ford,Technology,125.5640678523818,127.16305663465543,124.25816665820616,125.5640678523818,141865,593945030554.024,29.421469662570036,1.5181196907192014,0.0382806117709036,0.9389817988123564,Bullish,15,6,1,119.89091915166412,115.71056382857152,111.1078657389123,113.03982627658506,105.24789393254561,7.791932344039452,0.08625018032024956,2.904889976449269,2.904889976449269,81.30381872726292,111.1078657389123,132.53823875383375,89.67749272399084,115.59405938635872,118.54317671949951,120.32473541179296,93088.0,2023,12,14,3,4,348
2024-03-14,Ford,Aerospace,119.27836477981016,120.81491812898552,116.3297102173505,119.27836477981016,162221,788114086303.9728,8.668282274915024,3.512441707942344,0.0339135994738274,0.9895499091478122,Stable,15,0,2,119.86088082996864,117.52825170412646,111.69147281326214,113.99960143092738,106.28718806938002,7.7124133615473625,-0.05005972791484714,4.48520791163503,4.48520791163503,70.91404122612285,111.69147281326214,132.73919409472592,90.64375153179834,125.5640678523818,115.59405938635872,118.54317671949951,141865.0,2024,3,14,3,1,74
2024-05-07,Ford,Automotive,117.49621688477885,119.962437975732,114.76276753177336,117.49621688477885,93925,80885428964.94264,14.353842042775836,3.1854735041222124,0.0125251963683186,-0.9953531877361396,Bearish,15,1,0,119.29517712456581,117.46617223860217,112.07845575136325,114.53754226998146,107.1174865001503,7.420055769831151,-0.014941082553581175,5.199670443958638,5.199670443958638,69.09271909613123,112.07845575136325,132.58086030046212,91.57605120226438,119.27836477981016,125.5640678523818,115.59405938635872,162221.0,2024,5,7,1,2,128
2024-06-08,Ford,Aerospace,110.71465338151432,112.37714093014112,107.79155695153564,110.71465338151432,133122,174578843066.6322,7.090077113981126,1.7071263480214915,0.0393143674932732,-0.6701319462945379,Bearish,15,0,0,117.72947245696878,116.94852370138076,111.9932181032477,113.94940551790958,107.38394330617726,6.565462211732324,-0.05771729237814338,4.585583978605484,4.585583978605484,61.023092865597434,111.9932181032477,131.8121570767292,92.17427912976619,117.49621688477885,119.27836477981016,125.5640678523818,93925.0,2024,6,8,5,2,160
2024-06-12,Ford,Technology,113.49523340161768,115.8380763252247,110.8101023789489,113.49523340161768,121324,792301540126.7827,13.370557222378508,0.0251327630490155,0.0382225084659876,-0.5633937763769754,Stable,15,6,2,117.30970726002056,117.0355313878312,112.08157194432827,113.8795328846339,107.83663146139507,6.042901423238831,0.025114832907634055,5.027973946275807,5.027973946275807,58.73278010050513,112.08157194432827,131.28500343303136,92.87814045562517,110.71465338151432,117.49621688477885,119.27836477981016,133122.0,2024,6,12,2,2,164
2024-08-20,Ford,Finance,122.8930109767271,126.1769070773042,119.52329487736884,122.8930109767271,194790,991596820461.4036,18.83220742084896,3.967853272694008,0.011709584242478,-0.5924890283001125,Stable,15,4,2,116.77549588488962,118.3332075182769,112.68220744612822,115.26622182187901,108.95191883290114,6.314302988977872,0.08280327986862801,6.653612199935353,6.653612199935353,64.08572404840706,112.68220744612822,131.9968200405475,93.36759485170892,113.49523340161768,110.71465338151432,117.49621688477885,121324.0,2024,8,20,1,3,233
2024-08-26,Ford,Aerospace,122.99601277412772,126.06073944966396,119.358214717313,122.99601277412772,167718,550066427675.2056,15.849997801012623,0.1362500597540755,0.0155600882079631,0.4179285342475549,Bullish,15,0,1,117.51902548375313,118.68995315686088,113.22503930549661,116.45542042991727,109.99222208780681,6.463198342110459,0.000838142027622224,6.702524732350952,6.702524732350952,54.03618815740118,113.22503930549661,132.5828199509496,93.8672586600436,122.8930109767271,113.49523340161768,110.71465338151432,194790.0,2024,8,26,0,3,239
2022-05-08,General Motors,Energy,93.35532339489151,94.298798748441,91.32854381023122,93.35532339489151,93585,949357490260.708,10.78529388395611,2.74654885740052,0.0245645110004199,0.2263038222060358,Bullish,16,3,1,93.35532339489151,93.35532339489151,93.35532339489151,93.35532339489151,93.35532339489151,0.0,0.0,2.970254938209777,2.970254938209777,56.10228839560362,93.35532339489151,98.53848165876462,90.87988717716638,93.35532339489151,93.35532339489151,93.35532339489151,93585.0,2022,5,8,6,2,128
2022-05-24,General Motors,Healthcare,96.0630454410395,97.22229201951882,94.63632131371664,96.0630454410395,142787,413380757056.1455,27.090972608484723,2.6714527594683792,0.0135036518962378,0.4763365410736873,Bullish,16,5,1,94.7091844179655,94.7091844179655,94.7091844179655,93.77189601737582,93.55589539830989,0.21600061906593737,0.029004473956930843,2.5859707058021826,2.5859707058021826,61.34179296453203,94.7091844179655,98.53848165876462,90.87988717716638,93.35532339489151,93.35532339489151,93.35532339489151,93585.0,2022,5,24,1,2,144
2022-11-05,General Motors,Consumer Goods,113.23777962130444,115.44177782648175,110.32316905924534,113.23777962130444,106958,161239705224.74203,35.793766988309336,2.05669733249572,0.02195131484217,-0.3675697548733398,Stable,16,2,2,100.88538281907849,100.88538281907849,100.88538281907849,96.76664734105715,95.01381274816133,1.752834592895823,0.1787860680599207,5.11860876723641,5.11860876723641,72.85158229591705,100.88538281907849,122.45102398641042,79.31974165174655,96.0630454410395,93.35532339489151,93.35532339489151,142787.0,2022,11,5,5,4,309
2022-12-04,General Motors,Energy,104.30062024230168,105.92450849589316,102.8251367076144,104.30062024230168,81024,19409291019.47925,35.323527998796976,4.132440450978812,0.0290584508495759,-0.1939373774345267,Bullish,16,3,1,101.73919217488428,101.73919217488428,101.73919217488428,97.92572009509476,95.70172441439394,2.223995680700824,-0.07892383097664812,3.0993717882787593,3.0993717882787593,60.14207577951338,101.73919217488428,119.67561041531712,83.80277393445144,113.23777962130444,96.0630454410395,93.35532339489151,106958.0,2022,12,4,6,4,338
2023-01-12,General Motors,Automotive,119.63764126340288,123.06945489696577,117.25269814623664,119.63764126340288,190734,230823629348.4025,27.22811870684016,4.314861994934812,0.0208714606432051,-0.4166130985568279,Stable,16,1,2,105.31888199258802,105.31888199258802,105.31888199258802,101.26601565944986,97.4747552920983,3.791260367351569,0.1470463069679897,5.816756750729127,5.816756750729127,66.83581618782176,105.31888199258802,127.62515708035723,83.01260690481881,104.30062024230168,113.23777962130444,96.0630454410395,81024.0,2023,1,12,3,1,12
2023-02-10,General Motors,Automotive,111.56099701018206,113.26454939560593,108.83017588572667,111.56099701018206,66364,294873805370.1344,13.83075374437923,1.6377608259006622,0.0416005936623952,0.4347255060727337,Bearish,16,1,0,108.9600167156461,106.35923449552035,106.35923449552035,102.8498589441779,98.51818060454893,4.331678339628965,-0.06750922341772603,4.434373509879251,4.434373509879251,62.27661938773813,106.35923449552035,126.95127000834833,85.76719898269238,119.63764126340288,104.30062024230168,113.23777962130444,190734.0,2023,2,10,4,1,41
2023-06-21,General Motors,Technology,124.38299167309307,126.64113806047106,121.44247782477424,124.38299167309307,73960,579835484444.1572,25.65999400336059,3.9335417035365454,0.0177665147618432,-0.3240368990603277,Bearish,16,6,0,114.62400596205683,108.9340569494593,108.9340569494593,106.16264859478024,100.4340925355522,5.7285560592280405,0.11493259298983105,5.198660235696821,5.198660235696821,68.80927204147707,108.9340569494593,132.1502546903026,85.71785920861599,111.56099701018206,119.63764126340288,104.30062024230168,66364.0,2023,6,21,2,2,172
2023-06-24,General Motors,Energy,120.608090193123,124.1316026933762,119.29201835489246,120.608090193123,164821,652471122284.9075,20.754317641367628,0.75304051609137,0.0110323757145272,0.5011969134882528,Bearish,16,3,0,116.09806807642053,110.39331110491727,110.39331110491727,108.38502422529452,101.92846273240929,6.456561492885228,-0.03034901660744238,4.839584338483732,4.839584338483732,62.8618523942706,110.39331110491727,133.41796158422875,87.3686606256058,124.38299167309307,111.56099701018206,119.63764126340288,73960.0,2023,6,24,5,2,175
2023-08-29,General Motors,Finance,111.85934286955776,113.556250370939,108.66817768845316,111.85934286955776,56970,661970718020.7756,29.815480350046112,2.30583450626955,0.0106670325395935,-0.5598198679054551,Stable,16,4,2,117.60981260187177,110.55620352321066,110.55620352321066,108.9195347859504,102.66408348330917,6.255451302641234,-0.07253864404582111,4.888072682485841,4.888072682485841,61.28874490225453,110.55620352321066,132.11595619619834,88.99645085022297,120.608090193123,124.38299167309307,111.56099701018206,164821.0,2023,8,29,1,3,241
2023-09-07,General Motors,Energy,116.8147630844357,119.53821853230436,114.60626124981684,116.8147630844357,62763,795714861324.7068,39.98998314545699,3.158217575414458,0.0482878785407693,0.0182708258431982,Bullish,16,3,1,117.04523696607832,111.18205947933316,111.18205947933316,110.13418529340967,103.71228197228152,6.4219033211281555,0.04430045884192779,4.931957282487517,4.931957282487517,64.25197561999778,111.18205947933316,131.8906028761919,90.4735160824744,111.85934286955776,120.608090193123,124.38299167309307,56970.0,2023,9,7,3,3,250
2023-11-04,General Motors,Finance,118.30198231392316,120.55510156413976,114.97898343968475,118.30198231392316,105479,822571025398.241,39.0036564836706,3.346543045809396,0.0385765640588199,-0.3917523010639276,Bullish,16,4,1,118.39343402682655,113.67672537123633,111.82932519156861,111.39076945041174,104.79300051610683,6.597768934304909,0.012731432142806032,5.576118124455007,5.576118124455007,69.32860243447554,111.82932519156861,131.93885826312433,91.71979212001288,116.8147630844357,111.85934286955776,120.608090193123,62763.0,2023,11,4,5,4,308
2023-12-09,General Motors,Automotive,125.89551854128582,127.75074745268012,123.7518846169907,125.89551854128582,154680,526972694959.6272,5.857445689367832,3.5333776683884994,0.0223520910139846,-0.1103212813189409,Bearish,16,1,0,118.6959394004651,116.65997268126095,113.00150797071171,113.62226931054622,106.35614999945342,7.266119311092794,0.06418773446426829,3.9988628356894225,3.9988628356894225,70.78851253154629,113.00150797071171,133.82416125225257,92.17885468917086,118.30198231392316,116.8147630844357,111.85934286955776,105479.0,2023,12,9,5,4,343
2024-02-15,General Motors,Aerospace,116.94051611272602,119.11289438941628,113.85419272014296,116.94051611272602,131264,379097947062.3832,9.547547358749544,3.647318849158319,0.029425874613371,-0.2961404585364464,Stable,16,0,2,117.96242458438569,117.03024633040312,113.30450859702052,114.13276881857388,107.14017711895511,6.992591699618771,-0.07113043047376721,5.2587016692733215,5.2587016692733215,61.76490716732195,113.30450859702052,133.36005820170405,93.24895899233698,125.89551854128582,118.30198231392316,116.8147630844357,154680.0,2024,2,15,3,1,46
2024-07-07,General Motors,Healthcare,120.13155637224656,122.00923571351196,117.74007599028668,120.13155637224656,114435,646444033339.0455,29.15337953832452,4.112473246451136,0.0423227126846409,0.1468636507113221,Bearish,16,5,0,119.61686728492346,118.61333994339759,113.79215486667951,115.05565921144661,108.10250150808781,6.953157703358798,0.027287721703267653,4.269159723225272,4.269159723225272,62.90282290522971,113.79215486667951,133.4034122835708,94.18089744978823,116.94051611272602,125.89551854128582,118.30198231392316,131264.0,2024,7,7,6,3,189
2022-05-27,Gilead Sciences,Energy,98.95879178234426,100.59686648672007,96.50970492152848,98.95879178234426,190546,460221831248.37,36.82865672029386,1.5441721200367042,0.0120223675183815,-0.0152753929607483,Bearish,17,3,0,98.95879178234426,98.95879178234426,98.95879178234426,98.95879178234426,98.95879178234426,0.0,0.0,4.087161565191593,4.087161565191593,62.90282290522971,98.95879178234426,108.2880745335541,79.42480070566057,98.95879178234426,98.95879178234426,98.95879178234426,190546.0,2022,5,27,4,2,147
2022-07-18,Gilead Sciences,Finance,88.7540834568704,91.391717530564,86.7084790120054,88.7540834568704,183983,804173002421.4967,8.109408578064754,4.885521165257867,0.0302832969624106,-0.7571701889900557,Stable,17,4,2,93.85643761960733,93.85643761960733,93.85643761960733,97.38883665534829,98.2028874619388,-0.8140508065905152,-0.10312078534587099,4.683238518558596,4.683238518558596,56.23046726140264,93.85643761960733,108.2880745335541,79.42480070566057,98.95879178234426,98.95879178234426,98.95879178234426,190546.0,2022,7,18,0,3,199
2022-09-26,Gilead Sciences,Energy,101.1811974171524,102.84862161039408,98.5064963047328,101.1811974171524,126213,897538711898.1577,22.74678863529044,2.734379829380223,0.0166360409748314,0.7371140564989216,Stable,17,3,2,96.29802421878902,96.29802421878902,96.29802421878902,97.97227677254892,98.42350301417684,-0.45122624162792135,0.14001737696182603,4.34212530566127,4.34212530566127,54.27947556063002,96.29802421878902,109.55216370287621,83.04388473470183,88.7540834568704,98.95879178234426,98.95879178234426,183983.0,2022,9,26,0,3,269
2022-10-24,Gilead Sciences,Aerospace,108.55385011360268,109.64282899989634,106.5925654378485,108.55385011360268,191564,883023362868.3239,39.07100864916606,4.938297961706259,0.0461082204178142,-0.9788977550996204,Bullish,17,0,1,99.36198069249244,99.36198069249244,99.36198069249244,99.60021113271105,99.1738990956158,0.4263120370952578,0.07286583757310283,3.0502635620478316,3.0502635620478316,62.113846146996494,99.36198069249244,115.71190660485499,83.01205478012989,101.1811974171524,88.7540834568704,98.95879178234426,126213.0,2022,10,24,0,4,297
2023-01-31,Gilead Sciences,Automotive,109.75076399802658,111.63883306757462,106.54474561022434,109.75076399802658,148116,472060927642.4102,39.61599254225609,3.7469522640057953,0.0490071990390203,-0.7378827383914193,Bearish,17,1,0,101.43973735359927,101.43973735359927,101.43973735359927,101.16183465045191,99.95737056986844,1.2044640805834632,0.011025992013837582,5.094087457350284,5.094087457350284,56.21429221618834,101.43973735359927,118.37583822895674,84.5036364782418,108.55385011360268,101.1811974171524,88.7540834568704,191564.0,2023,1,31,1,1,31
2023-02-01,Gilead Sciences,Energy,110.17511512085515,113.4103146699766,108.1644467683452,110.17511512085515,147379,543689572984.16815,26.91616600575984,2.8595610192530034,0.0433281742638669,0.5947887158155571,Bullish,17,3,1,103.68300202130145,102.89563364814192,102.89563364814192,102.5484931843601,100.7142405366082,1.834252647751896,0.0038664981214726613,5.245867901631399,5.245867901631399,61.89779051465163,102.89563364814192,119.63888383379404,86.15238346248981,109.75076399802658,108.55385011360268,101.1811974171524,148116.0,2023,2,1,2,1,32
2023-03-12,Gilead Sciences,Automotive,114.83368291743108,117.9243363688736,112.42425943588282,114.83368291743108,138668,103689612088.17302,39.43441094994032,1.017182375680456,0.0447267718130601,-0.8493971328030605,Bullish,17,1,1,108.89892191341357,104.60106925804037,104.60106925804037,104.43852237406333,101.76012515740989,2.678397216653437,0.04228330318934326,5.50007693299078,5.50007693299078,57.749985808454014,104.60106925804037,122.35077309582466,86.85136542025607,110.17511512085515,109.75076399802658,108.55385011360268,147379.0,2023,3,12,6,1,71
2023-03-24,Gilead Sciences,Automotive,113.00443031473203,115.63551871501808,111.60706843460254,113.00443031473203,181484,824689532849.937,26.78818935054108,1.4044098259312188,0.0201704492577945,-0.7507051420143733,Stable,17,1,2,111.2635684929295,105.65148939012683,105.65148939012683,105.75635436493543,102.59303665054486,3.1633177143905726,-0.015929582298726208,4.028450280415541,4.028450280415541,59.28824200766001,105.65148939012683,123.12583625160292,88.17714252865073,114.83368291743108,110.17511512085515,109.75076399802658,138668.0,2023,3,24,4,1,83
2023-10-10,Gilead Sciences,Energy,115.40744095348651,118.261817518887,114.11317011304324,115.40744095348651,74285,548951221929.82526,15.585661740128296,0.3326380410542762,0.0117326109301724,0.0629584925636417,Bearish,17,3,0,112.63428666090627,106.7354840082779,106.7354840082779,107.24113691702021,103.5422517840961,3.6988851329241186,0.021264747161343855,4.148647405843761,4.148647405843761,68.53171766609344,106.7354840082779,124.32767814130973,89.14328987524605,113.00443031473203,114.83368291743108,110.17511512085515,181484.0,2023,10,10,1,4,283
2023-11-01,Gilead Sciences,Automotive,116.16142327466672,118.06535883958828,112.77241450212703,116.16142327466672,120390,747128840419.6869,15.916467800149816,1.7375354121259052,0.032954023919001,-0.4040901373662691,Bullish,17,1,1,113.9164185162343,107.67807793491679,107.67807793491679,108.61348866435044,104.47700522784207,4.136483436508371,0.0065332210380097955,5.29294433746125,5.29294433746125,66.41623547869494,107.67807793491679,125.30298564817362,90.05317022165995,115.40744095348651,113.00443031473203,114.83368291743108,74285.0,2023,11,1,2,4,305
2023-12-11,Gilead Sciences,Consumer Goods,124.69610835718623,126.69495808294737,123.10713721477212,124.69610835718623,199849,3581430830.137403,24.219561769701045,0.7799043184946658,0.0206399077237063,-0.7329315336785012,Bullish,17,2,1,116.82061716350051,110.25180959240097,109.22517160966855,111.08773784786365,105.97471657075644,5.113021277107208,0.0734726283642293,3.5878208681752426,3.5878208681752426,69.81951472660381,109.22517160966855,128.84372363582082,89.60661958351629,116.16142327466672,115.40744095348651,113.00443031473203,120390.0,2023,12,11,0,4,345
2023-12-18,Gilead Sciences,Consumer Goods,124.34013887173111,127.67725580015085,121.51609159369396,124.34013887173111,191560,361411746591.4892,28.86120254315564,4.377028125609171,0.042643161693734,0.8646962832674217,Stable,17,2,2,118.72190835436052,113.81041513388705,110.48475221484044,113.1265687746125,107.33511822268048,5.791450551932016,-0.0028546960297707313,6.161164206456888,6.161164206456888,65.74245752148441,110.48475221484044,131.125776455893,89.84372797378788,124.69610835718623,116.16142327466672,115.40744095348651,199849.0,2023,12,18,0,4,352
2024-01-01,Gilead Sciences,Consumer Goods,124.02017629673009,125.2811282722188,122.34180499271471,124.02017629673009,177449,236000349217.18283,5.770942242833595,0.631782406572553,0.0242628530380327,-0.8164447870576483,Bearish,17,2,0,120.92505755076013,116.09431302184483,111.5259386826781,114.80250839339982,108.57104845038785,6.23145994301197,-0.002573284684289301,2.9393232795040802,2.9393232795040802,76.31941592899307,111.5259386826781,132.66640130309176,90.38547606226446,124.34013887173111,124.69610835718623,116.16142327466672,191560.0,2024,1,1,0,1,1
2024-02-03,Gilead Sciences,Automotive,118.55823098490444,120.1085598845378,116.1783016005731,118.55823098490444,159779,442967526544.1888,11.61638336546361,2.4538250335618024,0.0229492330244169,-0.9761640340435158,Bullish,17,1,1,121.55521555704372,117.09475110897499,112.02824527569427,115.38031186901591,109.31083974924094,6.0694721197749715,-0.044040780096598287,3.9302582839646902,3.9302582839646902,67.51729316393755,112.02824527569427,132.68424271098465,91.37224784040392,124.02017629673009,124.34013887173111,124.69610835718623,177449.0,2024,2,3,5,1,34
2024-02-09,Gilead Sciences,Healthcare,115.71437477719108,119.04315704282656,113.5451226160044,115.71437477719108,174049,593219179661.7693,21.343879998726376,1.855847580097657,0.0415188053436372,0.7387046019846948,Bearish,17,5,0,121.46580585754859,117.69111218689144,112.27398724246072,115.43170616258132,109.78517567723725,5.646530485344073,-0.023986999334322467,5.498034426822159,5.498034426822159,64.25110225940912,112.27398724246072,132.26941501725963,92.27855946766182,118.55823098490444,124.02017629673009,124.34013887173111,159779.0,2024,2,9,4,1,40
2024-04-09,Gilead Sciences,Finance,116.012108083375,117.43800199773014,112.71675760373212,116.012108083375,115545,674629502602.6394,6.826952016574007,1.6800352949505435,0.0156797703740833,0.9006140274723624,Bearish,17,4,0,119.72900580278636,118.27481148314344,112.50761979501786,115.52099876578035,110.24642992954375,5.274568836236597,0.002573001900215033,4.72124439399802,4.72124439399802,77.88259646256195,112.50761979501786,131.91524827695005,93.09999131308567,115.71437477719108,118.55823098490444,124.02017629673009,174049.0,2024,4,9,1,2,100
2024-05-05,Gilead Sciences,Energy,114.91526949489204,116.4937015256717,111.87592610078846,114.91526949489204,174450,506601447291.9041,31.68081612076785,1.4688795308719538,0.0148755233012908,0.856028473458762,Bullish,17,3,1,117.84403192741851,118.28297014088953,112.64924624795164,115.42780964718216,110.59226989734734,4.8355397498348225,-0.009454518210243013,4.617775424883234,4.617775424883234,68.28784806287098,112.64924624795164,131.4768586333422,93.82163386256107,116.012108083375,115.71437477719108,118.55823098490444,115545.0,2024,5,5,6,2,126
2024-06-06,Gilead Sciences,Consumer Goods,111.743053715897,112.96624800331824,109.92597389595556,111.743053715897,104917,233412893024.11832,26.115213200023007,3.5506632028226863,0.0428891245030804,-0.826434091870019,Stable,17,2,2,115.38860741125191,118.15683248100602,112.59890221839305,114.86092411929214,110.67751314316583,4.183410976126311,-0.027604823910159726,3.040274107362677,3.040274107362677,54.78151724871644,112.59890221839305,130.8693638569124,94.3284405798737,114.91526949489204,116.012108083375,115.71437477719108,174450.0,2024,6,6,3,2,158
2024-07-08,Gilead Sciences,Finance,120.42983084241692,122.22238961525836,119.16668922608444,120.42983084241692,90631,499834501143.6397,37.5712381696288,0.8667152648764043,0.0228289809783983,-0.8033101568195737,Bullish,17,4,1,115.76292738275443,118.65907146989908,113.01105635649957,115.71767899977289,111.39990704681405,4.317771952958836,0.07773885568409256,3.0557003891739214,3.0557003891739214,63.074546580986,113.01105635649957,131.12665681292955,94.89545590006956,111.743053715897,114.91526949489204,116.012108083375,104917.0,2024,7,8,0,3,190
2024-09-14,Gilead Sciences,Finance,125.74589702284744,128.9437948481882,123.31207464127588,125.74589702284744,187855,126108336862.3943,13.603260375715356,2.8284408607050286,0.0278880412886575,0.1644748976051726,Stable,17,4,2,117.76923183188569,119.61751884471714,113.64779838981697,117.26048177255359,112.46257297096467,4.7979088015889175,0.04414243666410722,5.631720206912306,5.631720206912306,67.02436918730356,113.64779838981697,132.17717630418474,95.1184204754492,120.42983084241692,111.743053715897,114.91526949489204,90631.0,2024,9,14,5,3,258
2024-09-15,Gilead Sciences,Consumer Goods,122.56438131806377,125.07129791193586,120.37503781632026,122.56438131806377,91914,474861773796.3077,19.09675394617881,0.9133619211983408,0.0431928505886914,-0.4002514631118701,Stable,17,2,2,119.07968647882345,119.4043461408049,114.82807786660294,118.07646631801668,113.2108550707498,4.865611247266884,-0.02530114922322768,4.6962600956155995,4.6962600956155995,58.73450019323208,114.82807786660294,132.4003773065224,97.25577842668349,125.74589702284744,120.42983084241692,111.743053715897,187855.0,2024,9,15,6,3,259
2022-02-12,Goldman Sachs,Technology,95.8643598516146,98.1776623401133,93.58355135016008,95.8643598516146,191699,339931974650.29474,20.18301792891701,1.82177119214116,0.0434599396247213,-0.2435509695133104,Stable,18,6,2,95.8643598516146,95.8643598516146,95.8643598516146,95.8643598516146,95.8643598516146,0.0,0.0,4.594110989953222,4.594110989953222,61.26700121689702,95.8643598516146,98.21535314475149,90.94176470318008,95.8643598516146,95.8643598516146,95.8643598516146,191699.0,2022,2,12,5,1,43
2022-06-23,Goldman Sachs,Aerospace,93.29275799631698,94.46370926974546,91.6949874801756,93.29275799631698,120467,588675493212.961,16.031633238407565,4.674972159193827,0.0490413079440081,-0.4270525245108327,Stable,18,0,2,94.57855892396579,94.57855892396579,94.57855892396579,95.46872879695343,95.67387082529626,-0.20514202834283424,-0.026825421452541076,2.7687217895698666,2.7687217895698666,55.38271829969206,94.57855892396579,98.21535314475149,90.94176470318008,95.8643598516146,95.8643598516146,95.8643598516146,191699.0,2022,6,23,3,2,174
2022-07-08,Goldman Sachs,Aerospace,83.21914550344194,84.8492684205283,82.03942617340742,83.21914550344194,101663,644902103975.1963,30.38045046428902,0.5809547826272299,0.0132809474084588,0.5837826475914585,Bullish,18,0,1,90.79208778379116,90.79208778379116,90.79208778379116,93.5841775210286,94.75129857923298,-1.167121058204387,-0.10797850454022095,2.8098422471208835,2.8098422471208835,43.98774604003894,90.79208778379116,104.1585196355111,77.42565593207122,93.29275799631698,95.8643598516146,95.8643598516146,120467.0,2022,7,8,4,3,189
2022-07-09,Goldman Sachs,Technology,84.8149178080995,86.5344620089901,82.70921760985885,84.8149178080995,65708,650517183092.7849,11.691674551267615,3.904979468074957,0.0113975698562395,0.6231440087030962,Bearish,18,6,0,89.29779528986825,89.29779528986825,89.29779528986825,92.23506064211642,94.01527037396383,-1.7802097318474068,0.01917554301962343,3.8252443991312504,3.8252443991312504,35.34574633353705,89.29779528986825,101.74103553840315,76.85455504133334,83.21914550344194,93.29275799631698,95.8643598516146,101663.0,2022,7,9,5,3,190
2022-08-10,Goldman Sachs,Healthcare,87.78256840089864,89.65461268434012,85.39095502433236,87.78256840089864,153727,92607635776.31873,17.459068082819847,2.2901110583412936,0.0416585416355807,-0.4242406438606383,Stable,18,5,2,88.99474991207433,88.99474991207433,88.99474991207433,91.55006183577522,93.55358874632937,-2.003526910554143,0.03498972432554481,4.263657660007766,4.263657660007766,39.64228698154606,88.99474991207433,99.85579962801405,78.1337001961346,84.8149178080995,83.21914550344194,93.29275799631698,65708.0,2022,8,10,2,3,222
2022-12-08,Goldman Sachs,Aerospace,107.6907511285162,110.74488346732,105.22462224698708,107.6907511285162,196410,180317826100.4096,31.710435194061127,4.622805276884025,0.0336920548424838,0.9539310922532452,Stable,18,0,2,91.36002816745466,92.11075011481465,92.11075011481465,94.03324480388922,94.60078595982469,-0.5675411559354728,0.2267897042690512,5.520261220332912,5.520261220332912,57.71923071898438,92.11075011481465,110.20486228063135,74.01663794899795,87.78256840089864,84.8149178080995,83.21914550344194,153727.0,2022,12,8,3,4,342
2022-12-30,Goldman Sachs,Healthcare,108.59390992880178,111.15044158294852,106.73806495317936,108.59390992880178,124740,818966857713.7366,5.951125563179546,4.421882735114856,0.0212904988165173,-0.1897028926431867,Bearish,18,5,0,94.42025855395161,94.46548723109852,94.46548723109852,96.27334713079884,95.6373136612304,0.6360334695684458,0.008386595792314377,4.412376629769156,4.412376629769156,63.36397453382012,94.46548723109852,115.15569696230958,73.77527749988747,107.6907511285162,87.78256840089864,84.8149178080995,196410.0,2022,12,30,4,4,364
2023-01-18,Goldman Sachs,Technology,118.71274631193468,120.58259087270002,116.50907763450614,118.71274631193468,143468,909614986436.8706,6.614324751750685,2.071004627859152,0.0317908890793115,-0.763523215055719,Bearish,18,6,0,101.51897871565015,97.49639461620303,97.49639461620303,99.72556238943511,97.34660496868997,2.378957420745138,0.09318051435635,4.073513238193883,4.073513238193883,71.24653685339736,97.49639461620303,123.20426494416506,71.788524288241,108.59390992880178,107.6907511285162,87.78256840089864,124740.0,2023,1,18,2,1,18
2023-02-21,Goldman Sachs,Energy,110.68025853744744,113.16373410153923,108.15117722766902,110.68025853744744,54000,161664643609.11188,7.877247229912358,0.5714288499898973,0.0145655987723852,-0.939168238384064,Stable,18,3,2,106.69204686151974,98.9612683852302,98.9612683852302,101.41090025836009,98.33428301082016,3.0766172475399287,-0.06766322929957946,5.01255687387021,5.01255687387021,63.763768123351625,98.9612683852302,124.56465796415148,73.35787880630892,118.71274631193468,108.59390992880178,107.6907511285162,143468.0,2023,2,21,1,1,52
2023-08-14,Goldman Sachs,Energy,117.161391630865,120.17105247816436,115.22094595349154,117.161391630865,100990,522208316589.5769,24.088339242640583,3.1916111989591327,0.0144945792779594,-0.0079145479668338,Bearish,18,3,0,112.56781150751303,100.78128070979366,100.78128070979366,103.834052777207,99.728883649342,4.105169127865011,0.05855726377097992,4.950106524672819,4.950106524672819,67.43554303094942,100.78128070979366,127.52439740176338,74.03816401782395,110.68025853744744,118.71274631193468,108.59390992880178,54000.0,2023,8,14,0,3,226
2023-09-11,Goldman Sachs,Finance,119.17480355793484,120.73113561114006,116.239009010227,119.17480355793484,130642,827012044828.1655,32.38359153110305,0.3490032730731446,0.0370304517158089,-0.1633083850124839,Bullish,18,4,1,114.86462199339674,103.11232508042569,102.45341915053378,106.19416828193437,101.16932216108962,5.024846120844742,0.017184943768962846,4.492126600913068,4.492126600913068,70.85014355661696,102.45341915053378,130.14278403708022,74.76405426398732,117.161391630865,110.68025853744744,118.71274631193468,100990.0,2023,9,11,0,3,254
2023-09-15,Goldman Sachs,Consumer Goods,121.8254713837533,123.73004050034945,119.21490896121288,121.8254713837533,60916,160128157797.56232,32.73824871870217,2.069137326603979,0.0353121044264602,-0.2826772739470817,Bullish,18,2,1,117.51093428438705,105.96559641916933,104.06775683663541,108.59898414375266,102.69940728869433,5.899576855058328,0.02224184766144699,4.515131539136561,4.515131539136561,68.52931240498013,104.06775683663541,132.7399206786246,75.39559299464622,119.17480355793484,117.161391630865,110.68025853744744,130642.0,2023,9,15,4,3,258
2023-09-21,Goldman Sachs,Energy,119.59657649500488,121.17601785030595,117.02570309290336,119.59657649500488,103932,91391213591.76369,36.74299830921919,0.3030245385745489,0.0273620870432382,0.2889701230411878,Stable,18,3,2,117.6877003210011,109.60333951832563,105.26228142574074,110.2909214285607,103.95104945212474,6.339871976435958,-0.0182958035247599,4.150314757402597,4.150314757402597,64.12867418043965,105.26228142574074,134.03350765589767,76.49105519558383,121.8254713837533,119.17480355793484,117.161391630865,60916.0,2023,9,21,3,3,264
2024-01-31,Goldman Sachs,Finance,116.06820375468152,117.45738858954768,113.93203774004516,116.06820375468152,54632,367589123125.5959,14.504146659393482,4.273517250465988,0.0424831044403471,-0.3138965349606988,Stable,18,4,2,118.76528936444791,112.72866811298384,106.0341330206651,111.17973409411773,104.84861643749932,6.331117656618417,-0.02950228880900052,3.525350849502516,3.525350849502516,63.824276614281835,106.0341330206651,134.27364579351303,77.79462024781715,119.59657649500488,121.8254713837533,119.17480355793484,103932.0,2024,1,31,2,1,31
2024-03-05,Goldman Sachs,Finance,116.11184562329352,118.86921032498904,114.74235696217634,116.11184562329352,54324,120709173015.62872,11.398253282991517,1.1854235425867006,0.0133702150967188,0.8955921320289142,Bearish,18,4,0,118.5553801629336,115.5615958352233,106.70598052750698,111.93852048322171,105.68292971052111,6.2555907727006,0.0003760019299017259,4.126853362812696,4.126853362812696,63.84586895237322,106.70598052750698,134.41140738409396,79.00055367092,116.06820375468152,119.59657649500488,121.8254713837533,54632.0,2024,3,5,1,1,65
2024-03-24,Goldman Sachs,Aerospace,120.68043321175584,121.90154593577395,118.45734799994024,120.68043321175584,92101,346975446820.4145,11.510805000198296,3.814466677771821,0.0177814013267393,0.3877263237514645,Bearish,18,0,0,118.85650609369782,116.86056404354728,107.57938382027254,113.28343013376542,106.79385589579775,6.489574237967673,0.03934643846145014,3.4441979358337136,3.4441979358337136,68.2306396641382,107.57938382027254,135.24234276253662,79.91642487800844,116.11184562329352,116.06820375468152,119.59657649500488,54324.0,2024,3,24,6,1,84
2024-07-02,Goldman Sachs,Consumer Goods,120.41178529097392,122.83841202496986,118.49082822681817,120.41178529097392,152916,199657421497.5206,16.806904935595824,2.200290232546993,0.0409273400503503,0.6342141983335225,Bullish,18,2,1,118.57376887514195,118.0423515797645,108.33423096560792,114.38010015795135,107.80259140655153,6.577508751399819,-0.0022261100132987544,4.347583798151689,4.347583798151689,78.47416554177951,108.33423096560792,135.83255542043838,80.83590651077743,120.68043321175584,116.11184562329352,116.06820375468152,92101.0,2024,7,2,1,3,184
2024-09-24,Goldman Sachs,Energy,120.63830151840207,122.4855380103881,118.13503314189438,120.63830151840207,191467,598933044108.6813,21.8542269096549,0.3828412921676949,0.0480327463966572,-0.5024058724937042,Bearish,18,3,0,118.78211387982137,118.23490710041122,109.01779044076314,115.34290036725147,108.75338474817009,6.589515619081382,0.0018811798768765264,4.350504868493715,4.350504868493715,78.01319757338239,109.01779044076314,136.3183441065614,81.71723677496487,120.41178529097392,120.68043321175584,116.11184562329352,152916.0,2024,9,24,1,3,268
2022-04-14,Google,Consumer Goods,95.65958808057654,96.81922223787826,93.39848657897846,95.65958808057654,74538,107472151398.54568,33.87957336831403,2.8004584872169773,0.0421985492159701,0.5825685849933671,Stable,19,2,2,95.65958808057654,95.65958808057654,95.65958808057654,95.65958808057654,95.65958808057654,0.0,0.0,3.420735658899801,3.420735658899801,76.94305767919681,95.65958808057654,103.17288580408861,79.92797241392525,95.65958808057654,95.65958808057654,95.65958808057654,74538.0,2022,4,14,3,2,104
2022-07-21,Google,Aerospace,87.4412701374373,89.96969505368759,86.39930458602393,87.4412701374373,121295,738117911139.6184,39.31808877003871,4.89478753520552,0.0407202174125283,-0.3432290007667893,Bearish,19,0,0,91.55042910900693,91.55042910900693,91.55042910900693,94.39523147393975,95.05082378849215,-0.6555923145524076,-0.08591211929761544,3.570390467663657,3.570390467663657,54.79806792850399,91.55042910900693,103.17288580408861,79.92797241392525,95.65958808057654,95.65958808057654,95.65958808057654,74538.0,2022,7,21,3,3,202
2022-09-13,Google,Finance,98.26645558535176,100.94514222378086,95.80056641946646,98.26645558535176,185059,37695205489.18701,14.675459170418865,3.3249725811888684,0.0349092912917133,-0.4982193669317905,Bearish,19,4,0,93.78910460112188,93.78910460112188,93.78910460112188,94.99080441415697,95.28901873640767,-0.29821432225070055,0.1237994991483975,5.1445758043144,5.1445758043144,62.37339154612797,93.78910460112188,105.08869597968409,82.48951322255967,87.4412701374373,95.65958808057654,95.65958808057654,121295.0,2022,9,13,1,3,256
2022-09-28,Google,Finance,102.22772276603884,103.3863355879975,100.6229036558745,102.22772276603884,80746,623314445552.1836,6.168426062523343,3.50433817930716,0.024510144015966,0.0332551837085506,Bearish,19,4,0,95.89875914235111,95.89875914235111,95.89875914235111,96.10417646829264,95.80299681267664,0.30117965561599647,0.040311489379470045,2.763431932122998,2.763431932122998,58.00579550837324,95.89875914235111,108.40199019469321,83.39552809000901,98.26645558535176,87.4412701374373,95.65958808057654,185059.0,2022,9,28,2,3,271
2022-10-26,Google,Healthcare,109.22498526525166,111.0688679317744,107.48112893412002,109.22498526525166,56102,906607205725.1356,15.377142344916034,3.8537126545277594,0.0150947789379152,0.7019037988136001,Bullish,19,5,1,98.56400436693123,98.56400436693123,98.56400436693123,98.12276243705557,96.79721817953404,1.3255442575215284,0.06844779781729993,3.587738997654384,3.587738997654384,72.61351433915443,98.56400436693123,114.66738078941265,82.46062794444981,102.22772276603884,98.26645558535176,87.4412701374373,80746.0,2022,10,26,2,4,299
2023-07-09,Google,Technology,116.4786069511148,118.04338250570036,113.94401846194695,116.4786069511148,102638,146610811676.50693,38.13255518977412,3.333859548919486,0.0281711358715929,-0.2224631742768061,Stable,19,6,2,102.72780814103888,101.54977146429515,101.54977146429515,100.94673851614161,98.25509882928077,2.6916396868608388,0.06640991223983961,4.099364043753411,4.099364043753411,73.01430982921168,101.54977146429515,122.07805219104208,81.02149073754822,109.22498526525166,102.22772276603884,98.26645558535176,56102.0,2023,7,9,6,3,190
2023-08-13,Google,Finance,114.8207792827218,117.410001988152,112.5389912618884,114.8207792827218,99407,254970355317.59576,39.820029057076255,0.3466416519388238,0.0335078807315018,-0.2382192747506748,Bullish,19,4,1,108.20370997009577,103.44562972407039,103.44562972407039,103.08120632638472,99.4821862702764,3.5990200561083157,-0.014232894020519749,4.871010726263606,4.871010726263606,69.66923202751919,103.44562972407039,124.70157141455303,82.18968803358774,116.4786069511148,109.22498526525166,102.22772276603884,102638.0,2023,8,13,6,3,225
2023-09-27,Google,Aerospace,121.54603080496332,124.61059845120788,119.52914369843626,121.54603080496332,142193,438734174065.5757,6.329354715144872,3.42850271466822,0.0380290208513705,-0.548320735553216,Bullish,19,0,1,112.85962501401809,105.708179859182,105.708179859182,105.92194855385836,101.11654512469765,4.805403429160705,0.0585717286039491,5.08145475277162,5.08145475277162,71.85645019874494,105.708179859182,129.18332221507885,82.23303750328515,114.8207792827218,116.4786069511148,109.22498526525166,99407.0,2023,9,27,2,3,270
2023-10-06,Google,Energy,118.50032068429742,120.19099573082224,115.5319021759055,118.50032068429742,165765,630578539580.8151,22.951584565151915,3.70282361629755,0.01276614270874,0.7035806773210833,Bullish,19,3,1,116.11414459766979,107.12952883975038,107.12952883975038,107.85708272777205,102.40423220318652,5.4528505245855285,-0.025058079646822384,4.659093554916737,4.659093554916737,70.83249298350123,107.12952883975038,130.68638358173956,83.57267409776118,121.54603080496332,114.8207792827218,116.4786069511148,142193.0,2023,10,6,4,4,279
2024-02-16,Google,Automotive,117.26754251526532,119.37677785740644,115.04533073765404,117.26754251526532,73275,363581327574.146,24.77445251863388,2.866115972247957,0.03183694133236,-0.1077014870856609,Bullish,19,1,1,117.72265604767253,108.14333020730187,108.14333020730187,109.30484577200178,103.50521815222939,5.799627619772394,-0.010403163146844197,4.331447119752397,4.331447119752397,73.78758288045638,108.14333020730187,131.25996394750234,85.0266964671014,118.50032068429742,121.54603080496332,114.8207792827218,165765.0,2024,2,16,4,1,47
2024-04-12,Google,Energy,116.8026976097494,118.59248493549156,113.51202423969444,116.8026976097494,190937,142136771226.2303,25.271133938115277,4.574829325389843,0.0344803411983782,-0.1360212570731183,Bearish,19,3,0,117.78747417939944,110.25764116021917,108.9305454257062,110.45836143934757,104.4902166305642,5.968144808783364,-0.0039639690194360755,5.080460695797115,5.080460695797115,73.14833285995465,108.9305454257062,131.47401505960596,86.38707579180642,117.26754251526532,118.50032068429742,121.54603080496332,73275.0,2024,4,12,4,2,103
2024-06-01,Google,Automotive,113.67981227895837,115.03621406763295,112.16792440608155,113.67981227895837,142263,178588621463.39697,12.248322136179992,4.694982110429888,0.0444830457030638,-0.1530359815013344,Stable,19,1,2,117.55928077864675,112.88149537437127,109.32631766347721,110.95396926082616,105.17092741933413,5.783041841492022,-0.02673641443817454,2.868289661551401,2.868289661551401,66.6463459969165,109.32631766347721,130.99486181484616,87.65777351210826,116.8026976097494,117.26754251526532,118.50032068429742,190937.0,2024,6,1,5,2,153
2024-06-25,Google,Healthcare,116.3755479707688,118.2201945038394,115.13278776806716,116.3755479707688,82154,582566081550.1923,39.35786633483568,3.5856028423609674,0.0349865589713486,0.3713034985303987,Bearish,19,5,0,116.52518421180787,114.692404612913,109.8685661486535,111.78805829312502,106.000899312033,5.78715898109202,0.023713407312772272,3.087406735772234,3.087406735772234,68.55707396910495,109.8685661486535,130.97989943182134,88.75723286548566,113.67981227895837,116.8026976097494,117.26754251526532,142263.0,2024,6,25,1,2,177
2024-08-04,Google,Automotive,125.78099843545318,127.7825221107484,124.30874166304989,125.78099843545318,175885,889501525212.7155,27.278852636367404,1.8077069937701928,0.0423146258273592,-0.9859141707517164,Bullish,19,1,1,117.98131976203902,117.04773217985439,111.00516845485346,113.94081831502166,107.46609183969376,6.474726475327898,0.08081981678012662,3.473780447698516,3.473780447698516,72.9562438682244,111.00516845485346,132.99946542913244,89.01087148057448,116.3755479707688,113.67981227895837,116.8026976097494,82154.0,2024,8,4,6,3,217
2022-01-14,HSBC,Consumer Goods,98.27086621321044,99.46555154999174,96.73622517451598,98.27086621321044,117221,468763596612.938,24.040580271396305,0.1375959257020764,0.0377334061493882,0.2571328012945664,Bullish,20,2,1,98.27086621321044,98.27086621321044,98.27086621321044,98.27086621321044,98.27086621321044,0.0,0.0,2.7293263754757646,2.7293263754757646,72.9562438682244,98.27086621321044,101.6093341293741,91.28066083266509,98.27086621321044,98.27086621321044,98.27086621321044,117221.0,2022,1,14,4,1,14
2022-02-15,HSBC,Healthcare,94.61912874882876,95.80412942762268,92.38281509761468,94.61912874882876,174243,557164863198.5828,33.41132759029985,2.3000119779039947,0.0251846705780668,-0.6013090210576337,Bullish,20,5,1,96.4449974810196,96.4449974810196,96.4449974810196,97.70906044945941,98.00036714177475,-0.2913066923153309,-0.03715991936469554,3.421314330008002,3.421314330008002,78.41435282470206,96.4449974810196,101.6093341293741,91.28066083266509,98.27086621321044,98.27086621321044,98.27086621321044,117221.0,2022,2,15,1,1,46
2022-02-18,HSBC,Finance,95.01718969748867,96.8796979168059,92.37234184308493,95.01718969748867,98555,988740053173.4872,14.726573403710374,0.238206287182533,0.0136549641944163,0.1515717255488231,Bearish,20,4,0,95.96906155317595,95.96906155317595,95.96906155317595,97.29492648761776,97.77939103479059,-0.48446454717283416,0.0042069817585890235,4.50735607372097,4.50735607372097,73.9672987265839,95.96906155317595,99.97572682466013,91.96239628169177,94.61912874882876,98.27086621321044,98.27086621321044,174243.0,2022,2,18,4,1,49
2022-03-11,HSBC,Energy,95.94621110808366,96.90915037484758,93.38886344531107,95.94621110808366,136807,35193882709.708595,21.4611668935625,4.41367190336711,0.0323762170290942,-0.4352641619146875,Stable,20,3,2,95.96334894190288,95.96334894190288,95.96334894190288,97.08743181384328,97.64359992910859,-0.556168115265308,0.009777403578792088,3.5202869295365105,3.5202869295365105,72.30825634293285,95.96334894190288,99.23485723951106,92.6918406442947,95.01718969748867,94.61912874882876,98.27086621321044,98555.0,2022,3,11,4,1,70
2022-06-04,HSBC,Automotive,100.58535210643836,102.80788959089614,98.70755233835996,100.58535210643836,143557,807622821564.9445,21.52211519689494,4.043949922817692,0.0391011692090038,-0.6431678068730085,Bullish,20,1,1,96.88774957480999,96.88774957480999,96.88774957480999,97.62557339731944,97.86150749779968,-0.235934100480236,0.04835147677826179,4.100337252536178,4.100337252536178,70.86426005223235,96.88774957480999,101.8994763738654,91.87602277575458,95.94621110808366,95.01718969748867,94.61912874882876,136807.0,2022,6,4,5,2,155
2022-06-09,HSBC,Consumer Goods,98.6800739895153,100.64332243046688,97.21646818559788,98.6800739895153,89353,87618506650.32143,14.650194858344328,2.507577307398669,0.018343534709642,-0.616527565219467,Bearish,20,2,0,96.96959113007095,97.1864703105942,97.1864703105942,97.78780425765726,97.92214205274158,-0.13433779508432053,-0.01894190433321674,3.4268542448690056,3.4268542448690056,62.17794398666946,97.1864703105942,101.90192811216504,92.47101250902337,100.58535210643836,95.94621110808366,95.01718969748867,143557.0,2022,6,9,3,2,160
2022-12-05,HSBC,Technology,106.80502822383148,109.78803468249936,105.49680004554013,106.80502822383148,120313,432808543108.6198,12.543545407696614,2.2310061048877183,0.0227321637876938,0.2691129354830495,Stable,20,6,2,99.40677102507149,98.56055001248524,98.56055001248524,99.17506948322253,98.58013362097046,0.594935862252072,0.08233632085824616,4.291234636959231,4.291234636959231,71.03368995501208,98.56055001248524,107.01018191721934,90.11091810775113,98.6800739895153,100.58535210643836,95.94621110808366,89353.0,2022,12,5,0,4,339
2023-04-03,HSBC,Consumer Goods,104.97172736005108,108.02145443417412,102.4762878996772,104.97172736005108,135999,125095746761.33128,14.97178075358363,2.5668410511245776,0.0248618604527949,-0.0858806814684474,Stable,20,2,2,101.39767855758399,99.36194718093097,99.36194718093097,100.06686300273462,99.0535850090505,1.0132779936841274,-0.017164930287161706,5.545166534496914,5.545166534496914,63.191941298085005,99.36194718093097,108.40342982159338,90.32046454026856,106.80502822383148,98.6800739895153,100.58535210643836,120313.0,2023,4,3,0,2,93
2023-09-09,HSBC,Consumer Goods,116.36472686608886,119.05814864581473,113.17837283602697,116.36472686608886,148142,601008933003.6898,33.58649255418348,3.221283618254058,0.036091004435962,0.7324540611573536,Bullish,20,2,1,105.481381709185,101.25114492372629,101.25114492372629,102.57422667401988,100.33589181327555,2.238334860744331,0.10853398141158532,5.879775809787759,5.879775809787759,75.47839439886039,101.25114492372629,115.39385715683457,87.108432690618,104.97172736005108,106.80502822383148,98.6800739895153,135999.0,2023,9,9,5,3,252
2023-09-23,HSBC,Healthcare,120.6121981166004,122.38098008172749,118.24259941497058,120.6121981166004,107091,110000522133.98398,25.75550751262092,0.1248311106002858,0.026363405945395,-0.5351919075711737,Bearish,20,5,0,109.48675091121743,103.18725024301371,103.18725024301371,105.34929920364766,101.83784042833665,3.511458775311013,0.036501363986352064,4.138380666756902,4.138380666756902,79.21252886547919,103.18725024301371,121.29063189495427,85.08386859107314,116.36472686608886,104.97172736005108,106.80502822383148,148142.0,2023,9,23,5,3,266
2023-11-22,HSBC,Finance,115.9447668514806,117.44488090409678,113.54794183045357,115.9447668514806,175827,717918150122.721,8.14342539989709,1.036364895338338,0.0416276440760067,-0.1359788821392746,Bearish,20,4,0,112.93968948361048,104.95464030684073,104.34702448014706,106.97937114946811,102.88279794116212,4.096573208305983,-0.03869783768145585,3.8969390736432103,3.8969390736432103,73.37360154461021,104.34702448014706,123.1656998023221,85.52834915797202,120.6121981166004,116.36472686608886,104.97172736005108,107091.0,2023,11,22,2,4,326
2023-11-27,HSBC,Consumer Goods,118.07243661017772,120.4856836354625,115.93237547338924,118.07243661017772,125697,124099431517.99388,7.416033931074737,1.8279785050198336,0.012695074860877,-0.0229150671194857,Bullish,20,2,1,115.19317116087973,107.29997109297562,105.49080882431628,108.6859966049619,104.0079563610892,4.678040243872701,0.018350718333174587,4.55330816207325,4.55330816207325,78.47532315551798,105.49080882431628,125.1056860985709,85.87593155006165,115.9447668514806,120.6121981166004,116.36472686608886,175827.0,2023,11,27,0,4,331
2023-12-26,HSBC,Healthcare,125.55286299542826,127.5427297418978,123.7681134526558,125.55286299542826,177600,671753244861.0837,12.388936490814768,1.735311842496975,0.0155051893759344,0.9963998153312352,Bullish,20,5,1,119.30939828795518,110.35353842276956,107.03404376055566,111.28089912657211,105.60387537104023,5.677023755531877,0.06335455251040134,3.7746162892420045,3.7746162892420045,80.16913790291005,107.03404376055566,128.86345765943867,85.20462986167266,118.07243661017772,115.9447668514806,120.6121981166004,125697.0,2023,12,26,1,4,360
2024-03-27,HSBC,Aerospace,119.23551537644174,121.27897336990767,117.5099469199742,119.23551537644174,177534,825460822124.664,30.187883581368563,1.1337059220347228,0.035441893693565,0.239495708983132,Stable,20,0,2,119.88355599002576,112.68246884960539,107.90557744740467,112.50468624193667,106.61362648255145,5.8910597593852145,-0.0503162370675414,3.7690264499334774,3.7690264499334774,68.16226920677641,107.90557744740467,129.86926670985738,85.94188818495196,125.55286299542826,118.07243661017772,115.9447668514806,177600.0,2024,3,27,2,1,87
2024-04-30,HSBC,Technology,119.567349459916,122.32831784512872,118.0308737559226,119.567349459916,117444,952844730073.693,14.333631883169216,0.437743320138903,0.0311025459599767,0.1478582722459644,Stable,20,6,2,119.67458625868888,114.58066858495314,108.68302891490542,113.59124981393349,107.5731615179118,6.018088296021688,0.0027830137893614104,4.297444089206124,4.297444089206124,68.34427522894211,108.68302891490542,130.6878486094577,86.67820922035315,119.23551537644174,125.55286299542826,118.07243661017772,177534.0,2024,4,30,1,2,121
2024-05-27,HSBC,Energy,117.3521207977504,119.60213169107188,114.018479401853,117.3521207977504,190256,430906840331.4123,28.64530321825909,4.247671077439507,0.0203841313483391,-0.3286351987143165,Bearish,20,3,0,119.95605704794282,116.44787326577664,109.22484715758323,114.16984534990532,108.29752887197392,5.872316477931392,-0.01852703662138333,5.583652289218875,5.583652289218875,70.07854243637064,109.22484715758323,130.9209198971846,87.52877441798185,119.567349459916,119.23551537644174,125.55286299542826,117444.0,2024,5,27,0,2,148
2024-06-29,HSBC,Technology,116.42630711145108,118.83288878204426,114.31107238724417,116.42630711145108,69029,324176894516.56226,27.4986620180061,1.4753617463215467,0.0374605577217301,-0.4499504550244044,Bearish,20,6,0,119.6268311481975,117.41000115453862,109.64846244898723,114.51699331322004,108.89966059341667,5.617332719803372,-0.007889194332456162,4.521816394800098,4.521816394800098,68.7345971127236,109.64846244898723,130.9440533841905,88.35287151378395,117.3521207977504,119.567349459916,119.23551537644174,190256.0,2024,6,29,5,2,181
2024-08-13,HSBC,Automotive,128.41784837683838,132.09154054879204,126.47336771267018,128.41784837683838,154263,659376498669.477,12.48849635408829,1.1153103077137845,0.0437725945660953,0.9769809689736096,Bearish,20,1,0,120.19982822447953,119.75461325621734,110.69120611164561,116.65558639993056,110.34545228107754,6.310134118853014,0.10299683604933185,5.6181728361218575,5.6181728361218575,73.80603289656302,110.69120611164561,133.16590803598402,88.2165041873072,116.42630711145108,117.3521207977504,119.567349459916,69029.0,2024,8,13,1,3,226
2022-08-06,Honda,Finance,88.71258290057033,89.79664146220746,86.65563408522567,88.71258290057033,157512,480301545529.64825,31.224929944352176,4.6276110392594045,0.0296892926072963,-0.7263096668272864,Bearish,21,4,0,88.71258290057033,88.71258290057033,88.71258290057033,88.71258290057033,88.71258290057033,0.0,0.0,3.14100737698179,3.14100737698179,71.89421685423447,88.71258290057033,107.48482821364684,79.74710402258484,88.71258290057033,88.71258290057033,88.71258290057033,157512.0,2022,8,6,5,3,218
2022-09-24,Honda,Consumer Goods,98.51934933566136,99.82099317876816,95.67552911395684,98.51934933566136,97333,491695154527.75793,36.40152193376166,4.981311432624384,0.0422391560347033,-0.1915167157859216,Bearish,21,2,0,93.61596611811584,93.61596611811584,93.61596611811584,90.22131619827664,89.4390100439104,0.7823061543662391,0.1105453827906524,4.145464064811321,4.145464064811321,77.66792590848094,93.61596611811584,107.48482821364684,79.74710402258484,88.71258290057033,88.71258290057033,88.71258290057033,157512.0,2022,9,24,5,3,267
2022-10-07,Honda,Automotive,102.55361686700624,105.56778432192452,100.95315398785324,102.55361686700624,159616,45332286869.70354,30.89056162299392,0.3857258426979093,0.0390735532419295,-0.8087186079525681,Bullish,21,1,1,96.59518303441264,96.59518303441264,96.59518303441264,92.11859322423504,90.41046240117676,1.7081308230582835,0.0409489867579198,4.614630334071279,4.614630334071279,76.31197113161184,96.59518303441264,110.83180725241519,82.3585588164101,98.51934933566136,88.71258290057033,88.71258290057033,97333.0,2022,10,7,4,4,280
2023-01-26,Honda,Aerospace,111.70320847051336,114.8911922922652,110.54242080976935,111.70320847051336,106573,746091175018.9333,7.257194493720863,1.5550124736634017,0.0234921134586994,-0.8450340524152282,Bullish,21,0,1,100.37218939343782,100.37218939343782,100.37218939343782,95.13161095443171,91.98770285075724,3.1439081036744625,0.0892176393483275,4.348771482495849,4.348771482495849,81.08699168234068,100.37218939343782,119.43454528126756,81.30983350560808,102.55361686700624,98.51934933566136,88.71258290057033,159616.0,2023,1,26,3,1,26
2023-02-06,Honda,Consumer Goods,108.63354781863656,109.82503162393454,107.16160192357884,108.63354781863656,150793,454239940970.67737,14.372183642091697,3.394892465190209,0.037044201032574,0.7136706994463526,Bullish,21,2,1,102.02446107847757,102.02446107847757,102.02446107847757,97.20883201046323,93.22072840393349,3.9881036065297337,-0.027480505653399434,2.6634297003556924,2.6634297003556924,74.08955190381492,102.02446107847757,120.11119913207335,83.93772302488179,111.70320847051336,102.55361686700624,98.51934933566136,106573.0,2023,2,6,0,1,37
2023-03-26,Honda,Energy,108.54994401745483,111.73134900503568,106.557359423262,108.54994401745483,155891,322772607517.116,20.661384946286024,0.2099271445479411,0.0311988136408568,0.2718215314194767,Bullish,21,3,1,105.99193330185446,103.11204156830712,103.11204156830712,98.95361847307731,94.35622585678692,4.597392616290392,-0.0007695946865446945,5.173989581773682,5.173989581773682,72.22064770610761,103.11204156830712,120.14412970981522,86.07995342679902,108.63354781863656,111.70320847051336,102.55361686700624,150793.0,2023,3,26,6,1,85
2023-09-19,Honda,Technology,119.74036014654118,121.95822768702944,117.09495196208138,119.74036014654118,88765,993343600421.27,34.83952236655438,2.264555351338054,0.039206938132427,0.4932064092884076,Bullish,21,6,1,110.23613546403044,105.48751565091197,105.48751565091197,102.15157873053329,96.23653210047243,5.915046630060857,0.10309002211265006,4.863275724948053,4.863275724948053,81.64888006677444,105.48751565091197,125.48111249247566,85.49391880934829,108.54994401745483,108.63354781863656,111.70320847051336,155891.0,2023,9,19,1,3,262
2023-10-07,Honda,Consumer Goods,118.22072125597944,120.31334784885036,114.86243903764208,118.22072125597944,123963,610221973693.1958,8.278534724706857,0.474542206336731,0.0430999496654269,-0.8948512043779937,Stable,21,2,2,113.36955634182507,107.07916635154541,107.07916635154541,104.62375450367885,97.86499055643591,6.75876394724294,-0.012691116752129084,5.450908811208279,5.450908811208279,79.25411805832957,107.07916635154541,127.66325981300642,86.4950728900844,119.74036014654118,108.54994401745483,108.63354781863656,88765.0,2023,10,7,5,4,280
2023-11-23,Honda,Aerospace,114.8726160741832,117.28990540868196,112.12797204129558,114.8726160741832,158215,400505301597.35205,5.0811141766684855,3.1529047079154617,0.0253893030602978,0.99809899620729,Bullish,21,0,1,114.00343786255903,107.94510520961629,107.94510520961629,106.20050243760261,99.12481466886163,7.075687768740977,-0.028320798132729252,5.161933367386382,5.161933367386382,72.68153149955432,107.94510520961629,127.88843478342132,88.00177563581126,118.22072125597944,119.74036014654118,108.54994401745483,123963.0,2023,11,23,3,4,327
2023-11-24,Honda,Finance,115.36835794360772,118.25906680568094,112.89760745901133,115.36835794360772,151570,976748513423.9164,6.545667766224094,1.098533951957002,0.0274398072228234,-0.5593452131248349,Stable,21,4,2,115.35039988755327,108.68743048301542,108.68743048301542,107.61094174621877,100.3280400966206,7.282901649598173,0.004315579172536443,5.361459346669619,5.361459346669619,80.80875724102529,108.68743048301542,128.0674545859273,89.30740638010353,114.8726160741832,118.22072125597944,119.74036014654118,158215.0,2023,11,24,4,4,328
2023-12-10,Honda,Aerospace,126.08030980183874,128.92295953152427,124.11737524890565,126.08030980183874,197979,113192040066.80795,15.714806930785764,3.086094029389504,0.0217413916983464,0.7988250443346505,Stable,21,0,2,118.85647304443005,112.42420317314227,110.26860133018117,110.45238298554492,102.23561563034045,8.216767355204468,0.09284999846723174,4.805584282618625,4.805584282618625,83.71509799647094,110.26860133018117,131.43535015269248,89.10185250766986,115.36835794360772,114.8726160741832,118.22072125597944,151570.0,2023,12,10,6,4,344
2024-01-17,Honda,Energy,120.82775332240998,122.28919529386977,117.57626213542336,120.82775332240998,168033,443274249812.7476,23.41974611183709,2.5692536728829896,0.0172983216260996,0.5685425986134338,Stable,21,3,2,119.07395167960381,114.65504357181712,111.1485306628669,112.04859380660108,103.61281101493819,8.435782791662888,-0.04166040270430993,4.712933158446404,4.712933158446404,80.16282892639327,111.1485306628669,132.23090177771888,90.06615954801492,126.08030980183874,115.36835794360772,114.8726160741832,197979.0,2024,1,17,2,1,17
2024-02-08,Honda,Aerospace,115.56294092493664,118.87549498680386,113.99654237530882,115.56294092493664,175036,271876289063.68463,25.41432812345659,2.793829723121988,0.0110227919635893,-0.0120417017196241,Stable,21,0,2,118.54239561339526,115.95597597761017,111.48810068302613,112.58926259403732,104.49800582308623,8.091256770951091,-0.04357287338965088,4.878952611495038,4.878952611495038,75.5812617801052,111.48810068302613,131.8209193029907,91.15528206306156,120.82775332240998,126.08030980183874,115.36835794360772,168033.0,2024,2,8,3,1,39
2024-03-13,Honda,Energy,118.3911332043142,121.54197021036607,115.19418933825943,118.3911332043142,175808,257790219165.6478,39.98131868754707,3.86258143039702,0.0494625245645764,-0.4318832219191419,Bullish,21,3,1,119.24609903942147,116.62476845099025,111.9811744345467,113.48185807254146,105.52712636984386,7.9547317026976,0.02447317675321714,6.3477808721066395,6.3477808721066395,72.22935709269595,111.9811744345467,131.86173078758017,92.10061808151323,115.56294092493664,120.82775332240998,126.08030980183874,175036.0,2024,3,13,2,1,73
2024-04-29,Honda,Technology,118.75717894556904,121.46090404506847,117.02316603378468,118.75717894556904,177309,318213916428.8603,36.71230599902279,2.155562025485025,0.0202255637518144,0.7901531183236901,Stable,21,6,2,119.9238632398137,117.63713156368348,112.43290806861485,114.2934458991611,106.50713026434202,7.786315634819076,0.003091834087128209,4.437738011283798,4.437738011283798,72.38080406805089,112.43290806861485,131.90722801592804,92.95858812130166,118.3911332043142,115.56294092493664,120.82775332240998,175808.0,2024,4,29,0,2,120
2024-06-03,Honda,Technology,113.04111595899622,115.95932451047784,111.2509288452841,113.04111595899622,61302,618433622612.8988,36.48093243911356,0.9924553730267456,0.032152937625349,0.467285680728897,Stable,21,6,2,117.31602447124521,118.08624875783762,112.47092106176369,114.10077975452035,106.99112920468677,7.1096505498335745,-0.04813235744840916,4.708395665193748,4.708395665193748,61.519607699091154,112.47092106176369,131.28735910918505,93.65448301434232,118.75717894556904,118.3911332043142,115.56294092493664,177309.0,2024,6,3,0,2,155
2024-06-28,Honda,Aerospace,116.67142071563453,118.10148137165768,115.35617666704948,116.67142071563453,117779,619329244814.7137,10.735835832316877,3.787322227253589,0.0395636568797181,0.7740854888939237,Stable,21,0,2,116.48475794989012,117.77935481474697,112.71800927669726,114.49626297930715,107.70818783512735,6.7880751441798,0.0321149055000054,2.745304704608202,2.745304704608202,61.271396475104865,112.71800927669726,131.05052875270314,94.38548980069137,113.04111595899622,118.75717894556904,118.3911332043142,61302.0,2024,6,28,4,2,180
2022-02-09,IBM,Technology,95.52691125086264,96.85809552922063,93.8730143976276,95.52691125086264,53890,196916986593.75937,8.281492222594482,2.969012404048077,0.0487469842229742,-0.6136799831831345,Bullish,22,6,1,95.52691125086264,95.52691125086264,95.52691125086264,95.52691125086264,95.52691125086264,0.0,0.0,2.9850811315930343,2.9850811315930343,54.645177928298416,95.52691125086264,96.21349762573762,95.19900291921697,95.52691125086264,95.52691125086264,95.52691125086264,53890.0,2022,2,9,2,1,40
2022-02-17,IBM,Aerospace,95.88558929409194,97.94148111075938,94.07704344797632,95.88558929409194,174358,805509652390.5472,35.85077728862575,4.133733840131235,0.0214279837617905,-0.8554461048536468,Stable,22,0,2,95.70625027247729,95.70625027247729,95.70625027247729,95.58209248828254,95.55347999480554,0.02861249347699868,0.0037547329703500054,3.864437662783061,3.864437662783061,58.269838746832306,95.70625027247729,96.21349762573762,95.19900291921697,95.52691125086264,95.52691125086264,95.52691125086264,53890.0,2022,2,17,3,1,48
2022-05-12,IBM,Healthcare,95.18212330097472,96.9967927226894,92.5915705082816,95.18212330097472,52693,484271186990.4804,29.41847196320263,1.9361863558904795,0.031414717647266,0.0712690011751489,Stable,22,5,2,95.53154128197643,95.53154128197643,95.53154128197643,95.52055876715825,95.52597209155881,-0.005413324400564079,-0.0073365142592971555,4.4052222144078,4.4052222144078,57.56693738802836,95.53154128197643,96.23505298410848,94.82802957984438,95.88558929409194,95.52691125086264,95.52691125086264,174358.0,2022,5,12,3,2,132
2022-05-13,IBM,Aerospace,96.4532529980276,98.7379000171311,94.0168058601893,96.4532529980276,145259,270641311169.8027,37.53659230064895,4.532861053360814,0.0326428658579266,0.2365815975095759,Bearish,22,0,0,95.76196921098922,95.76196921098922,95.76196921098922,95.66405018729199,95.59465956611206,0.06939062117993444,0.013354710453699736,4.721094156941803,4.721094156941803,47.41648310637782,95.76196921098922,96.84801937750876,94.67591904446968,95.18212330097472,95.88558929409194,95.52691125086264,52693.0,2022,5,13,4,2,133
2022-08-21,IBM,Finance,85.52956787657469,87.88985968294855,83.39331023101235,85.52956787657469,170885,910428762955.4768,28.08702782381598,1.2476218341912433,0.0406331615693963,0.345511972493848,Stable,22,4,2,93.71548894410633,93.71548894410633,93.71548894410633,94.10489906256625,94.84909721873892,-0.744198156172672,-0.11325367244665441,4.496549451936204,4.496549451936204,38.650995012439694,93.71548894410633,102.9158290670567,84.51514882115595,96.4532529980276,95.18212330097472,95.88558929409194,145259.0,2022,8,21,6,3,233
2022-08-30,IBM,Energy,91.57594555129924,93.88836842089208,89.3700683461516,91.57594555129924,183629,982348184565.0016,17.028211741318607,3.8615050758267135,0.0364456271371478,0.6913346981975428,Bearish,22,3,0,92.92529580419364,93.35889837863847,93.35889837863847,93.71582929160209,94.60664153966933,-0.8908122480672347,0.07069342012168134,4.5183000747404805,4.5183000747404805,47.991225463722344,93.35889837863847,101.7713160249226,84.94648073235435,85.52956787657469,96.4532529980276,95.18212330097472,170885.0,2022,8,30,1,3,242
2023-02-05,IBM,Aerospace,109.86689816904304,112.84910976959232,107.24047021401992,109.86689816904304,160226,154504380122.95157,20.021390768872493,4.357342106882669,0.0472256990540784,0.0289792046240775,Bullish,22,0,1,95.72155757918385,95.71718406298199,95.71718406298199,96.2006091189007,95.73703091962292,0.46357819927777655,0.19973533996979076,5.608639555572395,5.608639555572395,60.960009541779336,95.71718406298199,110.36970240890763,81.06466571705634,91.57594555129924,85.52956787657469,96.4532529980276,183629.0,2023,2,5,6,1,36
2023-03-31,IBM,Healthcare,106.12176053550296,108.2183505075058,103.87030357275364,106.12176053550296,97295,42142311783.9924,6.732389872278332,2.727925913345739,0.0451507699917165,-0.6224119444531111,Bearish,22,5,0,97.90948502608951,97.0177561220471,97.0177561220471,97.72694010607027,96.50627015042885,1.2206699556414264,-0.034087952749678574,4.348046934752162,4.348046934752162,50.920813705855856,97.0177561220471,112.44996272183613,81.58554952225808,109.86689816904304,91.57594555129924,85.52956787657469,160226.0,2023,3,31,4,1,90
2023-05-11,IBM,Technology,118.17994773101393,120.51527384505115,115.21089572072314,118.17994773101393,176174,403858099762.708,28.19325795707744,1.2911550983308002,0.0175713458366403,-0.482578105168731,Stable,22,6,2,102.25482397268676,99.36911074526564,99.36911074526564,100.87355666375392,98.1117277489907,2.761828914763214,0.1136259626175058,5.304378124328011,5.304378124328011,62.988705197163675,99.36911074526564,119.55383625194453,79.18438523858676,106.12176053550296,109.86689816904304,91.57594555129924,97295.0,2023,5,11,3,2,131
2023-05-28,IBM,Healthcare,118.97422427622304,122.14872209056374,116.7437930718082,118.97422427622304,78295,396119654679.1663,11.014696846448308,3.7287668953806303,0.0446516974392872,-0.5265693883102605,Bullish,22,5,1,108.94375525261644,101.32962209836138,101.32962209836138,103.65827475797994,99.65709786211903,4.001176895860908,0.006720907907464602,5.4049290187555386,5.4049290187555386,68.39867694227601,101.32962209836138,124.04301233863353,78.61623185808924,118.17994773101393,106.12176053550296,109.86689816904304,176174.0,2023,5,28,6,2,148
2023-08-15,IBM,Consumer Goods,116.9559283530161,119.64157971739182,115.5796335729889,116.9559283530161,179473,343310834632.79443,8.087059632645474,3.665018098141767,0.0232794588573081,-0.9844667156920626,Bullish,22,2,1,114.01975181295981,103.47252380857671,102.75019539423907,105.70406761875473,100.9384927132966,4.765574905458138,-0.016964144422753735,4.061946144402924,4.061946144402924,64.9488222800729,102.75019539423907,126.26830628989728,79.23208449858086,118.97422427622304,118.17994773101393,106.12176053550296,78295.0,2023,8,15,1,3,227
2023-10-25,IBM,Healthcare,119.48157293436536,122.36059040123492,117.17174295898218,119.48157293436536,188013,109809423504.8847,21.67691843224024,1.0811350456388986,0.0266205625224826,-0.4071102245116937,Stable,22,5,2,115.94268676602428,105.83212217260407,104.14447685591627,107.82368382115638,102.31205421115354,5.511629610002842,0.02159484018395319,5.188847442252737,5.188847442252737,66.06066185215826,104.14447685591627,128.56030328140525,79.7286504304273,116.9559283530161,118.97422427622304,118.17994773101393,179473.0,2023,10,25,2,4,298
2023-11-10,IBM,Automotive,124.73540989404052,128.3892165387519,122.89680720231532,124.73540989404052,64388,380694434428.26807,35.521691845645265,0.8405906419964793,0.0297808450048163,-0.9224861288916352,Stable,22,1,2,119.66541663773178,108.78745083191066,105.72839478192583,110.42548783236933,103.97304352099701,6.452444311372318,0.04397194337708665,5.49240933643658,5.49240933643658,74.2818815698226,105.72839478192583,131.7459322681234,79.71085729572827,119.48157293436536,116.9559283530161,118.97422427622304,188013.0,2023,11,10,4,4,314
2023-12-19,IBM,Technology,124.99021092451808,127.69855384847786,121.2708140982,124.99021092451808,72574,905985213682.9728,8.952607494010396,2.2087324581885355,0.0107578161349741,0.7164135819540596,Stable,22,6,2,121.02746927643261,111.6411466245597,107.10423879211099,112.66621446193068,105.52987073607265,7.136343725858026,0.002042732137522263,6.427739750277851,6.427739750277851,72.93061186648046,107.10423879211099,134.13842272102724,80.07005486319474,124.73540989404052,119.48157293436536,116.9559283530161,64388.0,2023,12,19,1,4,353
2024-04-21,IBM,Technology,116.60494446832338,119.57481181092491,114.9658406711996,116.60494446832338,129767,932798009735.7786,13.466110924395108,1.0539072467734412,0.0445393843347646,-0.032850828592265,Bullish,22,6,1,120.5536133148527,114.74868428373456,107.73761917052515,113.27217292445263,106.35024656809122,6.921926356361411,-0.067087385437397,4.608971139725313,4.608971139725313,64.5106085534621,107.73761917052515,134.24637203806282,81.22886630298748,124.99021092451808,124.73540989404052,119.48157293436536,72574.0,2024,4,21,6,2,112
2024-05-22,IBM,Aerospace,120.61777530085718,122.72501527248085,118.46646867828905,120.61777530085718,89711,212543595314.81287,24.97273683583272,2.1782239522825493,0.0472329629996045,-0.6195441383597249,Stable,22,0,2,121.28598270442089,117.65286725869036,108.5426289286709,114.40226559774564,107.40710054829611,6.995165049449525,0.034413899434803996,4.258546594191799,4.258546594191799,66.2106223007643,108.5426289286709,134.94984357741424,82.13541427992753,116.60494446832338,124.99021092451808,124.73540989404052,129767.0,2024,5,22,2,2,143
2022-02-13,Intel,Finance,95.1166244644984,97.01809843358308,93.51126728870348,95.1166244644984,58792,569874074245.7368,10.629686088521115,1.4762090124482108,0.0120085772676182,0.0345869643045062,Stable,23,4,2,95.1166244644984,95.1166244644984,95.1166244644984,95.1166244644984,95.1166244644984,0.0,0.0,3.506831144879598,3.506831144879598,66.82687873031006,95.1166244644984,96.10232422776738,94.64586189666284,95.1166244644984,95.1166244644984,95.1166244644984,58792.0,2022,2,13,6,1,44
2022-03-16,Intel,Automotive,95.6315616599318,96.97941956657289,93.19656389715878,95.6315616599318,164752,861206951954.7468,32.31399216515461,3.2031779640129328,0.0193558772588881,0.1987459857439726,Bullish,23,1,1,95.37409306221511,95.37409306221511,95.37409306221511,95.19584557148815,95.15476796045643,0.04107761103172436,0.005413745476487097,3.7828556694141042,3.7828556694141042,66.49162281605501,95.37409306221511,96.10232422776738,94.64586189666284,95.1166244644984,95.1166244644984,95.1166244644984,58792.0,2022,3,16,2,1,75
2022-04-09,Intel,Technology,96.35778089566404,99.21187196915513,94.53636236508326,96.35778089566404,177478,498592662757.4948,10.21499076522352,2.409337396373083,0.0276900910607823,-0.3756162324272241,Bearish,23,6,0,95.70198900669807,95.70198900669807,95.70198900669807,95.3746048521306,95.24388002973106,0.13072482239954297,0.0075939284387582795,4.675509604071863,4.675509604071863,78.10705787463654,95.70198900669807,96.9491254547828,94.45485255861334,95.6315616599318,95.1166244644984,95.1166244644984,164752.0,2022,4,9,5,2,99
2022-05-15,Intel,Energy,97.7431451871085,100.0260462453197,95.18006458161403,97.7431451871085,68047,162851864013.69302,6.96476361956735,3.910856315456231,0.0152786127849584,0.3334630597151795,Stable,23,3,2,96.21227805180068,96.21227805180068,96.21227805180068,95.73899567289644,95.4290107821294,0.3099848907670406,0.014377295518506417,4.845981663705672,4.845981663705672,76.40536490163474,96.21227805180068,98.49333440787532,93.93122169572604,96.35778089566404,95.6315616599318,95.1166244644984,177478.0,2022,5,15,6,2,135
2022-06-01,Intel,Technology,96.1359804252105,97.1641354076131,93.59541949159004,96.1359804252105,63545,6248564739.82653,9.597229285071734,4.762335583439234,0.0365118509683888,0.8734491117069803,Bullish,23,6,1,96.19701852648265,96.19701852648265,96.19701852648265,95.80007025017552,95.4813789038391,0.31869134633642204,-0.016442736304642325,3.5687159160230664,3.5687159160230664,63.59715730550996,96.19701852648265,98.17364965973691,94.22038739322839,97.7431451871085,96.35778089566404,95.6315616599318,68047.0,2022,6,1,2,2,152
2022-06-10,Intel,Technology,99.0247940996605,100.27995454642964,96.49947562518426,99.0247940996605,102733,958212622210.9264,14.64643185376309,0.3544578794564268,0.0218556802750113,0.1109945603392628,Stable,23,6,2,96.97865245351507,96.66831445534562,96.66831445534562,96.29618161163475,95.74385410352957,0.5523275081051793,0.03004924547159904,3.7804789212453755,3.7804789212453755,71.68993204318389,96.66831445534562,99.57632631417074,93.7603025965205,96.1359804252105,97.7431451871085,96.35778089566404,63545.0,2022,6,10,4,2,161
2022-08-23,Intel,Automotive,87.98116528857585,90.14765064806669,86.8899384992783,87.98116528857585,109040,110358131080.43604,13.942267062946163,0.8704083765571463,0.0100538508382625,-0.6408004371198082,Bullish,23,1,1,95.44857317924388,95.42729314580708,95.42729314580708,95.01694833116416,95.16884011723671,-0.15189178607255371,-0.111523875525256,3.2577121487883858,3.2577121487883858,44.328049916305645,95.42729314580708,102.51043226272607,88.3441540288881,99.0247940996605,96.1359804252105,97.7431451871085,102733.0,2022,8,23,1,3,235
2022-08-24,Intel,Technology,88.01752541389986,90.4327000754245,85.9485172781905,88.01752541389986,62183,392238510399.8157,38.13232839698625,0.5853302071208433,0.025124030791498,-0.4372987562923167,Stable,23,6,2,93.78052208289105,94.50107217931868,94.50107217931868,93.94011403620043,94.63911310217472,-0.6989990659742915,0.0004132716951945614,4.484182797234013,4.484182797234013,43.290131066501125,94.50107217931868,102.89487483315303,86.10726952548434,87.98116528857585,99.0247940996605,96.1359804252105,109040.0,2022,8,24,2,3,236
2022-09-21,Intel,Automotive,99.04581915504914,100.61819505361002,97.19193288544449,99.04581915504914,198501,525506469359.4079,10.81120096956684,4.086261556834106,0.035336469609685,0.2344391659889162,Stable,23,1,2,94.04105687647917,95.00604406551095,95.00604406551095,94.72560713140793,94.96553577275802,-0.2399286413500903,0.12529656666997901,3.426262168165536,3.426262168165536,57.642527557075695,95.00604406551095,103.42202947590597,86.59005865511593,88.01752541389986,87.98116528857585,99.0247940996605,62183.0,2022,9,21,2,3,264
2022-12-12,Intel,Automotive,106.23689100879646,109.09120710985,103.6975729797726,106.23689100879646,137235,771083254432.4489,13.146710148545107,3.712654164202107,0.0366646833951748,0.6261255944282402,Stable,23,1,2,96.06123899319637,96.1291287598395,96.1291287598395,96.49657388177539,95.80045097542754,0.6961229063478527,0.07260348710418763,5.393634130077402,5.393634130077402,61.2799440788302,96.1291287598395,106.77862226084943,85.47963525882957,99.04581915504914,88.01752541389986,87.98116528857585,198501.0,2022,12,12,0,4,346
2023-01-07,Intel,Consumer Goods,113.67491030161462,115.53122563199037,111.9765653486642,113.67491030161462,164548,527497072115.6502,39.36295426412197,3.609646137578397,0.0126677552562179,-0.4520224369139638,Stable,23,2,2,98.99126223358718,97.98495734355113,97.7241998090918,99.13939486944295,97.12448499958954,2.014909869853412,0.07001352564244634,3.5546602833261716,3.5546602833261716,62.776449384274486,97.7241998090918,112.3535406466145,83.0948589715691,106.23689100879646,99.04581915504914,88.01752541389986,137235.0,2023,1,7,5,1,7
2023-04-07,Intel,Technology,104.8435842657574,106.48063241918108,103.13960839128112,104.8435842657574,188429,613331230690.7404,18.88788964802108,0.2141877755955662,0.0287966148813438,0.2190117820099664,Bullish,23,6,1,102.36374602902349,98.90615960413369,98.31748184714725,100.01696246887593,97.69627013041679,2.320692338459139,-0.07768931607181373,3.3410240278999623,3.3410240278999623,54.11321406116676,98.31748184714725,112.85903191423787,83.77593178005662,113.67491030161462,106.23689100879646,99.04581915504914,164548.0,2023,4,7,4,2,97
2023-06-03,Intel,Finance,120.7368007829504,122.5239099673551,119.1514762876074,120.7368007829504,168874,284570674080.0364,33.70044201917746,4.792489178338701,0.042784382122632,0.6900244743115518,Bullish,23,4,1,108.90760110283361,101.34406159286233,100.04204484220904,103.20462990181046,99.40297610467854,3.8016537971319195,0.15158978614186713,3.372433679747701,3.372433679747701,70.40918122330089,100.04204484220904,118.70991562962318,81.37417405479489,104.8435842657574,113.67491030161462,106.23689100879646,188429.0,2023,6,3,5,2,154
2023-07-07,Intel,Finance,114.78835813857916,118.14252202703074,111.61573305560658,114.78835813857916,102528,449328796257.57166,6.567245767663388,3.681144412642751,0.0232156589466246,0.8516547488870347,Stable,23,4,2,112.05610889953962,103.04858288800938,101.0953529348069,104.9867419382364,100.54263403311563,4.444107905120774,-0.04926785044656612,6.526788971424153,6.526788971424153,63.196685430116226,101.0953529348069,120.68647764364006,81.50422822597373,120.7368007829504,104.8435842657574,113.67491030161462,168874.0,2023,7,7,4,3,188
2023-10-17,Intel,Energy,115.45305795582505,116.66831159464392,112.09269725603286,115.45305795582505,127709,642933392978.2424,17.67938304845069,2.507878499589742,0.0152201823854975,0.0365594413774221,Bearish,23,3,0,113.89934228894533,104.98029064107084,102.05253326954146,106.59694440248082,101.64710987924225,4.9498345232385645,0.005790655324501071,4.575614338611061,4.575614338611061,63.52200392608284,102.05253326954146,122.33475859463799,81.77030794444492,114.78835813857916,120.7368007829504,104.8435842657574,102528.0,2023,10,17,1,4,290
2024-03-07,Intel,Aerospace,115.84437596834243,117.34513134314852,113.7124265188449,115.84437596834243,59111,21006329569.898643,9.536022791840468,4.723328660855476,0.0194249140476659,-0.7502598461881547,Bearish,23,0,0,114.33323542229088,106.66224882793904,102.9145234382165,108.01962618184415,102.6987592191756,5.320866962668546,0.0033894122810251837,3.63270482430363,3.63270482430363,63.46193807446807,102.9145234382165,123.68704898967283,82.14199788676018,115.45305795582505,114.78835813857916,120.7368007829504,127709.0,2024,3,7,3,1,67
2024-04-27,Intel,Healthcare,117.46152779731868,120.4801847917846,116.23446457083725,117.46152779731868,50235,898363365665.4133,30.76701487712667,1.5902478627545935,0.0188606908845242,0.5074403531242593,Stable,23,5,2,116.85682412860315,109.61028507881333,103.77022957698722,109.47222643037868,103.79229763237139,5.679928798007296,0.013959692177185845,4.245720220947348,4.245720220947348,63.89046444013456,103.77022957698722,125.08503776044313,82.45542139353131,115.84437596834243,115.45305795582505,114.78835813857916,59111.0,2024,4,27,5,2,118
2024-08-18,Intel,Healthcare,123.01863517280148,124.5117991879516,119.54150795760806,123.01863517280148,105176,388207636251.28674,17.42643697581854,1.2312208048530005,0.0108303212849585,-0.5735921372217299,Bullish,23,5,1,117.31319100657336,113.11039605470349,104.83958544342134,111.55628931382836,105.21647078351435,6.339818530314005,0.04731002124433159,4.970291230343534,4.970291230343534,65.7702506800673,104.83958544342134,127.42121209314888,82.2579587936938,117.46152779731868,115.84437596834243,115.45305795582505,50235.0,2024,8,18,6,3,231
2022-07-13,JPMorgan Chase,Healthcare,83.92694397455095,86.0490462770176,82.69423310908579,83.92694397455095,106250,885113358166.7578,38.85746622258963,1.6262695296227596,0.0301847609843078,0.4148525503238647,Stable,24,5,2,83.92694397455095,83.92694397455095,83.92694397455095,83.92694397455095,83.92694397455095,0.0,0.0,3.354813167931809,3.354813167931809,67.11628875413322,83.92694397455095,90.51955773215687,80.7783627361969,83.92694397455095,83.92694397455095,83.92694397455095,106250.0,2022,7,13,2,3,194
2022-08-22,JPMorgan Chase,Automotive,87.37097649380283,88.32347540630445,85.80564765456002,87.37097649380283,176071,46055576543.10286,10.6566933950055,0.0100925887411695,0.0102161969469067,-0.3254662078915473,Bearish,24,1,0,85.64896023417688,85.64896023417688,85.64896023417688,84.45679513135893,84.18205749449554,0.27473763686339225,0.04103607680861354,2.5178277517444343,2.5178277517444343,67.34715089845753,85.64896023417688,90.51955773215687,80.7783627361969,83.92694397455095,83.92694397455095,83.92694397455095,106250.0,2022,8,22,0,3,234
2023-05-15,JPMorgan Chase,Healthcare,118.62913378255408,120.8203101563781,116.02930524236945,118.62913378255408,124460,840611953870.6566,36.5112443825995,4.262924774691713,0.0434149012113698,0.8752795599158041,Stable,24,5,2,96.64235141696929,96.64235141696929,96.64235141696929,89.71407800077357,86.73369277509246,2.980385225681104,0.3577636252121821,4.791004914008653,4.791004914008653,85.1159232701768,96.64235141696929,134.87999198707294,58.40471084686564,87.37097649380283,83.92694397455095,83.92694397455095,176071.0,2023,5,15,0,2,135
2023-08-05,JPMorgan Chase,Finance,119.62413050271648,121.52174230161874,117.87086978963389,119.62413050271648,107043,688519658000.7289,10.147164769830592,1.544779950340763,0.0319945671345759,0.0281638415323706,Stable,24,4,2,102.38779618840609,102.38779618840609,102.38779618840609,94.31562453953401,89.1700214956572,5.145603043876818,0.008387456676419935,3.6508725119848577,3.6508725119848577,85.25824053471649,102.38779618840609,141.15513993102508,63.62045244578711,118.62913378255408,87.37097649380283,83.92694397455095,124460.0,2023,8,5,5,3,217
2023-09-14,JPMorgan Chase,Aerospace,122.11922962655942,125.7276697850014,120.50409174617032,122.11922962655942,73524,349225093574.7285,16.403809114755745,4.051292933497656,0.0123670828745416,0.433212597920062,Stable,24,0,2,106.33408287603675,106.33408287603675,106.33408287603675,98.59310224523023,91.61070357942774,6.982398665802492,0.020857824532202418,5.223578038831079,5.223578038831079,83.8868063830332,106.33408287603675,144.2635407954851,68.40462495658838,119.62413050271648,118.62913378255408,87.37097649380283,107043.0,2023,9,14,3,3,257
2023-10-12,JPMorgan Chase,Finance,116.30609753764696,119.3440400453546,114.50514657506696,116.30609753764696,69198,546141201606.978,23.285545089191256,4.5783611613082495,0.0232224400922516,-0.2064213491708315,Stable,24,4,2,112.80991358865595,107.99608531963845,107.99608531963845,101.31817844406356,93.43999202077731,7.878186423286252,-0.04760210252463115,4.838893470287644,4.838893470287644,77.20680341654479,107.99608531963845,142.88460883943614,73.10756179984077,122.11922962655942,119.62413050271648,118.62913378255408,73524.0,2023,10,12,3,4,285
2024-01-03,JPMorgan Chase,Finance,121.16491702318103,122.68231275183726,119.44431403635932,121.16491702318103,123686,473419073667.54895,34.478076122038175,3.825801644083832,0.0116115578293816,0.7586489267251213,Stable,24,4,2,119.5687016945316,109.8773469915731,109.8773469915731,104.37152284085086,95.49369016910352,8.877832671747342,0.04177613717940565,3.237998715477943,3.237998715477943,76.53698590325715,109.8773469915731,143.24554993816625,76.50914404497996,116.30609753764696,122.11922962655942,119.62413050271648,69198.0,2024,1,3,2,1,3
2024-05-19,JPMorgan Chase,Energy,118.82902692669032,121.8559525387331,116.84489792994158,118.82902692669032,198056,387074380317.988,30.865929522578558,3.390569154771044,0.0154944698387469,-0.5538273309420503,Bearish,24,3,0,119.60868032335884,110.99630698346276,110.99630698346276,106.59575423867231,97.22223363262847,9.37352060604384,-0.0192786010495416,5.011054608791525,5.011054608791525,82.65398438212134,110.99630698346276,142.53106290025784,79.46155106666768,121.16491702318103,116.30609753764696,122.11922962655942,123686.0,2024,5,19,6,2,140
2022-06-22,Johnson & Johnson,Energy,93.2659541500974,95.68498980198672,92.03656681873645,93.2659541500974,175657,45121272272.39008,17.107215662559298,2.0582773022835124,0.0198607962255193,-0.7189057440089142,Bullish,25,3,1,93.2659541500974,93.2659541500974,93.2659541500974,93.2659541500974,93.2659541500974,0.0,0.0,3.6484229832502706,3.6484229832502706,78.43726912078975,93.2659541500974,99.98040543501662,79.20699217175775,93.2659541500974,93.2659541500974,93.2659541500974,175657.0,2022,6,22,2,2,173
2022-06-29,Johnson & Johnson,Healthcare,85.92144345667695,88.12882809384138,84.14680023945795,85.92144345667695,156308,731292647786.8234,9.479587298675524,0.419597679107147,0.0359242013813649,0.4774870192318605,Bullish,25,5,1,89.59369880338718,89.59369880338718,89.59369880338718,92.13602942803271,92.72191632095515,-0.5858868929224315,-0.07874803576877121,3.982027854383432,3.982027854383432,76.79737537942066,89.59369880338718,99.98040543501662,79.20699217175775,93.2659541500974,93.2659541500974,93.2659541500974,175657.0,2022,6,29,2,2,180
2022-07-25,Johnson & Johnson,Consumer Goods,86.81011001233566,87.9766186129722,85.85091706841723,86.81011001233566,182874,418088577943.86426,32.70949959586731,1.0222028697477343,0.0366146083367561,-0.1842207829854398,Bearish,25,2,0,88.66583587303667,88.66583587303667,88.66583587303667,91.31665721023317,92.28400474253888,-0.967347532305709,0.010342779635758692,2.125701544554971,2.125701544554971,76.87493810912629,88.66583587303667,96.68287976314922,80.64879198292412,85.92144345667695,93.2659541500974,93.2659541500974,156308.0,2022,7,25,0,3,206
2022-11-13,Johnson & Johnson,Healthcare,111.86775408118228,114.93630271476904,108.64487192453714,111.86775408118228,79592,961353972896.7224,30.888495525436728,2.096948058334858,0.0457761755459402,-0.254000328866274,Stable,25,5,2,94.46631542507308,94.46631542507308,94.46631542507308,94.47836442114843,93.73465284169765,0.7437115794507747,0.2886489150317395,6.2914307902318996,6.2914307902318996,83.09769514063647,94.46631542507308,118.57394223406182,70.35868861608434,86.81011001233566,85.92144345667695,93.2659541500974,182874.0,2022,11,13,6,4,317
2022-11-18,Johnson & Johnson,Technology,109.64980767243956,111.83666870764895,108.55220509412072,109.64980767243956,52368,229396536363.3986,30.8324193168481,2.951163295754464,0.025361705535644,-0.0994463791168185,Stable,25,6,2,97.50301387454638,97.50301387454638,97.50301387454638,96.81243261365475,94.91355319953038,1.898879414124366,-0.01982650341878822,3.2844636135282315,3.2844636135282315,80.80389436718465,97.50301387454638,122.40911758893284,72.59691016015992,111.86775408118228,86.81011001233566,85.92144345667695,79592.0,2022,11,18,4,4,322
2022-11-22,Johnson & Johnson,Technology,110.49555074926472,113.20867257963006,107.54449579233838,110.49555074926472,137922,756879167981.1498,6.089045997107519,1.050146747581408,0.0255959898516432,-0.5879886428959202,Bullish,25,6,1,100.94893319437983,99.66843668699943,99.66843668699943,98.9175277114409,96.06777524025145,2.849752471189447,0.007713128684654569,5.66417678729168,5.66417678729168,79.77094113151877,99.66843668699943,124.34207737389505,74.9947960001038,109.64980767243956,111.86775408118228,86.81011001233566,52368.0,2022,11,22,1,4,326
2023-01-13,Johnson & Johnson,Aerospace,120.03455844519463,121.44238288153844,117.96435613615525,120.03455844519463,66964,132203791282.96867,20.74447727903957,2.6594453950375705,0.0259666717804407,0.8486191341051159,Bullish,25,0,1,107.77155619208338,102.57788265245588,102.57788265245588,102.16630167047992,97.84309251469169,4.323209155788234,0.08632933752758709,3.4780267453831897,3.4780267453831897,81.75835386682903,102.57788265245588,129.86048352579388,75.29528177911789,110.49555074926472,109.64980767243956,111.86775408118228,137922.0,2023,1,13,4,1,13
2023-04-09,Johnson & Johnson,Aerospace,104.16760129524256,105.76763961076828,102.52803832561553,104.16760129524256,94811,935266613484.1602,14.723772547360705,0.3500175606653288,0.0180308389902671,0.5839860668114194,Bearish,25,0,0,111.24305444866475,102.77659748280422,102.77659748280422,102.47419392044341,98.31157464658435,4.162619273859065,-0.13218657489540064,3.2396012851527587,3.2396012851527587,69.33940106088481,102.77659748280422,128.06037851010217,77.49281645550627,120.03455844519463,110.49555074926472,109.64980767243956,66964.0,2023,4,9,6,2,99
2023-08-17,Johnson & Johnson,Aerospace,114.2543882654188,117.4671614822496,113.03378298560246,114.2543882654188,106570,126615770294.84218,10.305450250445798,0.6921774666469716,0.0274820608736875,0.9729748031434592,Bearish,25,0,0,111.72038128551205,104.0519075697614,104.0519075697614,104.2865315119781,99.49252380353505,4.794007708443047,0.09683228609236405,4.433378496647137,4.433378496647137,61.991781797689804,104.0519075697614,128.90974043187987,79.19407470764291,104.16760129524256,120.03455844519463,110.49555074926472,94811.0,2023,8,17,3,3,229
2023-11-17,Johnson & Johnson,Consumer Goods,116.2115335934558,118.49766781607474,113.48623498528409,116.2115335934558,198216,670425938576.3308,23.5002338402769,4.926519161436428,0.0218299025038008,-0.8294633167766452,Bearish,25,2,0,113.0327264697153,105.26787017213084,105.26787017213084,106.12114721682082,100.73096897315881,5.390178243662007,0.01712971692159826,5.011432830790653,5.011432830790653,62.40126158569771,105.26787017213084,129.93358694424217,80.60215340001952,114.2543882654188,104.16760129524256,120.03455844519463,106570.0,2023,11,17,4,4,321
2024-01-09,Johnson & Johnson,Technology,120.79655648471692,123.27428562048637,119.3566132346748,120.79655648471692,196106,638322832522.6542,31.58640000449288,2.79789427232671,0.0133489975138139,0.1767313784353132,Bearish,25,6,0,115.09292761680574,108.0209304055928,106.67956892782048,108.37890248880484,102.21730878882978,6.161593699975057,0.03945411225103501,3.9176723858115707,3.9176723858115707,63.26100821574481,106.67956892782048,131.8836387196954,81.47549913594555,116.2115335934558,114.2543882654188,104.16760129524256,198216.0,2024,1,9,1,1,9
2024-01-15,Johnson & Johnson,Consumer Goods,120.20047437419596,122.41233690115324,117.75634545104796,120.20047437419596,88638,597449869978.796,24.413007181228345,3.4926531260456857,0.0231423259954319,0.7166608635618497,Bearish,25,2,0,115.12611080260601,111.44883349734468,107.80631104835176,110.19760585578808,103.54939512848654,6.648210727301546,-0.004934595222475302,4.655991450105276,4.655991450105276,67.09060892743224,107.80631104835176,133.07356003052723,82.53906206617629,120.79655648471692,116.2115335934558,114.2543882654188,196106.0,2024,1,15,0,1,15
2024-01-29,Johnson & Johnson,Technology,116.09906612198472,118.92341851268418,113.09273175089255,116.09906612198472,187301,596154977460.7677,33.832233153540784,1.39707942088036,0.0309362874026988,-0.3861378540375348,Stable,25,6,2,117.51240376795445,114.37772910830961,108.44421528478507,111.10552281981833,104.4790003872642,6.62652243255414,-0.03412139821880533,5.830686761791625,5.830686761791625,61.997510712997965,108.44421528478507,133.06922255191105,83.8192080176591,120.20047437419596,120.79655648471692,116.2115335934558,88638.0,2024,1,29,0,1,29
2024-02-17,Johnson & Johnson,Finance,117.99526120555971,119.61112113777529,114.96389080937404,117.99526120555971,122274,995485010213.5529,35.32917936121804,1.688246509996173,0.0470482080753738,0.3433204619957974,Bullish,25,4,1,118.26057835598263,114.99047982074735,109.12643285055469,112.16548257147085,105.48020489232312,6.685277679147731,0.016332561035268478,4.64723032840125,4.64723032840125,64.5495412116195,109.12643285055469,133.32992614960074,84.92293955150865,116.09906612198472,120.20047437419596,120.79655648471692,187301.0,2024,2,17,5,1,48
2024-03-28,Johnson & Johnson,Automotive,121.41616766589308,122.89329091581524,118.52971499032608,121.41616766589308,117584,280423834933.0077,17.990656517500966,3.350162689037834,0.0260717254043769,-0.8451768960304988,Stable,25,1,2,119.3015051704701,116.16711582009268,109.94574850491058,113.58866489368967,106.66064657925422,6.928018314435448,0.028991897008251888,4.363575925489158,4.363575925489158,65.92134194786166,109.94574850491058,134.11685253613757,85.77464447368358,117.99526120555971,116.09906612198472,120.20047437419596,122274.0,2024,3,28,3,1,88
2024-04-14,Johnson & Johnson,Aerospace,116.26996700948264,119.35200008472104,113.0953267804638,116.26996700948264,89809,818916269070.1959,6.505243315342882,4.611837423350514,0.0230443141005029,0.9078735050528176,Bullish,25,0,1,118.39618727542322,116.74455744611448,110.34101216144634,114.00117291150397,107.37244809260449,6.628724818899485,-0.04238480554394941,6.256673304257248,6.256673304257248,67.60238538572355,110.34101216144634,133.90564074623907,86.7763835766536,121.41616766589308,117.99526120555971,116.09906612198472,117584.0,2024,4,14,6,2,105
2024-05-18,Johnson & Johnson,Consumer Goods,118.57878271975478,121.56630715417673,116.39573353393112,118.57878271975478,70611,365433420925.38495,16.96312969222639,2.278095782186258,0.0369418631252556,0.227366375457487,Bullish,25,2,1,118.07184894453499,116.59897987357049,110.82558690017036,114.70542057431179,108.20254695387487,6.502873620436915,0.01985736961707274,5.170573620245605,5.170573620245605,68.12745234685777,110.82558690017036,133.98920600172426,87.66196779861647,116.26996700948264,121.41616766589308,117.99526120555971,89809.0,2024,5,18,5,2,139
2024-08-21,Johnson & Johnson,Automotive,120.978094009415,123.9262026042734,118.61449686869904,120.978094009415,84560,970779207712.9996,38.35138785992396,0.1588924217866222,0.0445860941841098,-0.4786766903341268,Stable,25,1,2,119.04765452202105,118.28002914498775,111.38961507290618,115.67044725663536,109.14888377280377,6.521563483831585,0.02023390048901641,5.311705735574364,5.311705735574364,57.011456380671426,111.38961507290618,134.36561329149347,88.41361685431889,118.57878271975478,116.26996700948264,121.41616766589308,70611.0,2024,8,21,2,3,234
2024-09-09,Johnson & Johnson,Consumer Goods,124.82225247834658,126.36961092882534,123.48775835660224,124.82225247834658,58070,70185051979.57408,33.28277488245405,2.7865528765715424,0.0401814766360984,0.9674700673515156,Bearish,25,2,0,120.41305277657841,119.33681556628053,112.09659598898197,117.07841729074478,110.30987404728843,6.7685432434563495,0.03177565740647581,2.881852572223096,2.881852572223096,61.3917948920738,112.09659598898197,135.2602611636811,88.93293081428284,120.978094009415,118.57878271975478,116.26996700948264,84560.0,2024,9,9,0,3,253
2022-02-28,LG,Consumer Goods,94.08144780666451,96.24695134061544,92.08398548026678,94.08144780666451,87065,736168708582.8063,23.85434835700637,1.9591198164175,0.0194857786391084,0.6978477389521456,Bearish,26,2,0,94.08144780666451,94.08144780666451,94.08144780666451,94.08144780666451,94.08144780666451,0.0,0.0,4.162965860348663,4.162965860348663,60.895161942967576,94.08144780666451,94.21063818983163,93.81094429001934,94.08144780666451,94.08144780666451,94.08144780666451,87065.0,2022,2,28,0,1,59
2022-03-07,LG,Healthcare,93.94013467318644,95.1315203283118,92.8779572391883,93.94013467318644,73247,625136509772.2079,31.55367365388517,1.0028012553649146,0.0209753842081035,0.1631284088759774,Bearish,26,5,0,94.01079123992548,94.01079123992548,94.01079123992548,94.05970732459097,94.07098016714761,-0.011272842556635965,-0.0015020297494621193,2.253563089123489,2.253563089123489,54.12276474940464,94.01079123992548,94.21063818983163,93.81094429001934,94.08144780666451,94.08144780666451,94.08144780666451,87065.0,2022,3,7,0,1,66
2022-03-15,LG,Technology,95.2488624501164,97.19868589982173,94.28071277588155,95.2488624501164,101214,363395136771.2795,27.517781296912453,3.658623682821065,0.0229738323078022,-0.3970738810823986,Bearish,26,6,0,94.42348164332246,94.42348164332246,94.42348164332246,94.2426542669795,94.15823070662678,0.08442356035271814,0.013931508417386995,2.917973123940172,2.917973123940172,76.10789997596895,94.42348164332246,95.86005041312252,92.9869128735224,93.94013467318644,94.08144780666451,94.08144780666451,73247.0,2022,3,15,1,1,74
2022-04-16,LG,Automotive,94.3955346263172,97.18710147702288,92.0299130990836,94.3955346263172,163252,264420118831.9818,18.07119086504607,3.5424484874639868,0.0163849960572866,-0.3215594032164324,Bullish,26,1,1,94.41649488907115,94.41649488907115,94.41649488907115,94.26617432226223,94.175808774752,0.09036554751023118,-0.008958929291634443,5.157188377939278,5.157188377939278,66.71132361678387,94.41649488907115,95.58978126616303,93.24320851197926,95.2488624501164,93.94013467318644,94.08144780666451,101214.0,2022,4,16,5,2,106
2022-10-06,LG,Automotive,101.85625386207512,104.4366908678716,99.98217719568107,101.85625386207512,152946,477200151502.038,9.11753958557638,0.0790659811648103,0.0496581427137116,-0.660481597214347,Stable,26,1,2,95.90444668367194,95.90444668367194,95.90444668367194,95.43387886684883,94.74473063307224,0.6891482337765922,0.07903678140383019,4.454513672190529,4.454513672190529,71.52467503156572,95.90444668367194,102.63589983682665,89.17299353051722,94.3955346263172,95.2488624501164,93.94013467318644,163252.0,2022,10,6,3,4,279
2022-11-24,LG,Healthcare,107.44918353177908,108.67800373491905,105.20630627676094,107.44918353177908,194475,193939731722.70575,8.72203041895211,3.564800039294029,0.015520619480802,-0.316268462403698,Stable,26,5,2,98.57799382869484,97.82856949168979,97.82856949168979,97.2823872768381,95.68580121816163,1.5965860586764649,0.05491002719653748,3.471697458158104,3.471697458158104,72.25926430143262,97.82856949168979,109.0135565355143,86.64358244786528,101.85625386207512,94.3955346263172,95.2488624501164,152946.0,2022,11,24,3,4,328
2023-03-28,LG,Consumer Goods,107.24580527242962,110.01713252472828,105.44672124747537,107.24580527242962,94425,201658230772.4319,25.680360444486453,0.9086164661407824,0.0337108376348073,-0.8415736999832584,Stable,26,2,2,101.23912794854348,99.17388888893834,99.17388888893834,98.8152208146214,96.54209781477408,2.273122999847317,-0.0018927855258138448,4.570411277252916,4.570411277252916,72.99293557649486,99.17388888893834,111.62097847510015,86.72679930277653,107.44918353177908,101.85625386207512,94.3955346263172,194475.0,2023,3,28,1,1,87
2023-04-28,LG,Energy,113.51966207760124,114.67454094137204,110.46211478206322,113.51966207760124,176020,329688420376.84753,15.38546743864315,2.7401617833212004,0.0159656330375894,0.1752539732302174,Bearish,26,3,0,104.89328787404045,100.96711053752121,100.96711053752121,101.07744254738753,97.7996951675761,3.27774737981143,0.05849978737382355,4.212426159308819,4.212426159308819,84.46941330435382,100.96711053752121,116.31956247909153,85.61465859595089,107.24580527242962,107.44918353177908,101.85625386207512,94425.0,2023,4,28,4,2,118
2023-07-19,LG,Consumer Goods,111.08143275948044,113.51176259004424,108.88921529541412,111.08143275948044,73959,782008539515.1843,23.5879870709835,3.371294210032496,0.039151448890263,0.6748991901669237,Stable,26,2,2,108.2304675006731,102.0909241177389,102.0909241177389,102.61651796463259,98.78352758179125,3.832990382841345,-0.0214784758296237,4.622547294630124,4.622547294630124,78.78219028383712,102.0909241177389,117.95604336443508,86.22580487104271,113.51966207760124,107.24580527242962,107.44918353177908,176020.0,2023,7,19,2,3,200
2023-07-23,LG,Aerospace,112.21285476678564,115.57677012693266,110.46603398955772,112.21285476678564,96427,558582109344.269,8.684071481895433,1.5201513622399982,0.021436021350848,-0.6539522604976713,Bearish,26,0,0,110.3017876816152,103.10311718264356,103.10311718264356,104.09287747265614,99.77829255845751,4.314584914198633,0.010185518670388527,5.110736137374943,5.110736137374943,77.53986608630595,103.10311718264356,119.37322814971006,86.83300621557706,111.08143275948044,113.51966207760124,107.24580527242962,73959.0,2023,7,23,6,3,204
2023-09-06,LG,Aerospace,117.23285893268904,119.86682426806264,114.505598511146,117.23285893268904,50404,113996709257.49646,25.40445491576109,4.625235876715072,0.0172490224419883,-0.985216197111414,Bearish,26,0,0,112.2585227617972,105.41825829524603,104.38763915992044,106.11441308189197,101.07122340099318,5.0431896808987915,0.04473644464652993,5.361225756916639,5.361225756916639,90.67059095783449,104.38763915992044,122.01842799755647,86.75685032228441,112.21285476678564,111.08143275948044,113.51966207760124,96427.0,2023,9,6,2,3,249
2023-12-04,LG,Healthcare,120.37127524991708,122.28347833987895,118.87338665300076,120.37127524991708,86668,917834736682.206,8.65414454118285,0.3823997774965654,0.0105843598843553,0.4845975134678886,Bearish,26,5,0,114.8836167572947,108.06137235291908,105.71960883408683,108.30777649235736,102.50085687128384,5.806919621073519,0.026770790594043303,3.4100916868781894,3.4100916868781894,90.86502705803865,105.71960883408683,124.89628682581734,86.54293084235631,117.23285893268904,112.21285476678564,111.08143275948044,50404.0,2023,12,4,0,4,338
2023-12-16,LG,Energy,124.3226920487716,126.52425074307564,122.02239775160382,124.3226920487716,73624,646959307509.4373,8.532941999213252,0.0157045302406105,0.0423087127992591,0.0139992402866948,Stable,26,3,2,117.04422275152876,110.96875531278461,107.15061523521642,110.77160965488262,104.11728910665332,6.6543205482293075,0.03282690816933287,4.5018529914718215,4.5018529914718215,91.20785011975883,107.15061523521642,128.21205128650425,86.0891791839286,120.37127524991708,117.23285893268904,112.21285476678564,86668.0,2023,12,16,5,4,350
2023-12-28,LG,Technology,125.77942924977064,129.00777638268198,122.30375454286568,125.77942924977064,181374,766889479065.2056,19.045710847689925,4.958864404896247,0.0461289450937882,-0.553980352932534,Bearish,26,6,0,119.98382204958679,114.10714477512995,108.48124480768458,113.08050497717309,105.72189208021757,7.3586128969555205,0.011717387847647087,6.704021839816306,6.704021839816306,90.66922276861156,108.48124480768458,131.03372668637766,85.92876292899147,124.3226920487716,120.37127524991708,117.23285893268904,73624.0,2023,12,28,3,4,362
2024-02-06,LG,Consumer Goods,114.45819939347165,115.99094008777578,112.70562607190162,114.45819939347165,57561,70861674103.7247,25.772001704157717,3.0192549127013897,0.0363086458910381,0.945587403312888,Bullish,26,2,1,120.43289097492399,115.3673393282696,108.87970844673706,113.29245796429595,106.36902595527343,6.92343200902252,-0.09000859618958434,3.285314015874164,3.285314015874164,70.25855975638385,108.87970844673706,130.82990736177715,86.92950953169697,125.77942924977064,124.3226920487716,120.37127524991708,181374.0,2024,2,6,1,1,37
2024-02-26,LG,Aerospace,116.39559143225192,118.78688293771268,114.91087171076562,116.39559143225192,166148,410068375152.19867,6.480211222793842,3.001407302640185,0.0367742793696299,0.0541003129851274,Stable,26,0,2,120.26543747483656,116.26198011831688,109.34945113333173,113.76986311321225,107.11173450912369,6.65812860408856,0.016926633906935162,3.876011226947057,3.876011226947057,71.55539516283453,109.34945113333173,130.88576019141996,87.81314207524349,114.45819939347165,125.77942924977064,124.3226920487716,57561.0,2024,2,26,0,1,57
2024-03-11,LG,Healthcare,117.25984454186168,120.3203613812109,115.51087016009724,117.25984454186168,172883,671886885169.4242,21.63923127475258,2.949739414009044,0.0413286181862671,0.9966375131419134,Stable,26,5,2,119.6431513332255,117.2633840452601,109.81476839265702,114.30678333300446,107.86344636340058,6.443336969603877,0.007425136115338127,4.80949122111366,4.80949122111366,71.3105830926261,109.81476839265702,131.01730810325108,88.61222868206296,116.39559143225192,114.45819939347165,125.77942924977064,166148.0,2024,3,11,0,1,71
2024-07-20,LG,Healthcare,124.97135989541316,127.26346761467715,122.7797665345562,124.97135989541316,174714,134011859173.91884,31.629902058007342,1.0895435412600674,0.0148751800712553,-0.3685577404590228,Bullish,26,5,1,119.7728849025538,118.40855382704129,110.65680125392124,115.94748741952888,109.13069921762374,6.8167882019051405,0.0657643320582646,4.483701080120952,4.483701080120952,76.13251386336435,110.65680125392124,132.43185810446423,88.88174440337825,117.25984454186168,116.39559143225192,114.45819939347165,172883.0,2024,7,20,5,3,202
2022-02-03,Lamborghini,Finance,99.0333200984243,100.25031712498934,96.89394363404271,99.0333200984243,106886,978952504180.3452,19.469575725334156,4.115804153544296,0.016251348381991,0.1287907606779792,Bearish,27,4,0,99.0333200984243,99.0333200984243,99.0333200984243,99.0333200984243,99.0333200984243,0.0,0.0,3.3563734909466234,3.3563734909466234,72.64376212836022,99.0333200984243,100.18662874668802,96.61848056095563,99.0333200984243,99.0333200984243,99.0333200984243,106886.0,2022,2,3,3,1,34
2022-09-20,Lamborghini,Energy,97.77178920921936,99.6662524681186,95.80272228656762,97.77178920921936,69830,597676798357.9106,24.52370671752205,4.306598129075454,0.0297039602088725,-0.2996026379535619,Stable,27,3,2,98.40255465382182,98.40255465382182,98.40255465382182,98.839238423162,98.93987336589059,-0.10063494272858975,-0.012738448917507417,3.863530181550985,3.863530181550985,67.40618772330951,98.40255465382182,100.18662874668802,96.61848056095563,99.0333200984243,99.0333200984243,99.0333200984243,106886.0,2022,9,20,1,3,263
2022-12-03,Lamborghini,Technology,104.6467146406934,106.19958949901454,101.82317043702744,104.6467146406934,105609,284059605317.31604,16.913303243333623,3.6028277432220306,0.0228010926624956,0.0107305130118593,Stable,27,6,2,100.48394131611235,100.48394131611235,100.48394131611235,99.73269630278222,99.36260234920931,0.37009395357290487,0.07031604399467994,4.376419061987093,4.376419061987093,71.86075577230419,100.48394131611235,107.80360698060475,93.16427565161995,97.77178920921936,99.0333200984243,99.0333200984243,69830.0,2022,12,3,5,4,337
2022-12-14,Lamborghini,Technology,104.18364576074534,106.77344035603498,101.21618622340908,104.18364576074534,144476,167211209345.34006,7.068286152738865,4.363179012734176,0.0329057141246233,-0.1427114415829364,Bearish,27,6,0,101.4088674272706,101.4088674272706,101.4088674272706,100.41745775785347,99.71971667598976,0.6977410818637111,-0.004425068493913331,5.5572541326259,5.5572541326259,67.45004639576725,101.4088674272706,108.43781826915325,94.37991658538793,104.6467146406934,97.77178920921936,99.0333200984243,105609.0,2022,12,14,2,4,348
2022-12-25,Lamborghini,Aerospace,109.40783678518706,110.55125638401486,107.71221908489508,109.40783678518706,82217,594801463369.3168,19.44663952431091,0.3882038799439063,0.0418603407889483,-0.593024010889375,Stable,27,0,2,103.0086612988539,103.0086612988539,103.0086612988539,101.80059299282786,100.43735520259696,1.3632377902308974,0.050144060387739886,2.8390372991197808,2.8390372991197808,74.09285304023274,103.0086612988539,112.40235179217501,93.61497080553278,104.18364576074534,104.6467146406934,97.77178920921936,144476.0,2022,12,25,6,4,359
2023-06-01,Lamborghini,Automotive,120.11583596591475,122.35117625861068,118.9015267200704,120.11583596591475,69870,655354329493.2765,34.01562063909219,2.219295942106505,0.0291334192668222,-0.7415523997945013,Bearish,27,1,0,107.22516447235198,105.85985707669737,105.85985707669737,104.61832268099508,101.89502044432422,2.723302236670861,0.09787232336703577,3.449649538540285,3.449649538540285,78.23252760801483,105.85985707669737,122.16006424083086,89.55964991256387,109.40783678518706,104.18364576074534,104.6467146406934,82217.0,2023,6,1,3,2,152
2023-07-04,Lamborghini,Energy,117.02465162467276,118.21408625440463,115.55106763464563,117.02465162467276,164065,883825959991.0918,22.908848530352916,2.1449246592044524,0.0461105515185803,0.7450399036587247,Bearish,27,3,0,111.07573695544265,107.45482772640814,107.45482772640814,106.5269886723301,103.01573386509077,3.5112548072393395,-0.02573502749561829,2.6630186197590007,2.6630186197590007,72.17941383521489,107.45482772640814,124.56166962619619,90.34798582662009,120.11583596591475,109.40783678518706,104.18364576074534,69870.0,2023,7,4,1,3,185
2023-09-01,Lamborghini,Consumer Goods,111.80541532966348,114.4501216646982,108.7478589392588,111.80541532966348,68017,18498474871.20017,28.708556253155088,4.746003465904457,0.0209060258924993,-0.8208679513673787,Stable,27,2,2,112.50747709323669,107.99865117681506,107.99865117681506,107.33905431191985,103.66682138098503,3.6722329309348254,-0.04459946022098549,5.702262725439397,5.702262725439397,64.45641364757054,107.99865117681506,124.13251477588457,91.86478757774555,117.02465162467276,120.11583596591475,109.40783678518706,164065.0,2023,9,1,4,3,244
2024-01-08,Lamborghini,Healthcare,121.4537859098056,122.81722318205496,117.91573084520556,121.4537859098056,54621,206979978353.908,19.56424998248823,3.28027510987852,0.0421502094404705,0.5035891747345127,Bearish,27,5,0,115.96150512304874,109.49366614714734,109.49366614714734,109.51055148082534,104.9843743090458,4.526177171779537,0.08629609354514223,4.901492336849401,4.901492336849401,67.53463101304685,109.49366614714734,127.05004310023315,91.93728919406152,111.80541532966348,117.02465162467276,120.11583596591475,68017.0,2024,1,8,0,1,8
2024-03-19,Lamborghini,Aerospace,121.9678295583425,125.2904871077716,119.63390218924104,121.9678295583425,129239,64045924046.07101,8.884213360480183,4.675860433632467,0.0222858259241684,0.4312414339435715,Bullish,27,0,1,118.47350367767982,110.74108248826685,110.74108248826685,111.42705580044337,106.24240803121593,5.184647769227439,0.004232421778260997,5.656584918530555,5.656584918530555,67.06261691588912,110.74108248826685,129.07740977066166,92.40475520587205,121.4537859098056,111.80541532966348,117.02465162467276,54621.0,2024,3,19,1,1,79
2024-06-07,Lamborghini,Automotive,112.81289168743268,114.0340411826107,111.10413900109565,112.81289168743268,146646,221581827155.8535,21.56903085232194,1.364749973657439,0.0401139462352882,-0.5263010588069075,Bullish,27,1,1,117.0129148219834,112.11903964716768,110.92942877910012,111.64026132151865,106.72911052426902,4.911150797249633,-0.07506026715455005,2.9299021815150468,2.9299021815150468,69.38064898705733,110.92942877910012,128.36960305283645,93.48925450536379,121.9678295583425,121.4537859098056,111.80541532966348,129239.0,2024,6,7,4,2,159
2022-05-18,Lockheed Martin,Technology,97.4514255820237,99.96732840797269,96.15066152002365,97.4514255820237,196779,955281076410.7556,18.19199576577302,3.079559578383606,0.0137278447825077,-0.8924360716452442,Stable,28,6,2,97.4514255820237,97.4514255820237,97.4514255820237,97.4514255820237,97.4514255820237,0.0,0.0,3.81666688794904,3.81666688794904,68.40392327286911,97.4514255820237,98.23986890923129,95.80055430618563,97.4514255820237,97.4514255820237,97.4514255820237,196779.0,2022,5,18,2,2,138
2022-06-19,Lockheed Martin,Aerospace,96.58899763339322,97.60345202795878,95.28566681695897,96.58899763339322,57392,693482036245.4678,6.627520525402293,0.0989782917362719,0.0333935452675552,0.479735653200807,Stable,28,0,2,97.02021160770846,97.02021160770846,97.02021160770846,97.31874435915748,97.38754203027331,-0.06879767111583135,-0.008849823832536852,2.3177852109998156,2.3177852109998156,66.98295197689957,97.02021160770846,98.23986890923129,95.80055430618563,97.4514255820237,97.4514255820237,97.4514255820237,196779.0,2022,6,19,6,2,170
2022-06-21,Lockheed Martin,Aerospace,94.93168619791513,97.41958823797276,93.85857646092124,94.93168619791513,100859,670247547085.4891,24.66974966133824,0.9571384024977124,0.0421140483598218,-0.7617869282465675,Bearish,28,0,0,96.32403647111069,96.32403647111069,96.32403647111069,96.95150464204328,97.20562678343197,-0.2541221413886916,-0.01715838735347963,3.561011777051519,3.561011777051519,60.296261224529864,96.32403647111069,98.88522756440736,93.76284537781402,96.58899763339322,97.4514255820237,97.4514255820237,57392.0,2022,6,21,1,2,172
2022-11-29,Lockheed Martin,Automotive,109.74002433962733,112.12728716107506,106.4791587357925,109.74002433962733,143848,377318666624.812,27.93488433920804,2.582121941093055,0.0135059934477861,-0.9824455761041412,Stable,28,1,2,99.67803343823985,99.67803343823985,99.67803343823985,98.91896921090236,98.13410067648348,0.7848685344188766,0.15598941443892111,5.6481284252825645,5.6481284252825645,68.75743530104346,99.67803343823985,113.25602532581686,86.10004155066284,94.93168619791513,96.58899763339322,97.4514255820237,100859.0,2022,11,29,1,4,333
2023-02-03,Lockheed Martin,Aerospace,111.39324913886212,114.47678202503862,110.1869618565346,111.39324913886212,176131,204497548026.99792,34.33532642431736,2.073679134837355,0.0486619006620833,0.500661551639912,Bearish,28,0,0,102.0210765783643,102.0210765783643,102.0210765783643,100.83808919981925,99.11625982184486,1.7218293779743874,0.015064921018409283,4.289820168504022,4.289820168504022,70.73785999473327,102.0210765783643,117.77126454244954,86.27088861427906,109.74002433962733,94.93168619791513,96.58899763339322,143848.0,2023,2,3,4,1,34
2023-02-17,Lockheed Martin,Finance,113.34284247307656,115.5815485951386,110.766272245479,113.34284247307656,141007,607699141814.4086,7.264041273029605,4.665636172041542,0.0166421008592614,0.7272821048343123,Bearish,28,4,0,105.19935995657485,103.90803756081634,103.90803756081634,102.76189739570499,100.17008075897313,2.5918166367318634,0.017501898447940034,4.815276349659598,4.815276349659598,68.51896788165496,103.90803756081634,120.75765650921768,87.058418612415,111.39324913886212,109.74002433962733,94.93168619791513,176131.0,2023,2,17,4,1,48
2023-03-16,Lockheed Martin,Consumer Goods,114.24124515408012,116.20041315375904,111.58615425606811,114.24124515408012,115953,211139230338.9497,5.10223614174767,2.5528089770466904,0.0115234520239727,-0.0865388142283194,Bearish,28,2,0,108.72980946071225,105.38421007413974,105.38421007413974,104.52795089699347,101.21238923268476,3.315561664308717,0.007926417419935161,4.614258897690931,4.614258897690931,69.4367278347549,105.38421007413974,122.63546424158605,88.13295590669344,113.34284247307656,111.39324913886212,109.74002433962733,141007.0,2023,3,16,3,1,75
2023-05-29,Lockheed Martin,Healthcare,117.92894365723689,120.9945366024944,116.28493470116162,117.92894365723689,63807,606582524847.6104,27.325698243227187,2.789637225753504,0.0165851371303467,0.7652309150344916,Bearish,28,5,0,113.3292609525766,106.95230177202689,106.95230177202689,106.58964209087708,102.45065252339232,4.1389895674847565,0.03227992217857101,4.709601901332789,4.709601901332789,68.7012822147948,106.95230177202689,125.22183462416353,88.68276891989024,114.24124515408012,113.34284247307656,111.39324913886212,115953.0,2023,5,29,0,2,149
2023-06-12,Lockheed Martin,Healthcare,120.49974425199936,122.567868785305,118.79273306402682,120.49974425199936,80355,632907992693.0798,21.33127246440256,2.315573569187557,0.01571843510403,0.634382101453282,Bullish,28,5,1,115.48120493505101,108.4575731586905,108.4575731586905,108.72965780797281,103.78762228106692,4.942035526905897,0.021799572819328983,3.7751357212781755,3.7751357212781755,64.13013843393844,108.4575731586905,127.78693325974356,89.12821305763742,117.92894365723689,114.24124515408012,113.34284247307656,63807.0,2023,6,12,0,2,163
2023-08-20,Lockheed Martin,Energy,113.73086075271614,115.3563885656699,111.45619182415396,113.73086075271614,77712,939879972134.9148,32.07386120370974,4.3420539397069104,0.0437502017594917,0.3743799929373532,Bullish,28,3,1,115.94872725782182,108.98490191809306,108.98490191809306,109.49907364562564,104.52415846415204,4.974915181473605,-0.056173426269914284,3.9001967415159413,3.9001967415159413,60.159126924211094,108.98490191809306,127.51146098791062,90.45834284827549,120.49974425199936,117.92894365723689,114.24124515408012,80355.0,2023,8,20,6,3,232
2023-08-31,Lockheed Martin,Automotive,112.12721234491848,115.09557678306642,110.54175667766783,112.12721234491848,96540,374922470372.6528,22.76062281419097,2.5200188179816303,0.0424187286886186,0.7553843576556964,Bullish,28,1,1,115.7056012321902,110.45248059438254,109.27056650234991,109.90340267628608,105.0873476405051,4.816055035780977,-0.014100380470033147,4.553820105398586,4.553820105398586,64.0587262795905,109.27056650234991,126.94825410784391,91.59287889685591,113.73086075271614,120.49974425199936,117.92894365723689,77712.0,2023,8,31,3,3,243
2023-10-08,Lockheed Martin,Finance,116.9028925644403,119.80116770888122,113.55921688703248,116.9028925644403,156884,563875488421.1104,31.411742755950712,2.970413902848562,0.0201816217168664,-0.791169261003764,Bearish,28,4,0,116.23793071426223,112.48387008748723,109.90659367419077,110.98024727446364,105.96257319042621,5.017674084037424,0.04259162534810179,6.2419508218487465,6.2419508218487465,60.618381938674766,109.90659367419077,127.32810213671351,92.48508521166804,112.12721234491848,113.73086075271614,120.49974425199936,96540.0,2023,10,8,6,4,281
2023-11-19,Lockheed Martin,Technology,116.13291801070248,119.06951071980184,113.1992284409197,116.13291801070248,192709,532727953125.7011,39.66911114695467,0.5721575930617928,0.0230968383493379,-0.001627098133339,Stable,28,6,2,115.87872558495535,114.60399326876598,110.38554170007629,111.77296584926961,106.71593206600224,5.0570337832673715,-0.006586445697341348,5.870282278882144,5.870282278882144,59.31038201195244,110.38554170007629,127.41918156404115,93.35190183611142,116.9028925644403,112.12721234491848,113.73086075271614,156884.0,2023,11,19,6,4,323
2023-12-31,Lockheed Martin,Finance,125.98903915068932,128.6595652870778,123.23930578582087,125.98903915068932,189789,153830817027.7341,14.315880438043813,0.2248072079577556,0.0266505112275162,-0.9567088773060328,Bullish,28,4,1,116.97658456469335,116.22889474987218,111.50007723226294,113.96005404948804,108.14356962783091,5.8164844216571225,0.08486931447876422,5.420259501256936,5.420259501256936,77.5129725492651,111.50007723226294,129.86821973206156,93.1319347324643,116.13291801070248,116.9028925644403,112.12721234491848,192709.0,2023,12,31,6,4,365
2024-01-07,Lockheed Martin,Consumer Goods,123.50053651452085,126.34750398471336,119.81228080774892,123.50053651452085,155113,231015922259.44208,12.5119825640581,2.354336781115884,0.0348148500849488,0.5357527272674227,Bullish,28,2,1,118.9305197170543,117.43962348743803,112.30010785108013,115.42782058257,109.28112273054869,6.146697852021319,-0.01975173914289563,6.535223176964436,6.535223176964436,73.96395545464706,112.30010785108013,131.0535717560415,93.54664394611878,125.98903915068932,116.13291801070248,116.9028925644403,189789.0,2024,1,7,6,1,7
2024-02-29,Lockheed Martin,Automotive,116.2812845480162,118.23138363229144,113.89419140391612,116.2812845480162,122303,2235443079.650033,34.54870458420365,1.16027869850578,0.0222418866491508,0.5062376943593483,Bearish,28,1,0,119.76133415767383,117.733467694932,112.54893139463863,115.55912273110019,109.79965323554629,5.759469495553901,-0.05845522756620436,4.337192228375315,4.337192228375315,66.21900835892032,112.54893139463863,130.7755243248994,94.32233846437785,123.50053651452085,125.98903915068932,116.13291801070248,155113.0,2024,2,29,3,1,60
2024-03-31,Lockheed Martin,Technology,121.83992516493596,123.3197958454187,120.3733237808112,121.83992516493596,92533,162602447140.7575,27.66996098720225,0.6170040760279821,0.0290880031767184,-0.3428587345354115,Bearish,28,6,0,120.74874067777296,118.49333569601761,113.09546043995024,116.52540002861339,110.69152523031589,5.833874798297501,0.047803398788774265,2.946472064607491,2.946472064607491,70.82398618191023,113.09546043995024,131.30965376689173,94.88126711300876,116.2812845480162,123.50053651452085,125.98903915068932,122303.0,2024,3,31,6,1,91
2024-04-17,Lockheed Martin,Aerospace,114.27646561548671,116.05471883620848,112.14898289643796,114.27646561548671,58512,154637358518.36307,32.37053672265385,0.9992063564096976,0.0444998602960634,0.5491441663487298,Bullish,28,0,1,120.3774501987298,118.12808789184257,113.16107183859116,116.17941011890159,110.95707636995817,5.222333748943413,-0.06207702064171916,3.9057359397705227,3.9057359397705227,53.954091909844976,113.16107183859116,130.8402030391509,95.4819406380314,121.83992516493596,116.2812845480162,123.50053651452085,92533.0,2024,4,17,2,2,108
2024-08-14,Lockheed Martin,Technology,125.26963808696335,127.4359008619596,123.76604486489782,125.26963808696335,50126,802328427569.46,5.456034871497931,4.365544213821138,0.0466323033340268,-0.3113839333600814,Bearish,28,6,0,120.23356998598463,118.60507727533897,113.79836479903182,117.57790672937263,112.01726612677336,5.560640602599264,0.09619804403529653,3.6698559970617737,3.6698559970617737,60.40149337018299,113.79836479903182,131.85534444426827,95.74138515379536,114.27646561548671,121.83992516493596,116.2812845480162,58512.0,2024,8,14,2,3,227
2022-02-07,Lyft,Aerospace,97.01110890785496,98.44998245208096,95.62289080908292,97.01110890785496,61394,552170872664.0804,8.707574939547253,1.2765453825196582,0.0138291621897758,0.5186217103004105,Stable,29,0,2,97.01110890785496,97.01110890785496,97.01110890785496,97.01110890785496,97.01110890785496,0.0,0.0,2.8270916429980417,2.8270916429980417,59.2092781834038,97.01110890785496,98.77800346347453,96.16725376139573,97.01110890785496,97.01110890785496,97.01110890785496,61394.0,2022,2,7,0,1,38
2022-05-29,Lyft,Technology,97.9341483170153,99.88830272910435,96.50873473891126,97.9341483170153,186602,78687578734.87811,5.246022133476671,0.5924617938420029,0.021493068660356,0.711102246871745,Stable,29,6,2,97.47262861243513,97.47262861243513,97.47262861243513,97.1531149708027,97.07948219742241,0.07363277338029661,0.009514780518972143,3.3795679901930953,3.3795679901930953,59.22479172770214,97.47262861243513,98.77800346347453,96.16725376139573,97.01110890785496,97.01110890785496,97.01110890785496,61394.0,2022,5,29,6,2,149
2022-08-27,Lyft,Consumer Goods,89.3412183153836,91.9540969166438,87.66305492313623,89.3412183153836,82711,798191332821.24,24.5293258573924,1.0654250434240409,0.0285626675761801,0.566000462694404,Stable,29,2,2,94.76215851341794,94.76215851341794,94.76215851341794,95.95128471612284,96.50627746541954,-0.5549927492967015,-0.0877419179040203,4.2910419935075765,4.2910419935075765,49.763793935629515,94.76215851341794,104.19676394464067,85.32755308219522,97.9341483170153,97.01110890785496,97.01110890785496,186602.0,2022,8,27,5,3,239
2023-01-10,Lyft,Healthcare,115.86959115159073,118.79885974961012,112.39976319484671,115.86959115159073,194572,840107217507.7994,26.988333866214848,2.148042960661817,0.047301783574098,-0.7333110653672592,Bearish,29,5,0,100.03901667296114,100.03901667296114,100.03901667296114,99.01563955234866,97.94059699772852,1.0750425546201399,0.29693318869415086,6.399096554763403,6.399096554763403,62.61637806810564,100.03901667296114,122.5082155684174,77.56981777750488,89.3412183153836,97.9341483170153,97.01110890785496,82711.0,2023,1,10,1,1,10
2023-03-07,Lyft,Technology,111.18325363175867,114.20595454506508,109.59676567855588,111.18325363175867,150386,952695989400.6783,32.53626173040529,3.656582598516481,0.0179055688236452,0.0263797834196595,Bullish,29,6,1,102.26786406472065,102.26786406472065,102.26786406472065,100.88758017995019,98.9215345261752,1.966045653774998,-0.040444930143068936,4.6091888665092,4.6091888665092,64.04061052312778,102.26786406472065,124.13116409394182,80.40456403549949,115.86959115159073,89.3412183153836,97.9341483170153,194572.0,2023,3,7,1,1,66
2023-07-02,Lyft,Healthcare,119.19606608337672,121.54454304283192,116.2649065287844,119.19606608337672,141362,237790829251.22784,18.754097887085194,4.2906019712555175,0.041112449778338,0.4139126369868453,Stable,29,5,2,106.704855499825,105.08923106783,105.08923106783,103.70427031893888,100.4233516785605,3.2809186403783883,0.07206851922283786,5.2796365140475245,5.2796365140475245,68.03000796402611,105.08923106783,129.03595929787878,81.14250283778122,111.18325363175867,115.86959115159073,89.3412183153836,150386.0,2023,7,2,6,3,183
2023-09-10,Lyft,Energy,118.22190099778956,120.40824721100694,115.75713714804355,118.22190099778956,190932,940934480981.7268,12.255815111564528,4.87123827072378,0.0283857838954294,0.7431717657248131,Stable,29,3,2,110.76240603597985,106.96532677210993,106.96532677210993,105.93775196183898,101.74176273924412,4.195989222594861,-0.008172795609762362,4.651110062963383,4.651110062963383,65.7048682857027,106.96532677210993,130.97416007713483,82.95649346708504,119.19606608337672,111.18325363175867,115.86959115159073,141362.0,2023,9,10,6,3,253
2023-09-13,Lyft,Finance,120.6123373011105,123.04930258028902,117.75038777403212,120.6123373011105,73574,577608051475.0364,15.517128496015133,3.738971748796862,0.0327420902241844,-0.3934341211909458,Bearish,29,4,0,117.01662983312524,108.671203088235,108.671203088235,108.19538047557306,103.13958307716015,5.055797398412906,0.020219910889147652,5.298914806256903,5.298914806256903,67.0888877204472,108.671203088235,132.90337649861803,84.43902967785198,118.22190099778956,119.19606608337672,111.18325363175867,190932.0,2023,9,13,2,3,256
2023-10-27,Lyft,Technology,117.50244190022936,118.93847050605366,114.58078954484736,117.50244190022936,125745,527097173471.6906,7.081504910354827,3.0151977752664165,0.019703130642953,-0.7507732286433453,Bearish,29,6,0,117.34319998285295,109.65245184512327,109.65245184512327,109.62723607936633,104.20349854553565,5.423737533830675,-0.025784222994677974,4.357680961206299,4.357680961206299,61.10271016657085,109.65245184512327,133.07169645487159,86.23320723537493,120.6123373011105,118.22190099778956,119.19606608337672,73574.0,2023,10,27,4,4,300
2023-12-12,Lyft,Energy,125.94814886411662,129.64603931532346,123.367260298257,125.94814886411662,101745,638347220587.5044,27.12314403271848,2.3924805812798096,0.0233112347584318,-0.226607100025076,Bullish,29,3,1,120.29617902932455,111.2820215470226,111.2820215470226,112.13814573855868,105.81421338394907,6.32393235460961,0.07187686338517518,6.278779017066469,6.278779017066469,66.16142983548434,111.2820215470226,135.64881865915677,86.91522443488842,117.50244190022936,120.6123373011105,118.22190099778956,125745.0,2023,12,12,1,4,346
2024-02-11,Lyft,Technology,114.8802757760496,117.28453846560524,111.93296279108172,114.8802757760496,187443,231598359964.8581,37.91569770076604,1.263992220078865,0.0206966111388843,0.0020804739692068,Bullish,29,6,1,119.43302096785912,113.06893823384208,111.60913556784323,112.56001189817266,106.4857735611417,6.0742383370309625,-0.08787642524232697,5.351575674523517,5.351575674523517,63.58542161994761,111.60913556784323,134.82712167751015,88.39114945817629,125.94814886411662,117.50244190022936,120.6123373011105,101745.0,2024,2,11,6,1,42
2024-02-22,Lyft,Automotive,116.7974111089876,119.36360054968996,115.14837328305173,116.7974111089876,126090,961704070218.8584,18.205978149221327,2.6097650173928195,0.013900307698555,0.4414502240533577,Stable,29,1,2,119.14812299009873,114.95526451303928,112.0414918629386,113.21191946906727,107.24959856468584,5.9623209043814285,0.0166881156925085,4.215227266638237,4.215227266638237,62.19260179936242,112.0414918629386,134.38071311551386,89.70227061036336,114.8802757760496,125.94814886411662,117.50244190022936,187443.0,2024,2,22,3,1,53
2024-08-06,Lyft,Technology,126.48245698879012,130.13585110186767,124.52897095816977,126.48245698879012,67368,882576981015.6437,19.233592449950407,2.9253922110310158,0.0314816525896789,-0.846408631426532,Bullish,29,6,1,120.32214692763466,118.66938838037996,113.15233533415795,115.2535406259477,108.67425474424913,6.579285881698581,0.08292175132858959,5.606880143697907,5.606880143697907,70.78793791554139,113.15233533415795,135.99135194250863,90.31331872580728,116.7974111089876,114.8802757760496,125.94814886411662,126090.0,2024,8,6,1,3,219
2024-09-25,Lyft,Aerospace,120.22880616704808,123.12476453025609,117.9590123647861,120.22880616704808,197313,95916687293.31236,27.24052759808329,2.103806008829629,0.0183959051834492,0.820433309933289,Bullish,29,0,1,120.8674197809984,119.10530988192568,113.65779753650725,116.0189660938093,109.53014744223424,6.488818651575059,-0.0494428316038823,5.165752165469982,5.165752165469982,62.538259516378886,113.65779753650725,135.92444447987037,91.3911505931441,126.48245698879012,116.7974111089876,114.8802757760496,67368.0,2024,9,25,2,3,269
2022-04-25,MasterCard,Energy,92.3618147033054,95.08732046158636,90.55305399625348,92.3618147033054,172409,771140465687.2062,15.480522867216033,0.6256262857087347,0.0211087634940337,-0.0715921020957466,Bearish,30,3,0,92.3618147033054,92.3618147033054,92.3618147033054,92.3618147033054,92.3618147033054,0.0,0.0,4.534266465332877,4.534266465332877,62.538259516378886,92.3618147033054,124.1017819821387,77.20305231337935,92.3618147033054,92.3618147033054,92.3618147033054,172409.0,2022,4,25,0,2,115
2022-11-17,MasterCard,Automotive,108.94301959221264,110.61256199704324,107.11637895608132,108.94301959221264,120316,820126970490.692,25.203740576901456,1.0054936372133372,0.0424903248396136,0.9910219360317328,Stable,30,1,2,100.65241714775902,100.65241714775902,100.65241714775902,94.91276930159883,93.59005210248371,1.322717199115118,0.17952445977995524,3.496183040961924,3.496183040961924,67.9572540323436,100.65241714775902,124.1017819821387,77.20305231337935,92.3618147033054,92.3618147033054,92.3618147033054,172409.0,2022,11,17,3,4,321
2022-11-20,MasterCard,Technology,111.13075255915008,112.66843792041423,109.07723601477193,111.13075255915008,56655,2118991368.6293771,34.53080642423535,2.3476277102193133,0.0495534212555665,-0.1143412592313517,Bearish,30,6,0,104.14519561822271,104.14519561822271,104.14519561822271,97.40784364891441,94.88936324742197,2.5184804014924396,0.020081442345974976,3.5912019056423077,3.5912019056423077,74.37958833508331,104.14519561822271,124.67152926290308,83.61886197354235,108.94301959221264,92.3618147033054,92.3618147033054,120316.0,2022,11,20,6,4,324
2022-12-20,MasterCard,Consumer Goods,108.08128356369998,109.38061209957696,106.38562403375974,108.08128356369998,78251,852562244539.449,18.641578559927225,1.8676008844984373,0.0412139145096063,-0.9350978464186486,Bullish,30,2,1,105.12921760459203,105.12921760459203,105.12921760459203,99.04991132811219,95.86654253010923,3.1833687980029595,-0.027440370241594403,2.9949880658172248,2.9949880658172248,62.811580089138694,105.12921760459203,122.34489951314146,87.9135356960426,111.13075255915008,108.94301959221264,92.3618147033054,56655.0,2022,12,20,1,4,354
2023-01-21,MasterCard,Finance,117.7979373365712,119.30409396373628,114.43859637259764,117.7979373365712,101293,760333984359.659,33.85871828304613,0.6074769554388271,0.0129855372431771,0.1544321460179003,Stable,30,4,2,107.66296155098784,107.66296155098784,107.66296155098784,101.93422302172127,97.49109029355085,4.443132728170411,0.08990135435562707,4.8654975911386344,4.8654975911386344,70.67450434529607,107.66296155098784,126.38946537311699,88.9364577288587,108.08128356369998,111.13075255915008,108.94301959221264,78251.0,2023,1,21,5,1,21
2023-03-03,MasterCard,Healthcare,111.1043047198762,113.84660023720606,107.92966140126498,111.1043047198762,193233,974725152018.8192,27.386194641218864,4.4280988212088666,0.0282153254192243,0.6789064684191015,Stable,30,5,2,111.41145955430201,108.23651874580258,108.23651874580258,103.3450048214374,98.49947654735273,4.845528274084671,-0.056823003594451804,5.916938835941082,5.916938835941082,62.047400465196006,108.23651874580258,125.2200632774233,91.25297421418188,117.7979373365712,108.08128356369998,111.13075255915008,101293.0,2023,3,3,4,1,62
2023-07-18,MasterCard,Automotive,110.70305914836464,112.9164686740871,107.69365923193736,110.70305914836464,175899,533978413374.3959,34.649882139282475,4.0067399593690425,0.0376290526045305,0.3802462353640159,Bearish,30,1,0,111.76346746553243,108.5888816604543,108.5888816604543,104.4770131794262,99.40344562890917,5.073567550517026,-0.0036114313709374457,5.222809442149739,5.222809442149739,62.4835759862311,108.5888816604543,124.2043800571124,92.97338326379621,111.1043047198762,117.7979373365712,108.08128356369998,193233.0,2023,7,18,1,3,199
2023-09-25,MasterCard,Technology,120.23492849705218,121.51128280917216,118.2134882087978,120.23492849705218,87744,765425673691.2289,17.371125919137384,2.26789499961417,0.0221131955591496,0.9858869315658144,Stable,30,6,2,113.58430265311283,110.04463751502904,110.04463751502904,106.90130784367634,100.9465184339568,5.954789409719538,0.08610303474913805,3.2977946003743597,3.2977946003743597,65.50611274281337,110.04463751502904,126.68267124705828,93.4066037829998,110.70305914836464,111.1043047198762,117.7979373365712,175899.0,2023,9,25,0,3,268
2023-11-13,MasterCard,Aerospace,125.1945377309179,127.33883591687189,122.66084320439114,125.1945377309179,154573,195363764862.1157,27.55645969923618,4.7119172700113845,0.0226431073537305,-0.4688848039751727,Stable,30,0,2,117.00695348655643,111.7279597612389,111.7279597612389,109.71565090325196,102.74266801150947,6.97298289174249,0.04124932160613648,4.677992712480744,4.677992712480744,69.64789553609118,111.7279597612389,130.28139076212625,93.17452876035158,120.23492849705218,110.70305914836464,111.1043047198762,87744.0,2023,11,13,0,4,317
2023-12-30,MasterCard,Healthcare,126.00721757330194,128.02068117733882,124.210985449565,126.00721757330194,161317,424520868100.3887,10.331535631258742,0.9962297720415704,0.0183782307803804,-0.3044351939022256,Bearish,30,5,0,118.64880953390256,113.1558855424452,113.1558855424452,112.22204577556734,104.46596797904965,7.756077796517687,0.006491336260458391,3.809695727773814,3.809695727773814,66.85179872969029,113.1558855424452,132.84194476217846,93.46982632271195,125.1945377309179,120.23492849705218,110.70305914836464,154573.0,2023,12,30,5,4,364
2024-05-21,MasterCard,Automotive,118.57862682988214,121.21558802064706,117.28177312420247,118.57862682988214,93303,192590673136.2687,27.46509855993744,1.734429881821928,0.011842522547279,0.3679502598302826,Stable,30,1,2,120.14367395590375,115.77756675510291,113.64886202312131,113.199981322385,105.51135011614835,7.68863120623665,-0.05895369238748871,3.933814896444588,3.933814896444588,69.92295646873731,113.64886202312131,132.6088190511462,94.68890499509641,126.00721757330194,125.1945377309179,120.23492849705218,161317.0,2024,5,21,1,2,142
2024-07-16,MasterCard,Consumer Goods,120.31616854515424,123.88870298865704,117.95611093814075,120.31616854515424,184828,614467229873.5514,38.21749187101954,2.9180251850404986,0.0313864369230209,-0.4571382714478935,Bearish,30,2,0,122.06629583526168,116.91488165039705,114.20447089995737,114.29477935665719,106.60800333311175,7.686776023545434,0.014653076711411472,5.932592050516291,5.932592050516291,69.85461488943487,114.20447089995737,132.68737196929357,95.72156983062116,118.57862682988214,126.00721757330194,125.1945377309179,93303.0,2024,7,16,1,3,198
2022-03-09,Mercedes-Benz,Consumer Goods,95.61411116463218,98.2306812286464,92.83709436475029,95.61411116463218,132798,825282224091.2372,31.46926302620084,0.0504530334451236,0.0186081791893277,-0.5195611335832289,Bearish,31,2,0,95.61411116463218,95.61411116463218,95.61411116463218,95.61411116463218,95.61411116463218,0.0,0.0,5.393586863896118,5.393586863896118,65.6449090204237,95.61411116463218,99.48637680015436,87.50622073103692,95.61411116463218,95.61411116463218,95.61411116463218,132798.0,2022,3,9,2,1,68
2022-05-03,Mercedes-Benz,Aerospace,91.37848636655912,93.1014550617086,90.0946504450594,91.37848636655912,155878,837241911712.3263,30.89952353399641,0.7866314000091412,0.0478702414069481,-0.9462646919101294,Bullish,31,0,1,93.49629876559564,93.49629876559564,93.49629876559564,94.96247658031324,95.30036117958973,-0.3378845992764923,-0.044299159888439466,3.0068046166492053,3.0068046166492053,67.61225814990567,93.49629876559564,99.48637680015436,87.50622073103692,95.61411116463218,95.61411116463218,95.61411116463218,132798.0,2022,5,3,1,2,123
2023-01-14,Mercedes-Benz,Automotive,120.68731521226948,123.8233463604879,117.78131875724208,120.68731521226948,163429,868186268209.7606,12.645511400915748,3.947160970975956,0.0339438042961868,-0.5392267212282211,Bearish,31,1,0,102.55997091448693,102.55997091448693,102.55997091448693,98.92014406215266,97.18087629312157,1.7392677690310876,0.3207410191512674,6.0420276032458275,6.0420276032458275,77.43428611633125,102.55997091448693,134.24186402871072,70.87807780026313,91.37848636655912,95.61411116463218,95.61411116463218,155878.0,2023,1,14,5,1,14
2023-01-29,Mercedes-Benz,Finance,107.3231317376573,110.08556185362556,104.4886102829793,107.3231317376573,154185,715209116162.0454,16.564280135652083,1.3380039943085376,0.0392955378639022,-0.4871739446021164,Stable,31,4,2,103.75076112027952,103.75076112027952,103.75076112027952,100.21291139684567,97.93215447419828,2.2807569226473845,-0.11073395286908772,5.596951570646269,5.596951570646269,62.352963270465445,103.75076112027952,130.05378886541664,77.4477333751424,120.68731521226948,91.37848636655912,95.61411116463218,163429.0,2023,1,29,6,1,29
2023-05-19,Mercedes-Benz,Automotive,117.57969020489352,121.06270914778486,115.71339192603811,117.57969020489352,153150,846399046727.0303,19.443636412918885,2.074856077000391,0.0205788726666876,0.8847428789368292,Stable,31,1,2,106.51654693720232,106.51654693720232,106.51654693720232,102.88472352116072,99.38752749128682,3.497196029873905,0.09556708140336001,5.349317221746745,5.349317221746745,65.34584881433088,106.51654693720232,132.4371637339322,80.59593014047243,107.3231317376573,120.68731521226948,91.37848636655912,154185.0,2023,5,19,4,2,139
2023-05-22,Mercedes-Benz,Finance,114.87144809540656,117.4997675652161,113.54223295834124,114.87144809540656,89081,767956164178.7135,36.081367252604124,2.942524675794944,0.0187269731837309,0.0682793922713944,Bullish,31,4,1,110.36801432335719,107.90903046356969,107.90903046356969,104.72883499412163,100.53448457307347,4.194350421048156,-0.02303324753422631,3.9575346068748587,3.9575346068748587,65.56627986638125,107.90903046356969,132.07592825801657,83.74213266912282,117.57969020489352,107.3231317376573,120.68731521226948,153150.0,2023,5,22,0,2,142
2023-07-24,Mercedes-Benz,Consumer Goods,112.33905275623036,115.68049801825244,109.13662954227678,112.33905275623036,111529,540365933662.7103,10.85759065985198,1.5905222345173602,0.0368955925119481,-0.4664558727521521,Bearish,31,2,0,114.56012760129144,108.54189079109265,108.54189079109265,105.89963772675374,101.40889703108509,4.490740695668649,-0.022045472405579192,6.543868475975657,6.543868475975657,60.238888788671915,108.54189079109265,130.85586546188964,86.22791612029566,114.87144809540656,117.57969020489352,107.3231317376573,89081.0,2023,7,24,0,3,205
2023-08-04,Mercedes-Benz,Aerospace,118.461358491667,119.674160744001,115.66347883055306,118.461358491667,105284,585086029742.1461,15.96221913745609,3.5307925105952704,0.0487121095059394,0.527713000400428,Bullish,31,0,1,114.11493625717097,109.78182425366444,109.78182425366444,107.83221015212501,102.67204232446153,5.160167827663486,0.05449846322562202,4.0106819134479395,4.0106819134479395,67.16232474751419,109.78182425366444,131.5988105316393,87.96483797568959,112.33905275623036,114.87144809540656,117.57969020489352,111529.0,2023,8,4,4,3,216
2023-12-22,Mercedes-Benz,Consumer Goods,126.03691288636608,127.31811666797336,123.7774040275678,126.03691288636608,168831,256389352811.46304,21.739095946832823,3.575932273901206,0.0153171217083193,-0.0719991436071474,Stable,31,2,2,117.8576924869127,111.58794521285351,111.58794521285351,110.63293364970056,104.40277347719521,6.23016017250535,0.06394958230393732,3.540712640405559,3.540712640405559,69.90371142970471,111.58794521285351,134.69460884185173,88.48128158385529,118.461358491667,112.33905275623036,114.87144809540656,105284.0,2023,12,22,4,4,356
2024-01-11,Mercedes-Benz,Consumer Goods,119.16667029657634,120.70193697104143,117.34556997409084,119.16667029657634,186194,632383470534.3981,30.19270086741401,3.290412923745952,0.0249578853791627,-0.8059635635258211,Bearish,31,2,0,118.17508850524928,112.34581772122579,112.34581772122579,111.94581621075838,105.49639546381603,6.4494207469423515,-0.0545097656904997,3.356366996950598,3.356366996950598,62.068854142951125,112.34581772122579,134.65206173627456,90.03957370617701,126.03691288636608,118.461358491667,112.33905275623036,168831.0,2024,1,11,3,1,11
2024-01-24,Mercedes-Benz,Healthcare,119.97059139029254,123.16824727976494,117.91609149145997,119.97059139029254,161076,337889905622.665,37.08770917458173,4.348030412373888,0.0182632406488712,0.9620897245089316,Bearish,31,5,0,119.19491716422647,114.78146574379181,113.03897896386822,113.1803970076098,106.5685581250365,6.611838882573295,0.006746190790725581,5.252155788304975,5.252155788304975,60.38758693914788,113.03897896386822,134.69428917218156,91.3836687555549,119.16667029657634,126.03691288636608,118.461358491667,186194.0,2024,1,24,2,1,24
2024-03-23,Mercedes-Benz,Healthcare,120.83612077123142,123.78812103613724,117.77728753371092,120.83612077123142,187541,381528615985.47626,35.06348398972203,3.371998259069908,0.0135260863254657,-0.4324041139169017,Bullish,31,5,1,120.89433076722669,117.72722918425907,113.6887407811485,114.35820066355159,107.62541461734723,6.732786046204353,0.0072145129144451925,6.010833502426323,6.010833502426323,60.40990341385714,113.6887407811485,134.82131181502015,92.55616974727684,119.97059139029254,119.16667029657634,126.03691288636608,161076.0,2024,3,23,5,1,83
2024-05-10,Mercedes-Benz,Automotive,119.23391030577864,121.36575975114812,117.88058582122304,119.23391030577864,58007,594696459811.2129,34.99953459496988,0.9615494801681372,0.0280506645629245,-0.8891095285923172,Stable,31,1,2,121.048841130049,117.58188869360997,114.11529228304312,115.10830983927883,108.48530318686068,6.623006652418155,-0.013259366944476048,3.4851739299250823,3.4851739299250823,64.41034118183273,114.11529228304312,134.58066051450007,93.64992405158618,120.83612077123142,119.97059139029254,119.16667029657634,187541.0,2024,5,10,4,2,131
2024-07-14,Mercedes-Benz,Consumer Goods,120.77419649691242,123.67861671323573,119.01087458346532,120.77419649691242,134291,652058937263.0574,31.638090710835645,3.6694156540127065,0.0445168957404395,-0.0518474717842847,Stable,31,2,2,119.99629785215828,118.9269951695355,114.5909282983195,115.979984709684,109.39559158019784,6.584393129486159,0.01291818902176134,4.667742129770403,4.667742129770403,64.33037095685785,114.5909282983195,134.5729793304177,94.6088772662213,119.23391030577864,120.83612077123142,119.97059139029254,58007.0,2024,7,14,6,3,196
2024-08-16,Mercedes-Benz,Consumer Goods,125.49920452729336,127.4224384081764,124.22005245340095,125.49920452729336,77632,36535296168.5128,34.02870694354794,3.740804131938428,0.0213443169366854,0.4687000706705915,Bullish,31,2,1,121.26280469830166,119.71894660177547,115.31814671358443,117.4444800662393,110.58845179850121,6.856028267738083,0.03912266168959144,3.202385954775451,3.202385954775451,66.15220276496706,115.31814671358443,135.38037470654646,95.25591872062238,120.77419649691242,119.23391030577864,120.83612077123142,134291.0,2024,8,16,4,3,229
2022-02-05,Meta,Consumer Goods,99.70943742584824,102.26450562704112,96.8437311778478,99.70943742584824,81551,867126766251.512,31.01983251268133,2.72252884524614,0.0307310470579058,0.1730235620748974,Stable,32,2,2,99.70943742584824,99.70943742584824,99.70943742584824,99.70943742584824,99.70943742584824,0.0,0.0,5.420774449193317,5.420774449193317,69.3263184917913,99.70943742584824,104.14323151557392,90.4257983193668,99.70943742584824,99.70943742584824,99.70943742584824,81551.0,2022,2,5,5,1,36
2022-02-14,Meta,Technology,94.85959240909249,97.4586116074554,92.4130909488784,94.85959240909249,118148,887573022030.9895,24.531481380213844,4.397482853640632,0.0285845267523588,-0.1737852045457115,Bearish,32,6,0,97.28451491747036,97.28451491747036,97.28451491747036,98.96330742327044,99.35018964682929,-0.3868822235588567,-0.04863977916195217,5.04552065857699,5.04552065857699,49.970261740601515,97.28451491747036,104.14323151557392,90.4257983193668,99.70943742584824,99.70943742584824,99.70943742584824,81551.0,2022,2,14,0,1,45
2022-08-29,Meta,Energy,91.1082454194286,92.91164937597068,89.87320237133308,91.1082454194286,176063,588965674744.2721,8.295316854399427,0.0334106461194388,0.0229527829960972,-0.0863643908877296,Stable,32,3,2,95.2257584181231,95.2257584181231,95.2257584181231,97.7548363457563,98.73967525961442,-0.9848389138581126,-0.039546311494632946,3.0384470046376038,3.0384470046376038,58.83235432689595,95.2257584181231,103.85030110569822,86.60121573054799,94.85959240909249,99.70943742584824,99.70943742584824,118148.0,2022,8,29,0,3,241
2022-10-18,Meta,Technology,106.43938992197472,109.3053499770807,103.26968545091614,106.43938992197472,53420,533069916881.3613,29.040134918626016,2.4675049607720414,0.0469714828317864,0.5035415753659562,Bullish,32,6,1,98.02916629408601,98.02916629408601,98.02916629408601,99.09092151132836,99.31002449386334,-0.2191029825349773,0.16827395184669847,6.0356645261645525,6.0356645261645525,62.35657322136198,98.02916629408601,111.2705416966154,84.78779089155663,91.1082454194286,94.85959240909249,99.70943742584824,176063.0,2022,10,18,1,4,291
2022-11-04,Meta,Energy,112.99875346679764,114.98363057056956,109.62720118062131,112.99875346679764,85777,158183319042.82346,33.67392867050114,3.936866725025528,0.0215300630866947,-0.4568990896450287,Stable,32,3,2,101.02308372862834,101.02308372862834,101.02308372862834,101.23058796601593,100.32400441778441,0.9065835482315237,0.06162533954423499,5.3564293899482465,5.3564293899482465,68.9429694763242,101.02308372862834,118.65179182111665,83.39437563614003,106.43938992197472,91.1082454194286,94.85959240909249,53420.0,2022,11,4,4,4,308
2022-11-07,Meta,Finance,113.0232006653881,116.20564618691948,110.48073564817628,113.0232006653881,60729,239451341269.7165,13.551897927526316,3.1897713134236936,0.0105453609562328,-0.0473552955861913,Stable,32,4,2,103.6858363765363,103.0231032180883,103.0231032180883,103.04483607361166,101.26468562131062,1.7801504523010436,0.00021634927678770843,5.724910538743202,5.724910538743202,71.83552351863021,103.0231032180883,121.58701848953366,84.45918794664293,112.99875346679764,106.43938992197472,91.1082454194286,85777.0,2022,11,7,0,4,311
2023-01-01,Meta,Finance,107.79243803330748,110.5561339938396,104.72647433407286,107.79243803330748,116617,2028450365.787763,9.460888579800416,2.309217406375552,0.0211138065282626,0.257745793976351,Bullish,32,4,1,106.27240550137931,103.7044367631196,103.7044367631196,103.77523637510333,101.74822283701408,2.0270135380892498,-0.04628043270130533,5.829659659766733,5.829659659766733,62.65773664815979,103.7044367631196,121.03015434401306,86.37871918222615,113.0232006653881,112.99875346679764,106.43938992197472,60729.0,2023,1,1,6,1,1
2023-02-15,Meta,Automotive,109.0903695989079,111.6242342905488,107.63344140372364,109.0903695989079,144704,2230603331.2594614,6.142598714098401,3.48313635608695,0.028669123750718,0.5138553186828829,Stable,32,1,2,109.86883033727517,104.37767836759315,104.37767836759315,104.59294917876558,102.29208556011733,2.3008636186482505,0.012041026154351986,3.9907928868251616,3.9907928868251616,58.27211079732923,104.37767836759315,120.86408788724626,87.89126884794004,107.79243803330748,113.0232006653881,112.99875346679764,116617.0,2023,2,15,2,1,46
2023-06-04,Meta,Consumer Goods,118.82538652359764,122.13965915051598,116.89655077370531,118.82538652359764,75289,359791878636.56525,29.32088307865857,2.155434313116447,0.0429941506994841,-0.8818997110834561,Bearish,32,2,0,112.34602965759976,105.98297927381587,105.98297927381587,106.78255492412436,103.51677452037512,3.2657804037492326,0.08923809645601577,5.243108376810667,5.243108376810667,72.59403695665216,105.98297927381587,124.16533782479041,87.80062072284133,109.0903695989079,107.79243803330748,113.0232006653881,144704.0,2023,6,4,6,2,155
2023-07-03,Meta,Aerospace,119.22621160206864,122.74047691936296,116.6040828699766,119.22621160206864,63843,235439364223.28955,23.40344096056633,3.9188619450862463,0.0428935644582739,0.3086929193057153,Bullish,32,0,1,113.59152128465394,107.30730250664115,107.30730250664115,108.69696364380809,104.6804365264265,4.016527117381585,0.0033732276426585717,6.136394049386368,6.136394049386368,72.39646049444895,107.30730250664115,126.3865664943375,88.2280385189448,118.82538652359764,109.0903695989079,107.79243803330748,75289.0,2023,7,3,0,3,184
2023-09-30,Meta,Technology,120.1054971417571,123.0069593695434,118.5235070145458,120.1054971417571,174454,317878521048.6332,7.0209368154210825,4.767675489257544,0.0239941753672341,-0.1116321041569914,Stable,32,6,2,115.00798057992775,109.34690847823204,108.47077474619714,110.45212264349254,105.82303360904359,4.629089034448953,0.007374934822412804,4.4834523549975955,4.4834523549975955,72.40324997815874,108.47077474619714,128.14761035506865,88.79393913732562,119.22621160206864,118.82538652359764,109.0903695989079,63843.0,2023,9,30,5,3,273
2023-12-20,Meta,Automotive,124.53204551032115,125.9306815449513,121.41668834162348,124.53204551032115,186312,770174755551.4272,34.47260530895028,4.9211724961721695,0.0394367181420795,-0.6587977507567113,Bullish,32,1,1,118.3559020753305,112.3141537883549,109.80921397654082,112.61826462300463,107.20888634247156,5.409378280533076,0.03685550182053299,4.513993203327814,4.513993203327814,76.456973381948,109.80921397654082,130.73689927290462,88.88152868017701,120.1054971417571,119.22621160206864,118.82538652359764,174454.0,2023,12,20,2,4,354
2023-12-29,Meta,Consumer Goods,126.4217206362021,128.57671123905402,125.14852876478734,126.4217206362021,181127,150554263989.00076,15.238028187475964,3.3210085653589285,0.0109847193536495,-0.1842081252569063,Stable,32,2,2,121.82217228278932,115.84550131003225,111.08709910420706,114.74187324041964,108.63205925311826,6.109813987301379,0.015174207716071919,3.428182474266677,3.428182474266677,76.596152838855,111.08709910420706,133.14126375209662,89.03293445631748,124.53204551032115,120.1054971417571,119.22621160206864,186312.0,2023,12,29,4,4,363
2024-03-29,Meta,Healthcare,122.09703231891226,124.3457599053852,119.82059897733282,122.09703231891226,154537,942444632083.1309,35.44171118385988,2.3416509296690675,0.0331131188604574,0.0256707248702841,Bullish,32,5,1,122.47650144185225,117.411265549726,111.87352290525743,115.87343617557235,109.6294646653993,6.243971510173054,-0.034208427915127015,4.525160928052372,4.525160928052372,69.06921547364486,111.87352290525743,133.86456087574348,89.88248493477138,126.4217206362021,124.53204551032115,120.1054971417571,181127.0,2024,3,29,4,1,89
2024-05-09,Meta,Finance,118.21016200390324,120.8290114751603,116.62992453067554,118.21016200390324,137388,122913017072.27065,9.603139342073227,3.266917492393403,0.0289602506379378,0.8122750722549588,Bullish,32,4,1,122.27329152221917,117.93240640343656,112.29596551183383,116.23293245685403,110.26507187565883,5.967860581195197,-0.03183427345602208,4.199086944484762,4.199086944484762,64.77982851698256,112.29596551183383,133.73821232601978,90.85371869764786,122.09703231891226,126.4217206362021,124.53204551032115,154537.0,2024,5,9,3,2,130
2024-07-06,Meta,Automotive,120.30719706010704,121.6101223305199,117.34823884165024,120.30719706010704,178876,266585285517.6592,29.14999080581302,4.315677688678695,0.0115079089965941,-0.843396659040885,Bearish,32,1,0,122.31363150588916,118.66080604290846,112.7966674836009,116.85974239581603,111.00893300043278,5.850809395383251,0.017739888184355568,4.261883488869657,4.261883488869657,71.2648363615449,112.7966674836009,133.8955673666386,91.69776760056318,118.21016200390324,122.09703231891226,126.4217206362021,137388.0,2024,7,6,5,3,188
2024-08-24,Meta,Automotive,123.79892610165275,127.34809524800922,120.72683132587842,123.79892610165275,182717,355486518896.6335,34.89776672193038,0.7215460036080151,0.0290610588332894,-0.1621415521251621,Stable,32,1,2,122.16700762415549,120.26145484974299,113.44385916701572,117.9273091197909,111.95633989681943,5.970969222971476,0.029023442710590208,6.621263922130794,6.621263922130794,77.43642746534792,113.44385916701572,134.55838340657235,92.32933492745909,120.30719706010704,118.21016200390324,122.09703231891226,178876.0,2024,8,24,5,3,237
2022-01-10,Microsoft,Healthcare,99.65034648565216,102.00041723994804,97.51406940229302,99.65034648565216,162727,397920797342.14026,28.500922721312516,4.236358338609297,0.0195657018173809,0.2404827085378242,Bearish,33,5,0,99.65034648565216,99.65034648565216,99.65034648565216,99.65034648565216,99.65034648565216,0.0,0.0,4.486347837655018,4.486347837655018,69.61787593812699,99.65034648565216,103.64685140782625,91.28231932112585,99.65034648565216,99.65034648565216,99.65034648565216,162727.0,2022,1,10,0,1,10
2022-03-12,Microsoft,Consumer Goods,95.27882424329992,96.65811496740976,92.7657394171534,95.27882424329992,62185,830823852058.6844,22.57175747209565,0.259504717936545,0.0431395253558096,-0.8380925277686238,Stable,33,2,2,97.46458536447605,97.46458536447605,97.46458536447605,98.97780460221337,99.3265300232557,-0.3487254210423316,-0.04386861056204816,3.892375550256361,3.892375550256361,57.64290329045257,97.46458536447605,103.64685140782625,91.28231932112585,99.65034648565216,99.65034648565216,99.65034648565216,162727.0,2022,3,12,5,1,71
2022-06-11,Microsoft,Consumer Goods,99.16446555136368,101.91271334475856,96.34147289469148,99.16446555136368,115318,758634021531.7358,32.54943109105614,1.56431580427565,0.0464321068387925,0.1678385785222707,Bullish,33,2,1,98.03121209343858,98.03121209343858,98.03121209343858,99.00652167131341,99.31452524756,-0.30800357624659114,0.04078179321505426,5.57124045006708,5.57124045006708,61.2047012988955,98.03121209343858,102.82318422556517,93.239239961312,95.27882424329992,99.65034648565216,99.65034648565216,62185.0,2022,6,11,5,2,162
2022-10-30,Microsoft,Energy,109.26051799716254,112.44052957065654,107.94189984204066,109.26051799716254,86631,864628387427.0411,39.58229483284709,1.6680339451452155,0.0284267931933395,0.6040765405657371,Bullish,33,3,1,100.83853856936958,100.83853856936958,100.83853856936958,100.58405956759789,100.05126545123426,0.5327941163636325,0.10181119204005062,4.498629728615882,4.498629728615882,75.2217766828181,100.83853856936958,112.72996302943581,88.94711410930334,99.16446555136368,95.27882424329992,99.65034648565216,115318.0,2022,10,30,6,4,303
2022-11-28,Microsoft,Energy,109.48412815926838,111.14842430558312,108.3283406190061,109.48412815926838,168834,116728012923.4774,10.849620401492745,0.5594030827456192,0.0261890025531863,-0.3641906524534328,Stable,33,3,2,102.56765648734934,102.56765648734934,102.56765648734934,101.95330088939335,100.74999602219975,1.2033048671935944,0.002046577905768787,2.8200836865770214,2.8200836865770214,74.68625910153371,102.56765648734934,115.44598934733821,89.68932362736047,109.26051799716254,99.16446555136368,95.27882424329992,86631.0,2022,11,28,0,4,332
2022-12-22,Microsoft,Consumer Goods,109.3730958791624,111.80414702215418,106.70963592677958,109.3730958791624,162566,676376204929.5676,12.935563402322874,1.15891795144675,0.0406999532236282,-0.3793857684166051,Stable,33,2,2,104.5122063660514,103.70189638598485,103.70189638598485,103.09480781089628,101.38874415975255,1.7060636511437366,-0.0010141404235730622,5.0945110953746,5.0945110953746,68.33162864337908,103.70189638598485,116.49084354147408,90.91294923049563,109.48412815926838,109.26051799716254,99.16446555136368,168834.0,2022,12,22,3,4,356
2023-11-21,Microsoft,Healthcare,116.97286946314608,118.9356601061876,115.73642930468472,116.97286946314608,108243,90536712815.78716,39.81270245459993,0.7778571843465115,0.0172468740340008,-0.4697734991697024,Bullish,33,5,1,108.85101541002061,105.59774968272215,105.59774968272215,105.22989421893472,102.54312381185576,2.686770407078953,0.06948485386552528,3.1992308015028783,3.1992308015028783,73.15316573871478,105.59774968272215,120.99050490583193,90.20499445961238,109.3730958791624,109.48412815926838,109.26051799716254,162566.0,2023,11,21,1,4,325
2024-01-19,Microsoft,Energy,120.0009032493165,121.77395474072182,117.28046736252529,120.0009032493165,138869,724792334547.2195,13.212870462154727,4.449418632367433,0.0271273575946869,-0.449659775023864,Bearish,33,3,0,113.01830294961118,107.39814387854646,107.39814387854646,107.50235714668577,103.83629265907508,3.666064487610683,0.025886633371206003,4.493487378196534,4.493487378196534,74.32015960098211,107.39814387854646,124.91425643842192,89.88203131867101,116.97286946314608,109.3730958791624,109.48412815926838,108243.0,2024,1,19,4,1,19
2024-04-05,Microsoft,Automotive,116.987526838828,119.76384324408208,113.67148048866828,116.987526838828,155292,501651846182.8277,37.57825540607714,4.981991468395277,0.0260889493938844,0.3207765047916509,Bullish,33,1,1,114.56370471794428,108.4636308741333,108.4636308741333,108.96161402239996,104.8104581538716,4.151155868528363,-0.025111281072841884,6.092362755413802,6.092362755413802,67.28903880282726,108.4636308741333,126.05146404563217,90.87579770263443,120.0009032493165,116.97286946314608,109.3730958791624,138869.0,2024,4,5,4,2,96
2024-04-26,Microsoft,Consumer Goods,116.95219083710676,118.91905305509763,115.29548391839631,116.95219083710676,62219,140058826592.9123,6.099763752894552,1.8294290477844024,0.046460589034634,-0.5837879308072544,Bullish,33,2,1,116.05731725351195,109.31248687043065,109.31248687043065,110.19093353235485,105.70984576003717,4.481087772317679,-0.00030204930966637455,3.6235691367013203,3.6235691367013203,65.89856482628569,109.31248687043065,126.74188523522989,91.8830885056314,116.987526838828,120.0009032493165,116.97286946314608,155292.0,2024,4,26,4,2,117
2024-07-09,Microsoft,Technology,119.46307883880972,121.9965370681944,117.351617874414,119.46307883880972,179038,266753258727.3753,22.40593561591404,2.429087144563157,0.0324971749647168,-0.1014509060867003,Bullish,33,6,1,118.0753138454414,111.2937601057464,110.2352679584651,111.61741742565559,106.72860376587218,4.888813659783409,0.021469354132922502,4.644919193780396,4.644919193780396,74.2550047751659,110.2352679584651,127.86684848393355,92.60368743299665,116.95219083710676,116.987526838828,120.0009032493165,62219.0,2024,7,9,1,3,191
2024-08-25,Microsoft,Finance,122.96007907057236,125.9246208748119,121.50625819263836,122.96007907057236,174085,412718799332.5088,32.05811645941132,0.5785065909015108,0.0395152166067497,0.0291235806965968,Bullish,33,4,1,119.27275576692666,114.06188558847364,111.29566888447404,113.36244229410433,107.93093526992405,5.431507024180277,0.02927264445009925,4.418362682173537,4.418362682173537,82.86831122641979,111.29566888447404,129.6419243450448,92.94941342390328,119.46307883880972,116.95219083710676,116.987526838828,179038.0,2024,8,25,6,3,238
2024-09-11,Microsoft,Energy,123.22053037711603,126.69751531607876,120.17821355300948,123.22053037711603,58666,478777039281.34784,23.013926599250365,4.17295476297636,0.0336888559732576,0.5056949501827679,Bearish,33,3,0,119.91668119248656,116.46749207104888,112.21296592236958,114.87907122995227,109.06349787045679,5.815573359495488,0.002118177773732466,6.519301763069279,6.519301763069279,82.12138673023877,112.21296592236958,130.9823796710869,93.44355217365225,122.96007907057236,119.46307883880972,116.95219083710676,174085.0,2024,9,11,2,3,255
2022-01-19,Moderna,Consumer Goods,99.04098895517672,101.15477860590605,97.12973657232484,99.04098895517672,55311,294750634541.75055,24.523462892887448,0.7408896411497273,0.0118714337988707,0.6518818382238365,Bearish,34,2,0,99.04098895517672,99.04098895517672,99.04098895517672,99.04098895517672,99.04098895517672,0.0,0.0,4.025042033581201,4.025042033581201,80.50546952863635,99.04098895517672,103.04991916095102,90.64694528054511,99.04098895517672,99.04098895517672,99.04098895517672,55311.0,2022,1,19,2,1,19
2022-03-14,Moderna,Consumer Goods,94.6558754863194,97.47848751055346,92.68605510437476,94.6558754863194,88044,774060688678.1389,18.488155906657664,1.5504226917137751,0.0378678044574699,0.4577396089766823,Stable,34,2,2,96.84843222074807,96.84843222074807,96.84843222074807,98.36635611381405,98.71616573526136,-0.34980962144730654,-0.044275743963359426,4.792432406178705,4.792432406178705,72.29897448590543,96.84843222074807,103.04991916095102,90.64694528054511,99.04098895517672,99.04098895517672,99.04098895517672,55311.0,2022,3,14,0,1,73
2022-03-29,Moderna,Energy,94.83003709047412,97.07483936215,92.76881781591808,94.83003709047412,88660,403147493553.38354,30.31916679643002,3.812414422377765,0.0272393560768328,-0.8257814210771319,Stable,34,3,2,96.17563384399007,96.17563384399007,96.17563384399007,97.8223070333002,98.42830435416602,-0.6059973208658107,0.0018399449929538125,4.306021546231918,4.306021546231918,80.5647431693917,96.17563384399007,101.14162941426316,91.20963827371698,94.6558754863194,99.04098895517672,99.04098895517672,88044.0,2022,3,29,1,1,88
2022-05-25,Moderna,Finance,98.0609246962878,99.39585296950062,95.81912898530692,98.0609246962878,177948,705220624139.264,6.744470972402954,2.703672835665521,0.013596649794388,0.7139288295524779,Bullish,34,4,1,96.64695655706451,96.64695655706451,96.64695655706451,97.8590174429906,98.40109104617504,-0.5420736031844342,0.034070297818519224,3.5767239841937055,3.5767239841937055,80.23132073164489,96.64695655706451,101.11854049720684,92.17537261692219,94.83003709047412,94.6558754863194,99.04098895517672,88660.0,2022,5,25,2,2,145
2022-05-28,Moderna,Technology,99.2867340859955,100.69695487213892,96.81410374579028,99.2867340859955,71959,76857476959.25247,32.30745722005358,2.411321806260961,0.035058280787077,0.4017313982508572,Bearish,34,6,0,97.17491206285071,97.17491206285071,97.17491206285071,98.07866615729905,98.46669423430988,-0.38802807701083,0.012500487768234425,3.8828511263486405,3.8828511263486405,74.24565239943976,97.17491206285071,101.71044262962052,92.6393814960809,98.0609246962878,94.83003709047412,94.6558754863194,177948.0,2022,5,28,5,2,148
2022-07-04,Moderna,Finance,83.41060965006481,85.83974823564496,80.93804190681129,83.41060965006481,130623,745319483572.1002,26.85489062651048,1.9072052070665573,0.0142236618390656,-0.8145703783794602,Bullish,34,4,1,94.04883620182832,94.88086166071973,94.88086166071973,95.82204207926301,97.35142870955099,-1.5293866302879735,-0.15990176917472032,4.901706328833669,4.901706328833669,47.89314586884402,94.88086166071973,106.82911860297278,82.93260471846668,99.2867340859955,98.0609246962878,94.83003709047412,71959.0,2022,7,4,0,3,185
2022-07-10,Moderna,Healthcare,82.56013320747465,83.78245675916948,80.64581978242325,82.56013320747465,141906,365332552207.8486,16.839208686632194,3.926344057580076,0.0495902565363733,-0.0354519998369129,Bullish,34,5,1,91.62968774605937,93.12075759597043,93.12075759597043,93.7817484066802,96.25577719087867,-2.474028784198481,-0.01019626215607572,3.1366369767462317,3.1366369767462317,47.118002566287856,93.12075759597043,107.46336638551767,78.77814880642319,83.41060965006481,99.2867340859955,98.0609246962878,130623.0,2022,7,10,6,3,191
2022-07-29,Moderna,Consumer Goods,87.19611225492663,88.66291534384935,85.45022429756415,87.19611225492663,97254,186287436667.14572,34.64215548309959,2.583949695640791,0.0271849145558737,0.6262953103359699,Bullish,34,2,1,90.10290277894988,92.38017692833995,92.38017692833995,92.76857361410272,95.58469089932667,-2.816117285223953,0.05615275638911221,3.212691046285201,3.212691046285201,43.44950935300734,92.38017692833995,106.30403897366149,78.45631488301841,82.56013320747465,83.41060965006481,99.2867340859955,141906.0,2022,7,29,4,3,210
2022-08-26,Moderna,Automotive,88.95317007602385,90.61890967195669,87.00798755014064,88.95317007602385,166336,956459281861.8656,31.27553274497715,3.061290753809223,0.0107354456860638,-0.0492282892890352,Bullish,34,1,1,88.2813518548971,91.99939838919371,91.99939838919371,92.18158845439828,95.09346713463758,-2.9118786802392975,0.02015064405578415,3.6109221218160457,3.6109221218160457,41.71562034907397,91.99939838919371,105.222840268163,78.77595651022443,87.19611225492663,82.56013320747465,83.41060965006481,97254.0,2022,8,26,4,3,238
2022-12-09,Moderna,Consumer Goods,106.07555303414291,109.0708561270154,103.0471957335893,106.07555303414291,163632,753945135216.4686,19.29072199658079,2.2165325475858766,0.037786150912407,-0.6261371411171062,Stable,34,2,2,89.63911564452658,93.40701385368864,93.40701385368864,94.31912146666669,95.90695497904538,-1.587833512378694,0.19248760829417777,6.023660393426098,6.023660393426098,61.939497154938636,93.40701385368864,108.72647347401946,78.08755423335782,88.95317007602385,87.19611225492663,82.56013320747465,166336.0,2022,12,9,4,4,343
2022-12-15,Moderna,Energy,106.10116149293114,108.61703874153098,104.32246191616234,106.10116149293114,67019,771213308239.6034,36.459658586308656,4.140584145031713,0.0202697398523903,0.2570043404724078,Bearish,34,3,0,94.17722601309984,94.11303110746408,94.56102727543795,96.1317430091689,96.66208138748135,-0.5303383783124502,0.00024141716027625826,4.294576825368637,4.294576825368637,61.99644143001845,94.56102727543795,110.98704705402292,78.13500749685298,106.07555303414291,88.95317007602385,87.19611225492663,163632.0,2022,12,15,3,4,349
2023-01-15,Moderna,Aerospace,117.80806255421508,121.10342865311164,115.9476958661517,117.80806255421508,117215,963273416786.6918,9.208652927908648,1.483933410099253,0.0361179863255136,-0.4215121943606637,Bearish,34,0,0,101.22681188244792,96.42824981425365,96.49828021533604,99.46656140071448,98.22845036279496,1.2381110379195235,0.11033716216258305,5.1557327869599305,5.1557327869599305,67.39400537186577,96.49828021533604,117.12416489041136,75.87239554026071,106.10116149293114,106.07555303414291,88.95317007602385,67019.0,2023,1,15,6,1,15
2023-01-23,Moderna,Consumer Goods,115.30999014940164,118.4674581465232,113.27041460716,115.30999014940164,93919,312640038504.6353,12.922302301952008,2.9107190378889927,0.0498626262515593,-0.966679057511568,Stable,34,2,2,106.84958746134294,98.4762451201464,97.94533482564879,101.90401197743557,99.4937496062473,2.410262371188267,-0.021204596278491805,5.197043539363193,5.197043539363193,62.964474545595245,97.94533482564879,120.2805345134854,75.61013513781216,117.80806255421508,106.10116149293114,106.07555303414291,117215.0,2023,1,23,0,1,23
2023-02-24,Moderna,Aerospace,108.10166585965108,110.02591023582418,105.19519088051894,108.10166585965108,153691,590673674946.7368,9.81333211859554,3.864933606527934,0.0280834638724546,-0.5585748281111627,Bearish,34,0,0,110.67928661806836,99.48031923648274,98.67078704236324,102.85749719008412,100.13137303242536,2.7261241576587594,-0.06251257397915899,4.8307193553052485,4.8307193553052485,56.4081148059881,98.67078704236324,120.80580324535325,76.53577083937324,115.30999014940164,117.80806255421508,106.10116149293114,93919.0,2023,2,24,4,1,55
2023-03-14,Moderna,Aerospace,114.58783680470836,117.95525533568312,111.37480627027128,114.58783680470836,196377,19349269303.59946,19.24401683719924,1.427543900592558,0.0165015194987483,0.6410892954919742,Stable,34,0,2,112.38174337218145,101.01042950835401,99.73192369318625,104.66216482310323,101.20222220074263,3.4599426223606002,0.0600006567288085,6.580449065411841,6.580449065411841,60.071410648255856,99.73192369318625,122.59067550736468,76.87317187900781,108.10166585965108,115.30999014940164,117.80806255421508,153691.0,2023,3,14,1,1,73
2023-03-17,Moderna,Consumer Goods,115.4337478160387,116.74021316381628,112.686378759503,115.4337478160387,107458,346670551077.1947,6.391808774599934,4.102993788382933,0.0347987425949665,-0.3415387693172109,Bearish,34,2,0,114.24826063680298,104.2127433249514,100.71328770086453,106.31933143740099,102.25640928335714,4.0629221540438465,0.0073822059558732445,4.053834404313278,4.053834404313278,64.1069942685499,100.71328770086453,124.1509607736116,77.27561462811745,114.58783680470836,108.10166585965108,115.30999014940164,196377.0,2023,3,17,4,1,76
2023-05-04,Moderna,Technology,116.98348009127088,119.31633963866403,114.6905994923482,116.98348009127088,77192,162510871602.65585,30.1150243656058,1.0362114988443916,0.0190676260829969,-0.8721981159032524,Stable,34,6,2,114.08334414421412,107.65507801333104,101.67035784147666,107.9599696918425,103.34730341727668,4.612666274565825,0.013425296367418627,4.6257401463158345,4.6257401463158345,64.7651352410716,101.67035784147666,125.69698053171142,77.6437351512419,115.4337478160387,114.58783680470836,108.10166585965108,107458.0,2023,5,4,3,2,124
2023-07-28,Moderna,Finance,114.39150024186104,116.48850744278631,112.01754625132808,114.39150024186104,83307,231899781515.21896,23.616944728349218,2.030059008530553,0.0406388629942071,0.6435048339707807,Stable,34,4,2,113.89964616270602,110.37461681202447,102.37708797483134,108.94943593030689,104.1653920709496,4.784043859357297,-0.02215680237404094,4.47096119145823,4.47096119145823,60.97772189719279,102.37708797483134,126.44538022785181,78.30879572181087,116.98348009127088,115.4337478160387,114.58783680470836,77192.0,2023,7,28,4,3,209
2023-08-22,Moderna,Consumer Goods,113.94066109911395,116.23333656010028,111.01900485308488,113.94066109911395,189487,163219512767.65857,21.725745680778484,1.857429718297171,0.0374918225033007,-0.1652167519877994,Bullish,34,2,1,115.06744521059859,112.87336591433348,102.9856970866357,109.71731672550797,104.88948607303584,4.82783065247213,-0.0039411944226088735,5.214331707015404,5.214331707015404,59.95436145234843,102.9856970866357,126.97009001358163,79.00130415968977,114.39150024186104,116.98348009127088,115.4337478160387,83307.0,2023,8,22,1,3,234
2023-08-27,Moderna,Energy,112.33679560723353,113.60365443786957,109.00585357156422,112.33679560723353,185230,963383485987.5786,17.466497649115794,2.4707383531894136,0.0395873159105243,-0.8621442437307028,Stable,34,3,2,114.61723697110362,113.49949017164253,103.4532520126656,110.12031347654268,105.44113863112455,4.679174845418132,-0.014076322503388528,4.597800866305349,4.597800866305349,74.37601260192878,103.4532520126656,127.16956156714478,79.73694245818642,113.94066109911395,114.39150024186104,116.98348009127088,189487.0,2023,8,27,6,3,239
2023-10-18,Moderna,Technology,116.96498874398893,118.74526292938695,115.22321888529154,116.96498874398893,103682,759584983594.9431,30.400076212698217,4.880934874940419,0.0276215663949197,0.4444321973472924,Bearish,34,6,0,114.92348515669366,114.58587289674831,104.3494520021062,111.17334044076517,106.29475715800339,4.878583282761781,0.04119926255451589,3.5220440440954093,3.5220440440954093,77.25740820112509,104.3494520021062,128.70962802551776,79.98927597869465,112.33679560723353,113.94066109911395,114.39150024186104,185230.0,2023,10,18,2,4,291
2023-10-31,Moderna,Automotive,116.98231953649292,120.05189229588012,115.59254419675491,116.98231953649292,92318,549864824192.023,13.413383604481933,0.6396846225589159,0.0151438594384221,0.1079589744401612,Stable,34,1,2,114.92325304573808,114.5032985949761,105.46577420461487,112.0670295324156,107.0864284452989,4.980601087116696,0.00014817077050244265,4.459348099125208,4.459348099125208,75.46161786862447,105.46577420461487,130.00119112646482,80.93035728276494,116.96498874398893,112.33679560723353,113.94066109911395,103682.0,2023,10,31,1,4,304
2023-11-18,Moderna,Technology,115.1956804216444,116.71126558373838,112.05275618928287,115.1956804216444,187162,929676271544.5673,32.768790500687174,0.8301091182143039,0.020229748061932,0.732367417738059,Stable,34,6,2,115.08408908169474,114.49186762220037,106.4840563711734,112.5483604384508,107.68711377688007,4.861246661570732,-0.0152727277243907,4.658509394455507,4.658509394455507,72.4210829658192,106.4840563711734,130.85077632571367,82.11733641663312,116.98231953649292,116.96498874398893,112.33679560723353,92318.0,2023,11,18,5,4,322
2023-12-15,Moderna,Aerospace,125.71248632224572,128.0172860721282,124.15909917825846,125.71248632224572,162428,793950106530.1357,5.213106188394368,1.5584491425752072,0.0365027167095514,-0.0921477271564081,Bearish,34,0,0,117.4384541263211,116.25294966845983,107.86663445247129,114.57361057441925,109.02232655801826,5.5512840164009845,0.09129514112080628,3.8581868938697426,3.8581868938697426,68.9120809298551,107.86663445247129,133.3340703142778,82.39919859066478,115.1956804216444,116.98231953649292,116.96498874398893,187162.0,2023,12,15,4,4,349
2024-01-18,Moderna,Aerospace,119.75056500661472,122.03595142753284,117.11682253065902,119.75056500661472,155977,446345123662.6517,21.211045086296963,4.516490071878553,0.0486083855418294,0.8937603926820472,Bullish,34,0,1,118.92120800619735,116.76922248865048,108.88982599850226,115.37006510244932,109.81701088754393,5.553054214905387,-0.047425052912790866,4.919128896873815,4.919128896873815,61.79668938732269,108.88982599850226,134.54945462465352,83.230197372351,125.71248632224572,115.1956804216444,116.98231953649292,162428.0,2024,1,18,3,1,18
2024-01-26,Moderna,Technology,117.66539594418268,119.90584810273184,114.2166323116529,117.66539594418268,51062,772850104721.9331,19.050597081961776,4.851176722074384,0.035442736814089,0.6337805790083366,Bullish,34,6,1,119.06128944623609,116.99238730146487,110.60256531320815,115.72319292425445,110.39837274359124,5.32482018066321,-0.017412603124810855,5.6892157910789365,5.6892157910789365,49.85210057294318,110.60256531320815,133.52866725557146,87.67646337084481,119.75056500661472,125.71248632224572,115.1956804216444,155977.0,2024,1,26,4,1,26
2024-03-17,Moderna,Healthcare,119.496709663016,122.44823769500852,118.08110849060982,119.496709663016,50846,507331593388.6621,35.30370578278243,2.5646108238738288,0.0349991899350414,-0.4791937824241832,Stable,34,5,2,119.56416747154071,117.24371025863938,112.4493941359852,116.303733960987,111.07232362651159,5.231410334475413,0.015563740759450218,4.367129204398694,4.367129204398694,54.40112506889941,112.4493941359852,131.4847710906978,93.41401718127261,117.66539594418268,119.75056500661472,125.71248632224572,51062.0,2024,3,17,6,1,77
2022-01-16,Morgan Stanley,Technology,97.5668819214666,100.1795042726683,95.98485763583268,97.5668819214666,50769,378348221492.7291,12.737218000880496,3.758860865195466,0.0192592038365195,-0.0994350323369483,Stable,35,6,2,97.5668819214666,97.5668819214666,97.5668819214666,97.5668819214666,97.5668819214666,0.0,0.0,4.194646636835614,4.194646636835614,64.11819805319763,97.5668819214666,103.95945773336672,84.18187449948795,97.5668819214666,97.5668819214666,97.5668819214666,50769.0,2022,1,16,6,1,16
2022-04-28,Morgan Stanley,Automotive,90.57445031138808,91.48835463227653,88.07521218655133,90.57445031138808,172096,958668550135.9072,22.36582344396268,0.1542895215403622,0.0185479256628131,0.3234076909626935,Bearish,35,1,0,94.07066611642733,94.07066611642733,94.07066611642733,96.49112321222375,97.04892402442375,-0.5578008122,-0.07166808523928092,3.4131424457251995,3.4131424457251995,47.45050168751933,94.07066611642733,103.95945773336672,84.18187449948795,97.5668819214666,97.5668819214666,97.5668819214666,50769.0,2022,4,28,3,2,118
2022-05-23,Morgan Stanley,Healthcare,96.1617520831454,99.03908234885736,94.82931940347738,96.1617520831454,187848,352188620973.0846,29.71066526824086,3.530965914816793,0.0203755360297278,-0.72326359822362,Bullish,35,5,1,94.76769477200003,94.76769477200003,94.76769477200003,96.44045073082708,96.98320758432907,-0.5427568535019844,0.06168739365846121,4.209762945379978,4.209762945379978,52.91406433284319,94.76769477200003,102.16528135019557,87.37010819380448,90.57445031138808,97.5668819214666,97.5668819214666,172096.0,2022,5,23,0,2,143
2022-12-01,Morgan Stanley,Energy,106.77766739282366,109.94887435628426,104.77586929475672,106.77766739282366,176141,818860741079.3419,7.54348050635057,4.712656537600584,0.0456527282544119,-0.3963812606746126,Stable,35,3,2,97.77018792720594,97.77018792720594,97.77018792720594,98.03079175574963,97.70872312569904,0.3220686300505946,0.11039644224139455,5.173005061527547,5.173005061527547,60.722588296736255,97.77018792720594,111.21348739103546,84.32688846337642,96.1617520831454,90.57445031138808,97.5668819214666,187848.0,2022,12,1,3,4,335
2023-01-04,Morgan Stanley,Automotive,112.95382946404784,115.1903248902382,111.08104471787968,112.95382946404784,188877,944359331322.872,33.911366808330015,1.479714444293283,0.0432966873364101,0.4817385367704356,Stable,35,1,2,100.80691623457432,100.80691623457432,100.80691623457432,100.32664371087243,98.83799026187302,1.4886534489994148,0.057841327892121264,4.109280172358524,4.109280172358524,67.58866018301245,100.80691623457432,118.69479206182385,82.91904040732479,106.77766739282366,96.1617520831454,90.57445031138808,176141.0,2023,1,4,2,1,4
2023-02-12,Morgan Stanley,Consumer Goods,111.09941944482767,112.57210024574417,108.33121679138628,111.09941944482767,77663,967543752350.164,22.093112014402852,2.877046936430742,0.0331892466453676,0.877753950284546,Bullish,35,2,1,103.51342373924653,102.5223334362832,102.5223334362832,101.98399382378862,99.74624427542521,2.2377495483634107,-0.01641741610726366,4.240883454357885,4.240883454357885,65.99849063675545,102.5223334362832,120.59453943087415,84.45012744169226,112.95382946404784,106.77766739282366,96.1617520831454,188877.0,2023,2,12,6,1,43
2023-06-07,Morgan Stanley,Healthcare,117.03151905216646,120.09778646316845,114.16554979438637,117.03151905216646,136188,836162065717.4282,7.953733319058982,3.183808585221636,0.0434894887288727,-0.4091559273724701,Stable,35,5,2,108.80483748740221,104.59507423855224,104.59507423855224,104.29899770507753,101.02663499962827,3.272362705449254,0.05339451490369562,5.932236668782082,5.932236668782082,70.80508138374027,104.59507423855224,124.40582002782998,84.78432844927451,111.09941944482767,112.95382946404784,106.77766739282366,77663.0,2023,6,7,2,2,158
2023-06-27,Morgan Stanley,Technology,120.70707031191242,122.97821198673329,119.31118775802692,120.70707031191242,84620,858128267668.7831,8.46057661742224,1.3200217497973292,0.0497832795614104,-0.6291822992518914,Bearish,35,6,0,113.7139011331556,106.60907374772226,106.60907374772226,106.82331656766752,102.48444502276044,4.338871544907079,0.03140650731968697,3.6670242287063672,3.6670242287063672,70.36384775497753,106.60907374772226,128.20067712066805,85.0174703747765,117.03151905216646,111.09941944482767,112.95382946404784,136188.0,2023,6,27,1,2,178
2023-11-29,Morgan Stanley,Energy,117.42987143799496,120.16977663810717,114.51655903869856,117.42987143799496,171465,799981314328.5977,37.79818599605782,1.512395145839633,0.0170930621289575,0.3338708351144341,Bullish,35,3,1,115.84434194218986,107.81138460219701,107.81138460219701,108.45509424002559,103.59151364611115,4.863580593914435,-0.02715001586443133,5.653217599408606,5.653217599408606,66.87765432891035,107.81138460219701,129.25812139957804,86.36464780481597,120.70707031191242,117.03151905216646,111.09941944482767,84620.0,2023,11,29,2,4,333
2024-06-13,Morgan Stanley,Finance,114.43411408041835,116.4992139229332,113.15093006503108,114.43411408041835,55408,405393630656.1146,23.575807435039252,0.3004820518908507,0.0223081125355937,-0.8906136508474647,Bullish,35,4,1,116.14039886546398,108.47365755001915,108.47365755001915,109.37494344623985,104.3946692338376,4.98027421240225,-0.025511033273662553,3.3482838579021177,3.3482838579021177,65.67972024543309,108.47365755001915,129.12310768722145,87.82420741281686,117.42987143799496,120.70707031191242,117.03151905216646,171465.0,2024,6,13,3,2,165
2024-07-17,Morgan Stanley,Technology,121.9051183007226,123.46127454577385,120.66955157632486,121.9051183007226,70609,859705666415.2988,38.680857104572446,1.950601173441696,0.0443504571935481,-0.9925951863351664,Stable,35,6,2,118.30153863664296,110.90748118794474,109.69469943644673,111.30266265462183,105.69173953508835,5.610923119533481,0.06528651250844675,2.7917229694489833,2.7917229694489833,64.05795683030331,109.69469943644673,130.892843613756,88.49655525913744,114.43411408041835,117.42987143799496,120.70707031191242,55408.0,2024,7,17,2,3,199
2022-04-04,Netflix,Technology,92.90924387558444,94.64707545277396,90.4229315320276,92.90924387558444,58392,691530635752.0447,25.977913798202685,0.1033568444595223,0.0298758207400019,-0.6193260498099049,Bearish,36,6,0,92.90924387558444,92.90924387558444,92.90924387558444,92.90924387558444,92.90924387558444,0.0,0.0,4.224143920746357,4.224143920746357,70.58694172435563,92.90924387558444,100.79652613588885,76.3945658021718,92.90924387558444,92.90924387558444,92.90924387558444,58392.0,2022,4,4,0,2,94
2022-07-01,Netflix,Consumer Goods,84.2818480624762,86.00267107140797,82.50317320363989,84.2818480624762,139045,116166739226.0371,18.770674629725704,3.3877047275176704,0.0416208204108669,-0.4698374313228548,Bearish,36,2,0,88.59554596903033,88.59554596903033,88.59554596903033,91.58195221202932,92.2701775190579,-0.6882253070285742,-0.09285831477286866,3.499497867768085,3.499497867768085,63.48638307234419,88.59554596903033,100.79652613588885,76.3945658021718,92.90924387558444,92.90924387558444,92.90924387558444,58392.0,2022,7,1,4,3,182
2022-07-20,Netflix,Energy,87.64294396521409,90.02727601638264,85.9865022670734,87.64294396521409,134896,661993519905.4609,24.07869348912449,2.738923471916597,0.0494069822036269,-0.6324306697841977,Stable,36,3,2,88.27801196775825,88.27801196775825,88.27801196775825,90.97595094328851,91.92741947803243,-0.951468534743924,0.039879238293949015,4.040773749309238,4.040773749309238,64.32551429428898,88.27801196775825,96.97524673632716,79.58077719918933,84.2818480624762,92.90924387558444,92.90924387558444,139045.0,2022,7,20,2,3,201
2022-08-17,Netflix,Consumer Goods,87.14963482072403,88.30632660625584,85.74457474870395,87.14963482072403,65151,852968999870.2095,31.54487562541889,2.2534323746945657,0.0154032058490304,-0.9006770170805622,Stable,36,2,2,87.9959176809997,87.9959176809997,87.9959176809997,90.38728692443243,91.573509503417,-1.1862225789845695,-0.005628623619556294,2.561751857551883,2.561751857551883,63.85231808035939,87.9959176809997,95.18626978635714,80.80556557564225,87.64294396521409,84.2818480624762,92.90924387558444,134896.0,2022,8,17,2,3,229
2022-10-14,Netflix,Finance,104.31086923366816,107.03799553984707,102.27997718188782,104.31086923366816,93525,253396444866.9242,39.89773549785816,1.861001959126096,0.0332478169488382,-0.3652222999442296,Bullish,36,4,1,91.25890799153339,91.25890799153339,91.25890799153339,92.5293765104687,92.51701763158376,0.012358878884938918,0.19691688264955554,4.7580183579592585,4.7580183579592585,77.66616526832418,91.25890799153339,107.12453082462756,75.39328515843923,87.14963482072403,87.64294396521409,84.2818480624762,65151.0,2022,10,14,4,4,287
2023-03-05,Netflix,Energy,112.33246080174418,115.2912027576796,109.43515176541035,112.33246080174418,142658,657326873706.9286,9.609270346521347,3.573206374543621,0.0392196990992919,0.2301292597156226,Stable,36,3,2,95.14355137676533,94.77116679323518,94.77116679323518,95.57600486297261,93.98482823678083,1.591176626191782,0.07690082181279445,5.856050992269246,5.856050992269246,78.34863031852933,94.77116679323518,117.07447317746353,72.46786040900683,104.31086923366816,87.14963482072403,87.64294396521409,93525.0,2023,3,5,6,1,64
2023-05-16,Netflix,Healthcare,117.76182335625924,120.28578099841862,115.28760684821606,117.76182335625924,152634,175019143241.67538,19.14839053754732,2.7082320910838,0.0178755148710273,0.3594095571536679,Bullish,36,5,1,101.83954643552194,98.05554630223862,98.05554630223862,98.98920770809363,95.74608713451998,3.2431205735736484,0.04833297976172135,4.9981741502025585,4.9981741502025585,76.84081960749694,98.05554630223862,124.8243975099482,71.28669509452905,112.33246080174418,104.31086923366816,87.14963482072403,142658.0,2023,5,16,1,2,136
2023-05-31,Netflix,Automotive,120.61297573493884,122.44535369312392,117.55794989666744,120.61297573493884,141267,793163138511.0259,23.549703302424653,0.66825290705259,0.01057323623468,-0.8885863277695096,Bearish,36,1,0,108.43355278946687,100.87522498132614,100.87522498132614,102.3159412506852,97.58807888269915,4.727862367986049,0.02421117725100208,4.887403796456482,4.887403796456482,75.7585534026139,100.87522498132614,130.34763350431672,71.40281645833555,117.76182335625924,112.33246080174418,104.31086923366816,152634.0,2023,5,31,2,2,151
2023-10-01,Netflix,Healthcare,119.40989707854062,122.39018577384007,117.3738315767635,119.40989707854062,64489,869031724915.0304,28.826456253617,4.408078199389988,0.0197520775084071,-0.7258943943436891,Bearish,36,5,0,114.8856052410302,102.93463299212776,102.93463299212776,104.9457806088168,99.20450986016888,5.741270748647921,-0.009974703377206517,5.016354197076581,5.016354197076581,76.45846885783457,102.93463299212776,133.14600195988774,72.72326402436778,120.61297573493884,117.76182335625924,112.33246080174418,141267.0,2023,10,1,6,4,274
2023-10-13,Netflix,Aerospace,114.68174902410708,116.40933205156288,112.74836424049832,114.68174902410708,65254,444975033298.4503,24.694909465781876,3.0815724611644817,0.0397894691131684,-0.1375790302713422,Bearish,36,0,0,116.959781199118,104.10934459532568,104.10934459532568,106.44362190347685,100.3509720204606,6.09264988301625,-0.03959594782435538,3.660967811064566,3.660967811064566,69.22632652865998,104.10934459532568,133.54589701554838,74.67279217510298,119.40989707854062,120.61297573493884,117.76182335625924,64489.0,2023,10,13,4,4,286
2023-10-21,Netflix,Healthcare,120.08146824277554,123.31510650006958,118.45469162185934,120.08146824277554,115215,951527081106.3252,20.520954273366645,4.00036716038434,0.0124371488688288,0.4289193677715635,Stable,36,5,2,118.50958268732427,106.82656703204479,105.56135583600295,108.5417521095228,101.81249025915061,6.729261850372197,0.0470843814697437,4.860414878210236,4.860414878210236,69.9734251741037,105.56135583600295,135.1016058153786,76.02110585662729,114.68174902410708,119.40989707854062,120.61297573493884,65254.0,2023,10,21,5,4,294
2024-01-30,Netflix,Healthcare,114.87443583717794,116.53841130047483,113.06444710122685,114.87443583717794,97915,401786726124.9437,30.26025434510128,0.658267943966292,0.0468605356762967,-0.8858113241841126,Stable,36,5,2,117.932105183508,109.88582580951497,106.33744583610087,109.51601114454667,102.78004178344894,6.73596936109773,-0.043362497825811475,3.4739641992479875,3.4739641992479875,68.1223315314393,106.33744583610087,135.01161281589629,77.66327885630545,120.08146824277554,114.68174902410708,119.40989707854062,115215.0,2024,1,30,1,1,30
2024-02-04,Netflix,Technology,117.55146302493095,120.59237027554748,115.00853030774404,117.55146302493095,187240,832031250138.1707,32.40558230608565,2.032783919040521,0.0406077533501756,-0.7206152547941227,Bullish,36,6,1,117.31980264150643,112.87667771548665,107.20006254293395,110.75223451075962,103.87422113466982,6.878013376089797,0.023303941980158394,5.583839967803442,5.583839967803442,72.10705922774967,107.20006254293395,135.34938092362688,79.05074416224102,114.87443583717794,120.08146824277554,114.68174902410708,97915.0,2024,2,4,6,1,35
2024-06-26,Netflix,Healthcare,117.6171535861928,120.40207691696396,115.5097103667959,117.6171535861928,52336,681293852411.0063,23.45428133203398,4.280662495068717,0.0132465689785485,-0.547445331712386,Bullish,36,5,1,116.96125394303685,115.92342959203354,107.9441404745953,111.8083759069801,104.89221613107894,6.916159775901164,0.0005588238510303434,4.892366550168063,4.892366550168063,68.94027774868681,107.9441404745953,135.55638432590712,80.33189662328348,117.55146302493095,114.87443583717794,120.08146824277554,187240.0,2024,6,26,2,2,178
2022-05-04,Northrop Grumman,Consumer Goods,91.59280037598688,92.9726510739267,89.12723512902848,91.59280037598688,112623,437756202960.8863,38.26094635257071,0.59437195588536,0.0412646191678559,-0.2390362290139283,Bullish,37,2,1,91.59280037598688,91.59280037598688,91.59280037598688,91.59280037598688,91.59280037598688,0.0,0.0,3.845415944898221,3.845415944898221,68.94027774868681,91.59280037598688,101.13921560928073,87.03350644459151,91.59280037598688,91.59280037598688,91.59280037598688,112623.0,2022,5,4,2,2,124
2022-05-14,Northrop Grumman,Energy,96.57992167788537,98.24093028323324,94.54783220695629,96.57992167788537,75939,540302936129.2852,32.390367894796825,0.0803093249050307,0.0400581177783737,0.3613447464514741,Bearish,37,3,0,94.08636102693612,94.08636102693612,94.08636102693612,92.3600498070482,91.9622167687201,0.3978330383281019,0.05444883529520261,3.6930980762769536,3.6930980762769536,81.11315764632707,94.08636102693612,101.13921560928073,87.03350644459151,91.59280037598688,91.59280037598688,91.59280037598688,112623.0,2022,5,14,5,2,134
2022-06-16,Northrop Grumman,Technology,95.94634400980073,98.0740462202974,94.98049554881374,95.94634400980073,162181,980596223379.8082,14.384865703342967,1.23755036570206,0.01502262314549,0.3607688275250442,Bearish,37,6,0,94.70635535455766,94.70635535455766,94.70635535455766,92.91178737670243,92.25733730509644,0.6544500716059929,-0.006560138557553996,3.093550671483669,3.093550671483669,79.16147927338339,94.70635535455766,100.13628118050079,89.27642952861453,96.57992167788537,91.59280037598688,91.59280037598688,75939.0,2022,6,16,3,2,167
2022-07-26,Northrop Grumman,Consumer Goods,86.77331745234866,87.7438306804673,84.78767653318981,86.77331745234866,58155,462480907725.012,24.209352985202056,2.5985213144724213,0.0300284370334668,-0.4407273630135875,Bearish,37,2,0,92.72309587900541,92.72309587900541,92.72309587900541,91.96740738834032,91.85111361230031,0.11629377604000979,-0.09560579563630955,2.9561541472774877,2.9561541472774877,68.9879223716623,92.72309587900541,101.81095334605345,83.63523841195737,95.94634400980073,96.57992167788537,91.59280037598688,162181.0,2022,7,26,1,3,207
2022-08-08,Northrop Grumman,Automotive,87.85218144342099,89.48388605646873,86.8091853794634,87.85218144342099,161472,272415284097.9351,32.54395472211832,2.1518737484539665,0.036083722475266,0.7868094581759741,Bullish,37,1,1,91.74891299188853,91.74891299188853,91.74891299188853,91.33429570450657,91.55489641460555,-0.22060071009897797,0.012433130629871059,2.674700677005333,2.674700677005333,59.29510497071419,91.74891299188853,100.74460701497887,82.7532189687982,86.77331745234866,95.94634400980073,96.57992167788537,58155.0,2022,8,8,0,3,220
2022-10-12,Northrop Grumman,Healthcare,102.30549725907116,104.06067754177936,100.34044569979297,102.30549725907116,132989,735477441868.9293,30.38149418095868,2.9854788509335988,0.0435012333630422,-0.6708014526008506,Bearish,37,5,0,93.89145236850538,93.50834370308563,93.50834370308563,93.02217286674727,92.3512372178993,0.6709356488479727,0.16451857629691835,3.72023184198639,3.72023184198639,63.81774622233461,93.50834370308563,105.29954054758517,81.71714685858609,87.85218144342099,86.77331745234866,95.94634400980073,161472.0,2022,10,12,2,4,285
2023-03-21,Northrop Grumman,Consumer Goods,111.0039819239523,112.9057505374033,108.2846679983648,111.0039819239523,139588,534707963770.4687,21.43746211382481,2.0486961822146954,0.0245458143567779,-0.2962303313059871,Bearish,37,2,0,96.77626441771876,96.00772059178087,96.00772059178087,95.7886050293942,93.73292201094026,2.055683018453948,0.08502460667244227,4.621082539038511,4.621082539038511,65.75187769934752,96.00772059178087,113.05978921928005,78.95565196428169,102.30549725907116,87.85218144342099,86.77331745234866,132989.0,2023,3,21,1,1,80
2023-04-26,Northrop Grumman,Healthcare,113.51943678932632,116.02001339604124,111.76411653838696,113.51943678932632,189407,479799649647.711,14.036063896690925,2.905075466875547,0.0104197456455977,0.6472911895061817,Bearish,37,5,0,100.2908829736239,98.19668511647404,98.19668511647404,98.51642530015299,95.19858977230218,3.3178355278508036,0.022660942623637936,4.255896857654278,4.255896857654278,65.56284601182634,98.19668511647404,118.26068621831763,78.13268401463046,111.0039819239523,102.30549725907116,87.85218144342099,139588.0,2023,4,26,2,2,116
2023-04-30,Northrop Grumman,Aerospace,116.49844283766012,117.8178813382955,113.15355146706092,116.49844283766012,192202,744534786529.3606,38.39115946547642,1.7510149554536514,0.0347172623938519,-0.2154659169529058,Stable,37,0,2,106.23590805068618,100.23021375216139,100.23021375216139,101.28288953669255,96.77635666603241,4.506532870660138,0.026242255358105426,4.664329871234585,4.664329871234585,68.46182347037362,100.23021375216139,122.61574962525827,77.8446778790645,113.51943678932632,111.0039819239523,102.30549725907116,189407.0,2023,4,30,6,2,120
2023-07-11,Northrop Grumman,Aerospace,113.86878301215062,115.06548173043052,111.34704292434876,113.86878301215062,156357,588296486739.2766,23.103378360001617,3.740023681857017,0.0474771145492455,-0.4750299841988179,Stable,37,0,2,111.4392283644321,101.5940706781603,101.5940706781603,103.21918084060917,98.04246232130043,5.176718519308736,-0.022572489051840172,3.718438806081764,3.718438806081764,70.83655284836375,101.5940706781603,124.39401168164135,78.79412967467927,116.49844283766012,113.51943678932632,111.0039819239523,192202.0,2023,7,11,1,3,192
2023-08-06,Northrop Grumman,Automotive,118.57519222118472,119.77499308739532,115.50863898831398,118.57519222118472,147007,397981609475.9366,22.074791901734223,0.6632228880047658,0.0485263610826026,0.5587303406702395,Bearish,37,1,0,114.69316735685481,104.2923098626801,103.13780900025344,105.58164412992849,99.56340527684742,6.018238853081073,0.04133186536763023,4.26635409908134,4.26635409908134,70.4984637026374,103.13780900025344,127.06919448246792,79.20642351803896,113.86878301215062,116.49844283766012,113.51943678932632,156357.0,2023,8,6,6,3,218
2023-08-18,Northrop Grumman,Automotive,113.94966037518309,117.05717365897743,112.6771499957515,113.94966037518309,51015,133581939165.4581,6.082817565596969,2.894200840177963,0.0351098165958934,-0.4434646783624607,Bearish,37,1,0,115.28230304710098,106.02928373240987,104.03879661483091,106.86903124458306,100.62905380265006,6.239977441932993,-0.039009271326951644,4.380023663225927,4.380023663225927,71.19067414003193,104.03879661483091,127.69491489872962,80.38267833093221,118.57519222118472,113.86878301215062,116.49844283766012,147007.0,2023,8,18,4,3,230
2023-08-21,Northrop Grumman,Finance,113.33656425198603,115.91543089752167,110.25585870176948,113.33656425198603,150497,733166019423.0005,39.30381473448184,1.8956382918782348,0.0229969117762656,0.6295873350473173,Bullish,37,4,1,115.2457285396329,107.7683057566284,104.75400950999668,107.86403632264506,101.57035087297125,6.293685449673816,-0.005380412027367276,5.65957219575219,5.65957219575219,69.0778035328586,104.75400950999668,127.9828092597624,81.52520976023095,113.94966037518309,118.57519222118472,113.86878301215062,51015.0,2023,8,21,0,3,233
2023-10-04,Northrop Grumman,Finance,117.6334681094882,120.7674465826052,115.45773899416989,117.6334681094882,144074,649425584135.5986,38.93627043968334,3.21288805161817,0.0226004202873369,0.9678127277943273,Bullish,37,4,1,115.47273359399853,110.85432082234236,105.6739708385318,109.36702582831323,102.76021140900954,6.606814419303689,0.03791277674474669,5.309707588435316,5.309707588435316,71.20905367122575,105.6739708385318,129.0291762435944,82.3187654334692,113.33656425198603,113.94966037518309,118.57519222118472,150497.0,2023,10,4,2,4,277
2023-10-19,Northrop Grumman,Energy,117.02993054889876,119.45963001624996,114.14414084738463,117.02993054889876,109494,500944863821.6107,36.30583948884812,3.4172688870375447,0.0226922190968194,-0.6516866152092073,Bearish,37,3,0,116.10496310134818,113.77209573289012,106.43103481922293,110.54593424686485,103.81722764159393,6.728706605270915,-0.005130661964566907,5.3154891688653265,5.3154891688653265,70.5158035835165,106.43103481922293,129.68813140927625,83.17393822916962,117.6334681094882,113.33656425198603,113.94966037518309,144074.0,2023,10,19,3,4,292
2024-01-05,Northrop Grumman,Automotive,121.60869249401686,124.07009651732184,118.16650660702986,121.60869249401686,94247,179267519262.54434,12.67458866733565,0.079115859984104,0.0372191785009749,0.0783821590272659,Stable,37,1,2,116.71166315591458,115.70241525638468,107.37963842389755,112.247897054119,105.13511392695858,7.112783127160412,0.03912470872743912,5.903589910291984,5.903589910291984,70.32030103709637,107.37963842389755,131.09510515208513,83.66417169570995,117.02993054889876,117.6334681094882,113.33656425198603,109494.0,2024,1,5,4,1,5
2024-02-10,Northrop Grumman,Finance,115.89767263493552,119.17562148788146,114.6561518631017,115.89767263493552,76734,680451799172.3479,16.912976120701693,3.928215517645637,0.0461299242038052,0.4736529115030081,Bearish,37,4,0,117.10126560786507,116.19178432748302,107.88069925984097,112.80940098962924,105.93234049791982,6.877060491709415,-0.04696226677515125,4.519469624779759,4.519469624779759,64.96430330483213,107.88069925984097,131.2118825854204,84.54951593426154,121.60869249401686,117.02993054889876,117.6334681094882,94247.0,2024,2,10,5,1,41
2024-03-15,Northrop Grumman,Consumer Goods,119.3043104292083,122.82302024733198,117.98680167104416,119.3043104292083,63234,864821505841.5067,22.44997798269982,3.07626826641207,0.0132786293857464,0.9331178371102864,Stable,37,2,2,118.29481484330954,116.77027169147122,108.51534432480581,113.80861782648756,106.92285678912637,6.885761037361192,0.02939349614899789,4.83621857628782,4.83621857628782,76.70998743727219,108.51534432480581,131.78170689186746,85.24898175774416,115.89767263493552,121.60869249401686,117.02993054889876,76734.0,2024,3,15,4,1,75
2024-04-25,Northrop Grumman,Finance,115.55483367725834,117.20554703563045,113.94077687965591,115.55483367725834,133524,606764573488.9423,38.20960845408956,4.636775902931486,0.0498189660938725,-0.5554344667228295,Bullish,37,4,1,117.87908795686356,116.67591077543105,108.88584376440859,114.07726641891384,107.56226248454355,6.515003934370284,-0.031427839769249455,3.2647701559745315,3.2647701559745315,71.79001932005141,108.88584376440859,131.72621590900513,86.04547161981203,119.3043104292083,115.89767263493552,121.60869249401686,63234.0,2024,4,25,3,2,116
2024-09-08,Northrop Grumman,Consumer Goods,125.65199520818804,129.10446426597971,124.34164190757652,125.65199520818804,189649,261452586619.9966,6.611985696648473,0.2589294436640843,0.0481006715873839,0.2222830464224923,Bullish,37,2,1,119.60350088872141,117.85423199503478,109.72415133659756,115.85799392495602,108.902242686295,6.955751238661023,0.08737982834306002,4.762822358403199,4.762822358403199,69.71461553112772,109.72415133659756,133.1857452214776,86.26255745171753,115.55483367725834,119.3043104292083,115.89767263493552,133524.0,2024,9,8,6,3,252
2022-01-09,Novartis,Aerospace,101.06305034356924,104.07339650078342,98.83507290299126,101.06305034356924,137498,310626989342.3423,39.73453901713145,2.0780194795366773,0.0189593018346032,0.0162834373303886,Stable,38,0,2,101.06305034356924,101.06305034356924,101.06305034356924,101.06305034356924,101.06305034356924,0.0,0.0,5.23832359779216,5.23832359779216,64.49934936062999,101.06305034356924,102.16025663859669,100.53903312033334,101.06305034356924,101.06305034356924,101.06305034356924,137498.0,2022,1,9,6,1,9
2022-01-23,Novartis,Aerospace,101.6362394153608,102.92405815785946,99.77981595270646,101.6362394153608,134478,481606860439.1984,31.361556756969097,3.5957994847228445,0.0484904578643662,0.1237275796190369,Stable,38,0,2,101.34964487946502,101.34964487946502,101.34964487946502,101.15123327769102,101.10550879333158,0.04572448435943954,0.00567159876772938,3.144242205153006,3.144242205153006,63.07972523646265,101.34964487946502,102.16025663859669,100.53903312033334,101.06305034356924,101.06305034356924,101.06305034356924,137498.0,2022,1,23,6,1,23
2022-03-28,Novartis,Energy,95.58454425139888,97.62434198811712,93.6835317489314,95.58454425139888,62666,699147007307.7435,22.853839937458883,1.102442173445532,0.0283860327863828,0.7452517709717927,Bearish,38,3,0,99.42794467010964,99.42794467010964,99.42794467010964,100.29481958133837,100.69654845689212,-0.4017288755537436,-0.05954269066597617,3.9408102391857227,3.9408102391857227,53.55812069933253,99.42794467010964,106.10954074048529,92.74634859973399,101.6362394153608,101.06305034356924,101.06305034356924,134478.0,2022,3,28,0,1,87
2022-04-08,Novartis,Finance,95.18811702339492,97.6836222204406,92.79239393899212,95.18811702339492,139135,815239373974.0547,27.277172786720392,3.1421702370949944,0.0326167987043096,-0.1382834492354585,Bearish,38,4,0,98.36798775843096,98.36798775843096,98.36798775843096,99.50917303396245,100.28851649885529,-0.7793434648928326,-0.004147398840562588,4.891228281448477,4.891228281448477,55.978847456987594,98.36798775843096,105.27730194332798,91.45867357353393,95.58454425139888,101.6362394153608,101.06305034356924,62666.0,2022,4,8,4,2,98
2022-05-21,Novartis,Healthcare,96.5997512657763,97.96033677735235,95.39550826698164,96.5997512657763,73776,474763071391.66925,20.23131397393749,2.7949031704988703,0.0188712791276927,-0.3326782187326147,Stable,38,5,2,98.01434045990003,98.01434045990003,98.01434045990003,99.06156968501074,100.01527462973831,-0.9537049447275763,0.014829941872202879,2.5648285103707167,2.5648285103707167,52.833676430654556,98.01434045990003,104.20346762892629,91.82521329087376,95.18811702339492,95.58454425139888,101.6362394153608,139135.0,2022,5,21,5,2,141
2022-06-28,Novartis,Healthcare,86.49863564873894,88.1195419917028,85.58008523062604,86.49863564873894,75342,121402056207.67798,24.19122043042485,1.779273796296057,0.0144454858932804,0.8571937630612767,Stable,38,5,2,95.10145752093396,96.0950563247065,96.0950563247065,97.12881060250739,99.01404211262725,-1.8852315101198656,-0.10456668350259013,2.5394567610767638,2.5394567610767638,47.226164538620885,96.0950563247065,107.00614583446838,85.18396681494463,96.5997512657763,95.18811702339492,95.58454425139888,73776.0,2022,6,28,1,2,179
2022-07-12,Novartis,Consumer Goods,82.94996548396117,84.75198408183915,80.7592573276897,82.94996548396117,183883,481580821960.2424,38.14625957085531,4.951808909991859,0.0277811301220063,-0.6508202975056272,Stable,38,2,2,91.36420273465404,94.21718620460004,94.21718620460004,94.94744981503874,97.82411051050383,-2.876660695465091,-0.04102573570279788,3.9927267541494587,3.9927267541494587,44.68361023590391,94.21718620460004,108.28662075277505,80.14775165642503,86.49863564873894,96.5997512657763,95.18811702339492,75342.0,2022,7,12,1,3,193
2022-08-07,Novartis,Healthcare,88.14742793029794,89.34115822797929,86.16783412195703,88.14742793029794,197443,581176450020.1003,15.170564593222428,0.341670524228021,0.0178003592175446,-0.860561148332541,Bullish,38,5,1,89.87677947043386,93.45846642031228,93.45846642031228,93.90129260200169,97.10731920826636,-3.206026606264672,0.0626578011939225,3.173324106022264,3.173324106022264,45.58237508345762,93.45846642031228,107.17311349306883,79.74381934755573,82.94996548396117,86.49863564873894,96.5997512657763,183883.0,2022,8,7,6,3,219
2022-10-16,Novartis,Consumer Goods,106.1227080629546,107.8567551709199,103.32182409645328,106.1227080629546,83828,696018578556.9004,27.964690630720323,4.424821540902939,0.0402533707833154,0.0306103759887534,Stable,38,2,2,92.06369767834579,94.86560438060587,94.86560438060587,95.78151036522522,97.77512579009512,-1.9936154248699012,0.20392291136243368,4.534931074466613,4.534931074466613,59.39697684201113,94.86560438060587,110.22338553231388,79.50782322889786,88.14742793029794,82.94996548396117,86.49863564873894,197443.0,2022,10,16,6,4,289
2022-10-25,Novartis,Healthcare,109.17166487258405,111.4059557090872,106.08617429201703,109.17166487258405,165668,516562941423.173,16.789417565138613,1.4574787046186144,0.0434905202855403,-0.2118196944509938,Bearish,38,5,0,94.57808039970735,96.29621042980368,96.29621042980368,97.84153413558812,98.61931387027948,-0.7777797346913644,0.028730484410751433,5.3197814170701605,5.3197814170701605,58.52542046490084,96.29621042980368,113.37016608587875,79.22225477372861,106.1227080629546,88.14742793029794,82.94996548396117,83828.0,2022,10,25,1,4,298
2023-03-01,Novartis,Consumer Goods,107.78486035767462,109.47786170407636,105.99714729070996,107.78486035767462,88494,680776169732.966,20.583613929967584,3.366232196772658,0.0282977222347955,-0.196606214480447,Stable,38,2,2,98.83532534149447,96.96839143121423,97.34063315051922,99.37127663129372,99.29824323971616,0.07303339157756739,-0.012702971201620783,3.4807144133663996,3.4807144133663996,62.30581284720545,97.34063315051922,114.95778370420177,79.72348259683667,109.17166487258405,106.1227080629546,88.14742793029794,165668.0,2023,3,1,2,1,60
2023-03-13,Novartis,Aerospace,115.79989426846282,117.22543242351752,114.24100429977972,115.79989426846282,164585,571333597342.3202,14.413563103926489,0.6369320800016964,0.0218944612523388,-0.2482950696360415,Bullish,38,0,1,105.4053110983948,98.38475691652442,98.87890491034786,101.89875626778128,100.52058776036407,1.3781685074172145,0.07436140738310582,2.9844281237378,2.9844281237378,64.73352335610427,98.87890491034786,118.77188169762982,78.98592812306589,107.78486035767462,109.17166487258405,106.1227080629546,88494.0,2023,3,13,0,1,72
2023-05-12,Novartis,Consumer Goods,119.17765833409926,120.73844650021704,115.96599735956626,119.17765833409926,153033,221340563797.4009,8.229967722564004,3.0270587875379364,0.0283732576320217,-0.3056156648755761,Stable,38,2,2,111.61135717915506,100.74406832479445,100.44034748140567,104.55704889336866,101.90259298804816,2.6544559053205035,0.029168973659040365,4.772449140650778,4.772449140650778,69.81686986260773,100.44034748140567,122.56577024826062,78.31492471455071,115.79989426846282,107.78486035767462,109.17166487258405,164585.0,2023,5,12,4,2,132
2023-07-05,Novartis,Finance,116.6215183403376,119.88415779809208,113.9605927356768,116.6215183403376,121726,442582349409.07465,10.796992145989286,1.0053257602497256,0.0309959994690335,-0.5117048789861856,Stable,38,4,2,113.71111923463168,102.88740845648874,101.5961453999008,106.41312111597927,102.99288375488442,3.4202373610948484,-0.02144814749250945,5.923565062415278,5.923565062415278,62.223778765188136,101.5961453999008,124.54579681072467,78.64649398907694,119.17765833409926,115.79989426846282,107.78486035767462,153033.0,2023,7,5,2,3,186
2023-09-02,Novartis,Energy,112.33964304476284,115.03749904642451,110.13472746099242,112.33964304476284,125880,244903143131.9519,13.22630251813388,4.164159509345379,0.0392624847824453,0.4307282304577793,Stable,38,3,2,114.34471486906742,104.46139763438737,102.31237857622494,107.32489372040752,103.68523629487541,3.639657425532107,-0.03671599681183135,4.902771585432092,4.902771585432092,58.301128221607264,102.31237857622494,125.11249772883788,79.51225942361201,116.6215183403376,119.17765833409926,115.79989426846282,121726.0,2023,9,2,5,3,245
2023-11-03,Novartis,Aerospace,116.94177581716258,119.13057119830458,113.55571636937928,116.94177581716258,153196,521712898352.849,6.077651738115675,1.9798079437380245,0.0112372352557426,-0.6728924109396253,Bullish,38,0,1,116.17609796096504,107.50571165122975,103.22671590378354,108.80441404298521,104.6672021854152,4.1372118575700085,0.040966239945821936,5.574854828925297,5.574854828925297,60.63608429747593,103.22671590378354,126.43649589103775,80.01693591652933,112.33964304476284,116.6215183403376,119.17765833409926,125880.0,2023,11,3,4,4,307
2023-11-30,Novartis,Technology,119.16832725471394,121.80276627838936,117.1695933549332,119.16832725471394,192386,185400544407.49597,33.76743225789754,4.876866385732105,0.0389228654419867,-0.4657118602587013,Bullish,38,6,1,116.84978455821525,111.12754782830503,104.16445774795591,110.39886222940503,105.74135959795585,4.6575026314491765,0.0190398291969891,4.633172923456158,4.633172923456158,67.30898291558661,104.16445774795591,127.93044148995368,80.39847400595814,116.94177581716258,112.33964304476284,116.6215183403376,153196.0,2023,11,30,3,4,334
2024-06-09,Novartis,Energy,112.33072083336488,115.00352169463402,111.01520381431617,112.33072083336488,74519,656067948889.0946,28.507479854111043,2.243894019973074,0.0450476991307822,-0.7507698736217505,Bearish,38,3,0,115.48039705806836,113.54587711861173,104.61813903047863,110.69607124539884,106.22946043020836,4.466610815190478,-0.05737771586517415,3.988317880317851,3.988317880317851,61.49476136324491,104.61813903047863,127.99369642537911,81.24258163557815,119.16832725471394,116.94177581716258,112.33964304476284,192386.0,2024,6,9,6,2,161
2022-03-10,Nvidia,Technology,95.72392626562532,97.24539077367903,93.21881849870792,95.72392626562532,59268,363696152982.89545,34.468963002384804,2.1874096330410486,0.0453742060182301,-0.1124573218155098,Bullish,39,6,1,95.72392626562532,95.72392626562532,95.72392626562532,95.72392626562532,95.72392626562532,0.0,0.0,4.026572274971116,4.026572274971116,60.75174966297377,95.72392626562532,97.35475274170733,92.30924255617572,95.72392626562532,95.72392626562532,95.72392626562532,59268.0,2022,3,10,3,1,69
2022-05-10,Nvidia,Finance,93.94006903225772,96.120205425952,92.70202343561924,93.94006903225772,114044,954132849603.0934,25.503355109016567,2.4125021011768037,0.0102502988410588,-0.4006626323170184,Bearish,39,4,0,94.83199764894152,94.83199764894152,94.83199764894152,95.44948669126109,95.59178869278328,-0.14230200152219652,-0.018635437376623654,3.418181990332755,3.418181990332755,68.54481770305973,94.83199764894152,97.35475274170733,92.30924255617572,95.72392626562532,95.72392626562532,95.72392626562532,59268.0,2022,5,10,1,2,130
2022-06-08,Nvidia,Finance,99.61193014569952,102.23269565394936,97.9732476905912,99.61193014569952,101005,521779366746.1558,6.270066791472575,4.0820539248251535,0.0186500211274611,-0.3483508319611026,Bullish,39,4,1,96.42530848119418,96.42530848119418,96.42530848119418,96.08986260732854,95.88957694855485,0.2002856587736943,0.06037744246807142,4.25944796335817,4.25944796335817,74.84177146831541,96.42530848119418,102.22581014287155,90.6248068195168,93.94006903225772,95.72392626562532,95.72392626562532,114044.0,2022,6,8,2,2,159
2022-07-03,Nvidia,Finance,84.14162514525266,86.38011642550872,82.6774270893757,84.14162514525266,160078,795546496121.1383,32.5699555434698,1.0270070423901467,0.0318232848716826,-0.6142588626207715,Stable,39,4,2,93.35438764720881,93.35438764720881,93.35438764720881,94.25167222854763,95.01935829645838,-0.7676860679107449,-0.15530574478196424,3.7026893361330195,3.7026893361330195,58.15765353140844,93.35438764720881,106.5194711125387,80.18930418187892,99.61193014569952,93.94006903225772,95.72392626562532,101005.0,2022,7,3,6,3,184
2022-07-30,Nvidia,Technology,87.47099357497731,89.29658256939337,86.57736466899715,87.47099357497731,71918,384579926029.806,20.00206914396665,3.700806843807316,0.021157523042939,-0.4850420477125503,Bearish,39,6,0,92.1777088327625,92.1777088327625,92.1777088327625,93.20849089722913,94.46022016894126,-1.2517292717121364,0.03956862520752602,2.7192179003962167,2.7192179003962167,48.36637092990275,92.1777088327625,104.7348194731193,79.62059819240571,84.14162514525266,99.61193014569952,93.94006903225772,160078.0,2022,7,30,5,3,211
2022-08-13,Nvidia,Technology,87.24453874408071,88.41359778807984,84.93113496464842,87.24453874408071,167796,732539535377.4604,22.403957561014085,3.2081595441367727,0.0124402857202157,0.7249792437966018,Bearish,39,6,0,90.48183132845358,91.35551381798221,91.35551381798221,92.29095979674474,93.92572524858122,-1.634765451836472,-0.0025889134402308223,3.482462823431419,3.482462823431419,45.54901334361771,91.35551381798221,103.28735917078657,79.42366846517785,87.47099357497731,84.14162514525266,99.61193014569952,71918.0,2022,8,13,5,3,225
2022-08-14,Nvidia,Finance,87.49646450751789,88.95824735798602,85.90443343259426,87.49646450751789,79855,4343015680.936243,16.89221150466598,3.518961554952538,0.0215132519540642,-0.3680057177495452,Stable,39,4,2,89.19311042350562,90.80422105934444,90.80422105934444,91.5533451368637,93.44948371220616,-1.8961385753424622,0.002887582043114012,3.053813925391765,3.053813925391765,46.86035625079423,90.80422105934444,102.08033039263722,79.52811172605166,87.24453874408071,87.47099357497731,84.14162514525266,167796.0,2022,8,14,6,3,226
2022-08-16,Nvidia,Finance,87.01425386475682,88.88642681364247,85.00222949510544,87.01425386475682,167858,297705873578.4273,24.069671567958046,2.818299855143811,0.0485529264351389,-0.9181321112513092,Bullish,39,4,1,86.67357516731708,90.330475160021,90.330475160021,90.8550234026934,92.9728000198025,-2.117776617109101,-0.005511201457970127,3.8841973185370335,3.8841973185370335,38.082867035120074,90.330475160021,101.10860996986642,79.55234035017557,87.49646450751789,87.24453874408071,87.47099357497731,79855.0,2022,8,16,1,3,228
2022-08-20,Nvidia,Technology,86.11380107496117,86.99633938795496,84.18986259704477,86.11380107496117,56295,277988380051.07684,9.41888239774147,2.6287810977956743,0.0477571313390583,-0.3507816629796769,Bearish,39,6,0,87.06801035325877,89.86195581723658,89.86195581723658,90.12560458304229,92.46472602388833,-2.339121440846043,-0.010348336620747078,2.806476790910196,2.806476790910196,33.076088405260535,89.86195581723658,100.3285474169922,79.39536421748096,87.01425386475682,87.49646450751789,87.24453874408071,167858.0,2022,8,20,5,3,232
2023-04-13,Nvidia,Consumer Goods,106.74907367748987,108.2773024921905,105.5810473325778,106.74907367748987,161888,612645727895.2769,23.60598126115508,1.872401999840085,0.0243917637418119,0.8177308126380072,Stable,39,2,2,90.9236263737613,91.5506676032619,91.5506676032619,92.68306136680346,93.52282585008105,-0.839764483277591,0.23962793820430606,2.6962551596127042,2.6962551596127042,55.04824781955463,91.5506676032619,106.09189411573138,77.00944109079242,86.11380107496117,87.01425386475682,87.49646450751789,56295.0,2023,4,13,3,2,103
2023-11-05,Nvidia,Finance,118.62283991982434,119.84728437163002,116.62728742540558,118.62283991982434,69963,431431229446.4953,12.726092095847362,4.459465516282813,0.0244658837936417,0.242212649820406,Bearish,39,4,0,97.19928660891001,93.8405589686818,94.01177417749486,96.67379652880666,95.38208615154352,1.2917103772631435,0.1112306255528499,3.219996946224441,3.219996946224441,65.4054701451018,94.01177417749486,115.38494770662916,72.63860064836055,106.74907367748987,86.11380107496117,87.01425386475682,161888.0,2023,11,5,6,4,309
2023-12-07,Nvidia,Finance,123.23427647524842,125.24063894986632,120.77381250025029,123.23427647524842,89749,815932894860.7766,14.811706127703232,0.4929146351120617,0.0254980518369015,0.243037448068097,Bearish,39,4,0,104.34684900245614,96.76997971298087,96.44698270230765,100.76002421287463,97.44521136070684,3.3148128521677904,0.03887477789724891,4.466826449616036,4.466826449616036,65.40980198047984,96.44698270230765,122.90328025538447,69.99068514923083,118.62283991982434,106.74907367748987,86.11380107496117,69963.0,2023,12,7,3,4,341
2024-05-11,Nvidia,Energy,119.00280301095296,120.8242911092235,117.21798091356102,119.00280301095296,108596,936512724709.7769,25.137439113804454,1.4782727080624265,0.0447669942961235,0.6660685278821399,Stable,39,3,2,110.74455883169534,98.70906699950622,98.18204580297267,103.56660556642514,99.04207000146582,4.524535564959322,-0.034336822394906874,3.6063101956624735,3.6063101956624735,60.77324996862139,98.18204580297267,126.43360846694883,69.93048313899651,123.23427647524842,118.62283991982434,106.74907367748987,89749.0,2024,5,11,5,2,132
2024-09-21,Nvidia,Automotive,120.68204560191542,123.8190025936028,118.36880120064237,120.68204560191542,144270,157481798536.8345,38.41964475634639,1.0212337945608374,0.0417251415185222,0.782043365934423,Stable,39,1,2,117.6582077370862,102.3631090451725,99.7891886457543,106.19975018726979,100.64503115705467,5.554719030215111,0.014110949897607972,5.450201392960437,5.450201392960437,67.53967088979465,99.7891886457543,129.47752697364987,70.10085031785871,119.00280301095296,123.23427647524842,118.62283991982434,108596.0,2024,9,21,5,3,265
2022-01-08,Oracle,Technology,100.90131218884058,103.51242294952506,98.37995302094942,100.90131218884058,187337,300296315854.7106,5.445021149541273,2.8692062705225667,0.0437944930995853,0.6583012805682797,Stable,40,6,2,100.90131218884058,100.90131218884058,100.90131218884058,100.90131218884058,100.90131218884058,0.0,0.0,5.132469928575645,5.132469928575645,67.53967088979465,100.90131218884058,103.00859042678958,96.4890164750198,100.90131218884058,100.90131218884058,100.90131218884058,187337.0,2022,1,8,5,1,8
2022-01-12,Oracle,Finance,98.59629471296878,99.63912075985073,97.53323765500802,98.59629471296878,66023,799982240052.1952,35.77440309992434,4.3867780610263,0.0409428840692288,-0.0436821528883117,Bearish,40,4,0,99.74880345090469,99.74880345090469,99.74880345090469,100.54669411562952,100.73057015359082,-0.1838760379612978,-0.02284427651008014,2.105883104842704,2.105883104842704,67.04853670871272,99.74880345090469,103.00859042678958,96.4890164750198,100.90131218884058,100.90131218884058,100.90131218884058,187337.0,2022,1,12,2,1,12
2022-01-30,Oracle,Consumer Goods,98.91175064061927,100.6976539983186,97.12332322347244,98.91175064061927,179981,273029552865.57916,38.77954097444488,4.518787858875711,0.0215202138369616,-0.5163236091692938,Bullish,40,2,1,99.46978584747622,99.46978584747622,99.46978584747622,100.29516435024334,100.5958427822596,-0.3006784320162552,0.003199470411832772,3.5743307748461604,3.5743307748461604,64.38687107879001,99.46978584747622,101.96924887787895,96.97032281707348,98.59629471296878,100.90131218884058,100.90131218884058,66023.0,2022,1,30,6,1,30
2022-04-03,Oracle,Energy,92.85324737182056,95.213648176049,90.81858095957404,92.85324737182056,72662,900671728935.1493,22.03091817853136,3.769148502846093,0.0267939479074527,0.6587703002847491,Bullish,40,3,1,97.8156512285623,97.8156512285623,97.8156512285623,99.1502540458706,100.02231719630115,-0.8720631504305487,-0.06125160286376252,4.3950672164749705,4.3950672164749705,75.03696389814388,97.8156512285623,104.73977271508065,90.89152974204396,98.91175064061927,98.59629471296878,100.90131218884058,179981.0,2022,4,3,6,2,93
2022-07-22,Oracle,Consumer Goods,86.98084873337987,89.4682548522234,85.41896628422208,86.98084873337987,150689,520647941768.8532,12.959332355148264,2.777477120529301,0.0273744599256487,-0.0255759861561721,Stable,40,2,2,95.64869072952581,95.64869072952581,95.64869072952581,97.27803784394894,99.056282495344,-1.7782446513950703,-0.0632438692739018,4.049288568001316,4.049288568001316,66.22595625687552,95.64869072952581,107.04482822684207,84.25255323220955,92.85324737182056,98.91175064061927,98.59629471296878,72662.0,2022,7,22,4,3,203
2022-10-15,Oracle,Energy,105.17024875831522,106.99388670973109,102.84753618282804,105.17024875831522,113208,6077057678.20794,39.29238602490827,1.6651743590269918,0.0201454222205615,-0.559361802756065,Stable,40,3,2,96.50247804342075,97.23561706765737,97.23561706765737,98.49222413846682,99.50916888519373,-1.0169447467269066,0.20911959689759807,4.146350526903049,4.146350526903049,74.35610456008723,97.23561706765737,110.05504001683595,84.4161941184788,86.98084873337987,92.85324737182056,98.91175064061927,150689.0,2022,10,15,5,4,288
2023-02-08,Oracle,Automotive,109.44895950481046,111.44961577721216,106.69734361907295,109.44895950481046,91975,18844030585.841057,25.06722709723263,3.767973153728765,0.0248009809657126,-0.2805602761794608,Bearish,40,1,0,98.67301100178908,98.98038027296495,98.98038027296495,100.17787573328893,100.245449671832,-0.06757393854307736,0.04068366098788889,4.752272158139206,4.752272158139206,75.62416567402883,98.98038027296495,113.8862705835414,84.0744899623885,105.17024875831522,86.98084873337987,92.85324737182056,113208.0,2023,2,8,2,1,39
2023-07-26,Oracle,Consumer Goods,114.25286427613216,116.29721382816852,110.87244978978056,114.25286427613216,134665,986706287376.8044,12.997036136416977,4.458554326013729,0.0122166355376897,-0.5393615506342448,Bullish,40,2,1,101.74123372889167,100.88944077336086,100.88944077336086,102.34325858603404,101.2830359388172,1.0602226472168326,0.04389173540850844,5.424764038387963,5.424764038387963,77.41491725126149,100.88944077336086,118.41282956173704,83.36605198498468,109.44895950481046,105.17024875831522,86.98084873337987,91975.0,2023,7,26,2,3,207
2023-08-24,Oracle,Healthcare,113.92867280294485,116.96585547571378,111.47181232189271,113.92867280294485,178778,731098645396.0055,10.89179345716956,3.165363267497565,0.0392097333743147,0.8756515999701342,Bullish,40,5,1,105.95631881511652,102.33824433220353,102.33824433220353,104.12563000402032,102.21974978060443,1.9058802234158918,-0.0028374909919438585,5.4940431538210674,5.4940431538210674,77.93865362546252,102.33824433220353,120.8922372549186,83.78425140948846,114.25286427613216,109.44895950481046,105.17024875831522,134665.0,2023,8,24,3,3,236
2023-12-25,Oracle,Finance,124.87104720030274,126.8909254426842,121.51270682518285,124.87104720030274,114291,851323086591.9181,28.33990473549937,0.9536299379544732,0.0122846865348177,0.3084409240580259,Bullish,40,4,1,113.5343585085011,104.59152461901344,104.59152461901344,107.31723264960223,103.89762366354505,3.4196089860571846,0.09604583401304279,5.378218617501361,5.378218617501361,75.10582717894275,104.59152461901344,127.15457988233842,82.02846935568846,113.92867280294485,114.25286427613216,109.44895950481046,178778.0,2023,12,25,0,4,359
2024-01-06,Oracle,Technology,122.41604988473104,126.06953709852556,120.26880599011032,122.41604988473104,197820,312959514262.7472,6.178421237485545,2.613800707809349,0.0472679189472467,-0.4898131343352412,Bearish,40,6,0,116.98351873378427,106.7429983886025,106.21193600680596,109.64012760885282,105.26935893918846,4.370768669664358,-0.019660260489636983,5.800731108415235,5.800731108415235,67.84090795806807,106.21193600680596,130.1642755882441,82.25959642536782,124.87104720030274,113.92867280294485,114.25286427613216,114291.0,2024,1,6,5,1,6
2024-01-21,Oracle,Automotive,121.4861944002398,124.60576448586968,119.45861267638196,121.4861944002398,84674,341748934449.74634,15.148954163026316,2.5507419022816165,0.0390444503737854,0.8629579851933613,Bearish,40,1,0,119.39096571287011,109.0319883573296,107.48479087292544,111.46259942291236,106.47060601037745,4.99199341253491,-0.00759586251448896,5.147151809487724,5.147151809487724,64.45259230309489,107.48479087292544,131.96593377485755,83.00364797099336,122.41604988473104,124.87104720030274,113.92867280294485,197820.0,2024,1,21,6,1,21
2024-02-18,Oracle,Aerospace,117.57413403838396,119.67983981527378,114.51803157449044,117.57413403838396,150776,446905998846.4445,25.01332072625038,4.9426082399772335,0.0448526098898741,-0.3321950569468921,Bullish,40,0,1,120.05521966532046,110.89822669710607,108.26089419334532,112.4028355176003,107.29308956800756,5.109745949592735,-0.032201686629243165,5.161808240783344,5.161808240783344,64.78428703385464,108.26089419334532,132.358694623309,84.16309376338165,121.4861944002398,122.41604988473104,124.87104720030274,84674.0,2024,2,18,6,1,49
2024-05-01,Oracle,Healthcare,117.85440548569572,121.28183296291928,114.3192098427537,117.85440548569572,189639,825375566648.1526,30.3699774760256,1.4140056533524987,0.0168638546826076,-0.2984447539793757,Stable,40,5,2,120.84036620187067,113.39834250849358,108.9461449999418,113.24153858961498,108.07540926561408,5.166129324000892,0.0023837849166745695,6.962623120165588,6.962623120165588,63.972220317690564,108.9461449999418,132.65964945660335,85.23264054328023,117.57413403838396,121.4861944002398,122.41604988473104,150776.0,2024,5,1,2,2,122
2024-07-12,Oracle,Finance,118.61928349632493,120.7349099979196,115.55442216471162,118.61928349632493,176108,864795731748.2772,19.547476534006694,4.74949834123038,0.0454601010656761,-0.5213354269052828,Bearish,40,4,0,119.59001346107509,116.56218598478809,109.59102089970067,114.06888395987805,108.85643698640747,5.212446973470577,0.006490024768077474,5.180487833207977,5.180487833207977,64.42079512842389,109.59102089970067,132.98152623065684,86.20051556874449,117.85440548569572,117.57413403838396,121.4861944002398,189639.0,2024,7,12,4,3,194
2024-08-02,Oracle,Energy,124.6990165961539,128.2944213966257,121.42623622631174,124.6990165961539,183515,450674307987.3399,28.068981756433427,0.4936860344133292,0.0275459000098421,0.8252100537662208,Stable,40,3,2,120.04660680335967,118.51506276857197,110.53527063072899,115.70428898084356,110.02996140194425,5.674327578899309,0.051254171502539414,6.86818517031395,6.86818517031395,70.0153572281177,110.53527063072899,134.3618155016498,86.70872575980819,118.61928349632493,117.85440548569572,117.57413403838396,176108.0,2024,8,2,4,3,215
2022-01-03,Panasonic,Finance,99.8578277690303,101.5174973393084,98.10809682862678,99.8578277690303,181932,459529999028.996,10.728933051285551,2.221826746207572,0.0199908864978607,0.3991930660470564,Bullish,41,4,1,99.8578277690303,99.8578277690303,99.8578277690303,99.8578277690303,99.8578277690303,0.0,0.0,3.409400510681621,3.409400510681621,69.8695929059997,99.8578277690303,99.94688730804594,99.67135167147606,99.8578277690303,99.8578277690303,99.8578277690303,181932.0,2022,1,3,0,1,3
2022-01-20,Panasonic,Finance,99.76041121049172,101.8776287054613,98.14351046516764,99.76041121049172,153355,714345140590.0385,11.32081093613553,3.397749635669542,0.0227860822116825,0.3931228042880923,Bullish,41,4,1,99.809119489761,99.809119489761,99.809119489761,99.8428406061782,99.85061172765707,-0.007771121478867826,-0.0009755525502106455,3.734118240293668,3.734118240293668,76.93725525777452,99.809119489761,99.94688730804594,99.67135167147606,99.8578277690303,99.8578277690303,99.8578277690303,181932.0,2022,1,20,3,1,20
2022-01-25,Panasonic,Finance,100.136278524299,102.37077162119104,98.08364298991704,100.136278524299,199503,765590924785.1744,23.88446771734268,2.1375091566405584,0.0400011364856876,0.852616553842392,Bullish,41,4,1,99.91817250127367,99.91817250127367,99.91817250127367,99.88798490127371,99.87177223111203,0.01621267016167849,0.003767700125195006,4.287128631274001,4.287128631274001,85.55494598419484,99.91817250127367,100.30830157955069,99.52804342299666,99.76041121049172,99.8578277690303,99.8578277690303,153355.0,2022,1,25,1,1,25
2022-02-21,Panasonic,Technology,95.22069900893504,97.95875431647818,92.78108780996878,95.22069900893504,156530,962686669236.3198,28.014610947230807,1.763013029644291,0.0412385545457774,-0.2792119198917775,Stable,41,6,2,98.74380412818901,98.74380412818901,98.74380412818901,99.169940917837,99.52724828872856,-0.3573073708915615,-0.0490888975284931,5.1776665065093965,5.1776665065093965,68.5404609331009,98.74380412818901,103.45206541480381,94.03554284157421,100.136278524299,99.76041121049172,99.8578277690303,199503.0,2022,2,21,0,1,52
2022-06-15,Panasonic,Automotive,96.13435482743604,97.36700807575812,93.7845752860776,96.13435482743604,162859,637594348209.6974,34.56763027001075,3.1399669130204906,0.026308630826609,-0.2878138296671566,Bearish,41,1,0,98.22191426803843,98.22191426803843,98.22191426803843,98.70292767315993,99.27592284715134,-0.5729951739914014,0.009595138746201215,3.5824327896805244,3.5824327896805244,65.66333920696675,98.22191426803843,102.92012390361631,93.52370463246055,95.22069900893504,100.136278524299,99.76041121049172,156530.0,2022,6,15,2,2,166
2022-07-14,Panasonic,Technology,84.9548094912855,87.49182193951818,83.2447215597567,84.9548094912855,162547,530734867502.26526,11.40554054821545,4.706362241209258,0.0146912059120178,0.4235558899818989,Bullish,41,6,1,95.24131061248946,96.0107301385796,96.0107301385796,96.58783256825618,98.21509963560572,-1.6272670673495497,-0.11629084478923424,4.247100379761477,4.247100379761477,44.8380565606539,96.0107301385796,107.62979142289869,84.39166885426052,96.13435482743604,95.22069900893504,100.136278524299,162859.0,2022,7,14,3,3,195
2022-10-17,Panasonic,Technology,106.5243797010454,109.40051152037412,105.12148712030192,106.5243797010454,199783,49734798091.49992,9.543925713310117,1.9164211982110069,0.0132666910344038,-0.7952658308335814,Bullish,41,6,1,96.5941043106002,97.51268007607472,97.51268007607472,98.11653212714683,98.83060186267534,-0.7140697355285113,0.2538946333812033,4.279024400072203,4.279024400072203,63.53464088422128,97.51268007607472,110.76658725421404,84.25877289793539,84.9548094912855,96.13435482743604,95.22069900893504,162547.0,2022,10,17,0,4,290
2022-12-11,Panasonic,Aerospace,106.04262255786094,107.52260520824645,104.61145633958536,106.04262255786094,164692,174579721832.25922,36.62627455213783,1.2744112445744116,0.0395402351404207,-0.0237649131325301,Bearish,41,0,0,97.77537311731258,98.57892288629799,98.57892288629799,99.33593065494898,99.36482561787427,-0.02889496292529259,-0.0045225059703374315,2.911148868661087,2.911148868661087,55.57199821640024,98.57892288629799,112.25192051206407,84.9059252605319,106.5243797010454,84.9548094912855,96.13435482743604,199783.0,2022,12,11,6,4,345
2022-12-13,Panasonic,Healthcare,105.81382087844516,107.30320550285388,104.73489193340008,105.81382087844516,123523,947350590368.0815,33.2588610618983,0.383179032376244,0.0147824799100822,-0.8015408078107065,Bullish,41,5,1,99.8939974912146,99.38280044098101,99.38280044098101,100.33252915087148,99.84252897050916,0.4900001803623155,-0.0021576388238695454,2.5683135694538066,2.5683135694538066,57.963580483633976,99.38280044098101,113.05195895532134,85.71364192664069,106.04262255786094,106.5243797010454,84.9548094912855,164692.0,2022,12,13,1,4,347
2023-03-20,Panasonic,Energy,112.85840379930092,115.25780267898794,110.92295403185462,112.85840379930092,132745,73343855874.19516,13.359983114067468,0.0668384162969781,0.0116785629377453,-0.4905025853265623,Bearish,41,3,0,103.23880728558758,100.730360776813,100.730360776813,102.25958678909139,100.80666784671595,1.4529189423754332,0.06657526268660408,4.334848647133327,4.334848647133327,64.0148302947225,100.730360776813,116.18099163432547,85.27972991930054,105.81382087844516,106.04262255786094,106.5243797010454,123523.0,2023,3,20,0,1,79
2023-03-23,Panasonic,Aerospace,112.93940397363838,114.64928788161816,111.32729086719986,112.93940397363838,61338,83426025905.98085,21.553997113342856,0.0775416531329609,0.0146591139869334,0.0431019678219342,Bearish,41,0,0,108.83572618205817,102.0385183972738,101.84027379470622,103.902635586714,101.7053890413028,2.197246545411204,0.0007177150447874592,3.321997014418301,3.321997014418301,68.70529895156253,101.84027379470622,118.24313020529256,85.43741738411988,112.85840379930092,105.81382087844516,106.04262255786094,132745.0,2023,3,23,3,1,82
2023-05-25,Panasonic,Consumer Goods,118.32954212146242,120.89103936285184,115.89413277312774,118.32954212146242,138092,514481871940.91626,9.860496423878097,4.307568536134468,0.0278154610391148,-0.5737157613721267,Bullish,41,2,1,111.19675866614156,103.89543148837087,103.21437948860256,106.12215966898299,102.93680778798128,3.185351881001708,0.047725930527154015,4.996906589724105,4.996906589724105,71.4100506223609,103.21437948860256,121.52356465017024,84.90519432703488,112.93940397363838,112.85840379930092,105.81382087844516,61338.0,2023,5,25,3,2,145
2023-07-27,Panasonic,Energy,115.07764170780078,117.80860513266217,113.84021213363204,115.07764170780078,155787,123847837721.09708,39.21082412966288,4.245895027508521,0.0232458595665659,-0.7871764741943108,Bearish,41,3,0,113.00376249612953,105.38956780672106,104.12693812084859,107.49992613649343,103.83612881907902,3.6637973174144065,-0.02748172903706203,3.9683929990301294,3.9683929990301294,67.28591396434479,104.12693812084859,122.85110509527229,85.4027711464249,118.32954212146242,112.93940397363838,112.85840379930092,138092.0,2023,7,27,3,3,208
2023-08-11,Panasonic,Automotive,114.33663537911792,116.53074575028748,111.37934237077155,114.33663537911792,186785,973124650322.276,21.590224996910457,2.011674776186664,0.0347011646024924,-0.9945837003590958,Bullish,41,1,1,114.70832539626409,107.30116144373935,104.85620221072497,108.55172755843566,104.61394411982265,3.9377834386130104,-0.006439185906888745,5.151403379515926,5.151403379515926,62.86528897829191,104.85620221072497,123.655348174836,86.05705624661394,115.07764170780078,118.32954212146242,112.93940397363838,155787.0,2023,8,11,4,3,223
2023-08-12,Panasonic,Automotive,115.52802563781042,117.49165603507848,112.5235701293532,115.52802563781042,106178,580532117465.7726,20.544469960801308,1.952968037908911,0.0183113368384676,0.6998929918903769,Stable,41,1,2,115.24224976396599,109.24052852477678,105.567657105864,109.62500418603179,105.42239460263656,4.20260958339523,0.010420022023055697,4.968085905725275,4.968085905725275,63.63521988713121,105.567657105864,124.5026657514275,86.6326484603005,114.33663537911792,115.07764170780078,118.32954212146242,186785.0,2023,8,12,5,3,224
2023-09-18,Panasonic,Healthcare,120.4244770297974,121.91961801659242,118.30973319376454,120.4244770297974,171288,866572228860.1178,10.179445157804215,2.898630785486124,0.0104431421037723,-0.8170249632250826,Bullish,41,5,1,116.73926437519779,112.78749527862797,106.49620835110983,111.28646154661111,106.53365996761144,4.752801578999666,0.042383234413939874,3.6098848228278797,3.6098848228278797,66.59464508706785,106.49620835110983,126.23990414183687,86.75251256038278,115.52802563781042,114.33663537911792,115.07764170780078,106178.0,2023,9,18,0,3,261
2023-09-29,Panasonic,Aerospace,119.90978872029407,123.3429618061365,118.5452615519904,119.90978872029407,188311,878013267882.2863,24.22628677911109,3.195160794574604,0.0475465925317348,0.7324657405353407,Bullish,41,0,1,117.05531369496411,114.12603618055284,107.28524249047362,112.61312726563925,107.52448431966201,5.0886429459772415,-0.004273950962444095,4.797700254146108,4.797700254146108,65.8441416327619,107.28524249047362,127.47893629891341,87.09154868203383,120.4244770297974,115.52802563781042,114.33663537911792,171288.0,2023,9,29,4,3,272
2024-01-02,Panasonic,Energy,121.37400052926492,122.7884131168042,119.3849328032282,121.37400052926492,78699,869390365026.4015,25.414012235964044,2.8127760063652367,0.046469035076511,0.3619065828071524,Stable,41,3,2,118.31458545925696,115.65917397769324,108.06795127040647,113.96095392158166,108.55037440926222,5.410579512319444,0.01221094478271767,3.4034803135759972,3.4034803135759972,72.18310288797798,108.06795127040647,128.75387593643381,87.38202660437912,119.90978872029407,120.4244770297974,115.52802563781042,188311.0,2024,1,2,1,1,2
2024-03-08,Panasonic,Finance,116.70572274495228,118.87206891370673,114.0683818008182,116.70572274495228,66389,737443044782.2358,28.66378809950439,3.0497077929802585,0.047742965761407,0.0508902527243591,Bullish,41,4,1,118.78840293242384,116.74836416434395,108.52257082169835,114.38322604825407,109.15447428598,5.228751762274072,-0.03846192565093087,4.803687112888525,4.803687112888525,66.40373052807054,108.52257082169835,129.012627940164,88.03251370323271,121.37400052926492,119.90978872029407,120.4244770297974,78699.0,2024,3,8,4,1,68
2024-06-24,Panasonic,Energy,116.1309966382916,118.68271324871944,113.64421704555863,116.1309966382916,114484,790547398124.288,14.668306374130358,1.2472910214661614,0.0209802669402831,-0.0659642669565165,Bullish,41,3,1,118.90899713252006,117.07562344824301,108.902992112528,114.65211383133678,109.67125371948457,4.980860111852209,-0.004924575189142022,5.038496203160804,5.038496203160804,79.92042529278268,108.902992112528,129.13472705630386,88.67125716875215,116.70572274495228,121.37400052926492,119.90978872029407,66389.0,2024,6,24,0,2,176
2024-09-10,Panasonic,Healthcare,125.39653959669464,127.78180570661118,122.6785971865701,125.39653959669464,176161,959866691557.853,11.22608434171582,0.7801790566998845,0.0278181171893715,-0.2783873772439948,Bullish,41,5,1,119.9034096458995,118.32133701054866,110.17992770391122,116.3051024106226,110.83608971038902,5.469012700233577,0.0797852703121289,5.103208520041079,5.103208520041079,73.71203501406342,110.17992770391122,131.21571445430376,89.14414095351867,116.1309966382916,116.70572274495228,121.37400052926492,114484.0,2024,9,10,1,3,254
2024-09-23,Panasonic,Consumer Goods,122.30237559798351,124.73148841314452,120.18241599861848,122.30237559798351,69097,111697154217.62724,22.945208673441982,3.395995756005847,0.0174384603022967,0.4299056471035543,Bullish,41,2,1,120.3819270214374,118.71862035820075,111.3070259232858,117.22775982406273,111.6854442205812,5.542315603481526,-0.024675034962389653,4.549072414526037,4.549072414526037,69.17112525515726,111.3070259232858,132.40766672699235,90.20638511957927,125.39653959669464,116.1309966382916,116.70572274495228,176161.0,2024,9,23,0,3,267
2022-01-26,PayPal,Healthcare,100.88273944558335,103.2856681730948,99.45685892570148,100.88273944558335,180523,103878497851.9842,30.47815118557601,1.631692154659936,0.0312664409505793,0.2383360884861167,Bearish,42,5,0,100.88273944558335,100.88273944558335,100.88273944558335,100.88273944558335,100.88273944558335,0.0,0.0,3.8288092473933233,3.8288092473933233,69.5463549810912,100.88273944558335,108.42971063204425,85.08061705914395,100.88273944558335,100.88273944558335,100.88273944558335,180523.0,2022,1,26,2,1,26
2022-04-06,PayPal,Healthcare,92.62758824560484,94.42009685985568,91.56571800293086,92.62758824560484,163569,822761292035.7622,5.802648394381471,2.58798150657761,0.0410516191006379,0.1071170653247159,Bearish,42,5,0,96.7551638455941,96.7551638455941,96.7551638455941,99.6127161840482,100.27124676410347,-0.6585305800552703,-0.08182917360636688,2.8543788569248107,2.8543788569248107,51.369967293181176,96.7551638455941,108.42971063204425,85.08061705914395,100.88273944558335,100.88273944558335,100.88273944558335,180523.0,2022,4,6,2,2,96
2022-04-29,PayPal,Technology,90.29381391228344,91.76248976846412,87.7629456082163,90.29381391228344,157059,185186549758.28424,11.238836341662456,0.2594764975920544,0.0268001629632562,-0.5617478706583983,Bearish,42,6,0,94.60138053449054,94.60138053449054,94.60138053449054,98.17903891146901,99.53217766396865,-1.353138752499646,-0.025195240181935086,3.9995441602478223,3.9995441602478223,48.65697229770455,94.60138053449054,105.72850558765522,83.47425548132587,92.62758824560484,100.88273944558335,100.88273944558335,163569.0,2022,4,29,4,2,119
2022-08-09,PayPal,Aerospace,88.27588480582962,89.3823572302673,86.56353667271142,88.27588480582962,183121,398889096591.6599,8.917757445753562,3.478987388277224,0.0412367742554436,-0.2243314608578113,Stable,42,0,2,93.02000660232531,93.02000660232531,93.02000660232531,96.65547674137065,98.69837819299539,-2.0429014516247435,-0.022348475704151216,2.818820557555881,2.818820557555881,39.78686809212773,93.02000660232531,104.09041027664921,81.94960292800141,90.29381391228344,92.62758824560484,100.88273944558335,157059.0,2022,8,9,1,3,221
2022-10-05,PayPal,Healthcare,101.06645412321846,104.01000642503897,98.17697421666988,101.06645412321846,95714,273686415481.45865,34.990587762628294,1.7798551624419718,0.0440637727721687,-0.4695829260063417,Stable,42,5,2,94.62929610650394,94.62929610650394,94.62929610650394,97.33408864627032,98.87379122486378,-1.539702578593463,0.1448931307289958,5.83303220836909,5.83303220836909,57.14992405700014,94.62929610650394,106.6172747642908,82.64131744871709,88.27588480582962,90.29381391228344,92.62758824560484,183121.0,2022,10,5,2,4,278
2022-10-29,PayPal,Technology,109.47930549613775,112.24097671614912,106.86346367877654,109.47930549613775,153746,544235129089.40186,31.585384354012117,3.998593819824306,0.0469701709841246,0.4923592771045446,Stable,42,6,2,96.34860931661483,97.10429767144291,97.10429767144291,99.20258354624991,99.65938487458777,-0.45680132833786047,0.08324078890372943,5.37751303737258,5.37751303737258,63.92264796697103,97.10429767144291,113.29023266928752,80.9183626735983,101.06645412321846,88.27588480582962,90.29381391228344,95714.0,2022,10,29,5,4,302
2022-11-14,PayPal,Technology,110.56126074796596,111.7340494486608,107.84881462958708,110.56126074796596,60647,466004538761.2136,11.694114627010537,2.500400591357913,0.0429442568319275,-0.5819259252281554,Stable,42,6,2,99.93534381708704,99.02672096808907,99.02672096808907,100.95007234651392,100.46693123557874,0.4831411109351791,0.009882737627216365,3.885234819073716,3.885234819073716,63.85614795371949,99.02672096808907,116.9655148817566,81.08792705442153,109.47930549613775,101.06645412321846,88.27588480582962,153746.0,2022,11,14,0,4,318
2023-04-02,PayPal,Energy,106.20623947128568,107.69755172631749,104.05999743692232,106.20623947128568,133042,951598424380.9716,34.53736144141034,2.252392857352977,0.0447975133159075,0.8716522668056457,Bearish,42,3,0,103.1178289288875,99.92416078098864,99.92416078098864,101.75871344263265,100.89206517896444,0.8666482636682105,-0.03939011953389282,3.637554289395169,3.637554289395169,56.12063385767214,99.92416078098864,117.29084137197054,82.55748019000674,110.56126074796596,109.47930549613775,101.06645412321846,60647.0,2023,4,2,6,2,92
2023-04-05,PayPal,Technology,105.52629609398872,106.95028606722268,102.6894974640264,105.52629609398872,87841,595181860739.5592,20.348847098810243,1.157742179825244,0.0309465366421844,0.1238705070393266,Bearish,42,6,0,106.56791118651931,100.54662026021087,100.54662026021087,102.33834154284128,101.2353415430403,1.1029999998009714,-0.00640210387526996,4.260788603196275,4.260788603196275,55.96342802963716,100.54662026021087,117.21544758319281,83.87779293722893,106.20623947128568,110.56126074796596,109.47930549613775,133042.0,2023,4,5,2,2,95
2023-06-09,PayPal,Energy,119.83092327314728,123.29892672401672,118.43671005630316,119.83092327314728,190507,776224206828.394,36.854712287374696,1.1252093808543606,0.02495232435468,0.336006501486028,Stable,42,3,2,110.32080501650508,102.4750505615045,102.4750505615045,105.02950796288835,102.61279204156673,2.416715921321611,0.13555509582576364,4.862216667713568,4.862216667713568,63.83496070176435,102.4750505615045,122.36804784499378,82.58205327801522,105.52629609398872,106.20623947128568,110.56126074796596,87841.0,2023,6,9,4,2,160
2023-07-16,PayPal,Consumer Goods,110.26499733301333,111.44320335861248,107.89263643967524,110.26499733301333,61023,605932619487.2379,25.859609476421863,4.515468639382691,0.0166429940933405,0.100702557677502,Stable,42,2,2,110.47794338388022,103.4132763502475,103.18322754073257,105.8349678659845,103.17962206315536,2.6553458028291317,-0.07982852571642973,3.5505669189372355,3.5505669189372355,59.760514077533884,103.18322754073257,122.63123131286301,83.73522376860214,119.83092327314728,105.52629609398872,106.20623947128568,190507.0,2023,7,16,6,3,197
2023-10-22,PayPal,Finance,120.35035358543566,122.73436521861431,117.3930060945497,120.35035358543566,128587,847320194011.2017,26.074094487417284,4.4229164646059385,0.0377606965642296,-0.1107446841721906,Stable,42,4,2,112.43576195137413,106.18555288423059,104.61382137779117,108.06810413051544,104.4515281018428,3.6165760286726396,0.09146471225100883,5.34135912406461,5.34135912406461,64.86442326761028,104.61382137779117,125.63946077974006,83.58818197584228,110.26499733301333,119.83092327314728,105.52629609398872,61023.0,2023,10,22,6,4,295
2023-10-23,PayPal,Energy,119.73531880841504,121.02140064204676,116.58677685321048,119.73531880841504,56949,914322279435.5184,25.699236579787083,0.6261027975841571,0.0173100466394974,-0.945837732659898,Bullish,42,3,1,115.14157781879999,109.12970337384374,105.77701348783916,109.86306023480768,105.58366074677407,4.279399488033604,-0.005110369506176826,4.4346237888362765,4.4346237888362765,60.154625314181004,105.77701348783916,127.58514375125324,83.96888322442507,120.35035358543566,110.26499733301333,119.83092327314728,128587.0,2023,10,23,0,4,296
2023-12-03,PayPal,Finance,119.83273632027212,122.51768141443694,116.94092348777394,119.83273632027212,153081,186043218100.86224,29.501199547023653,3.88401666069944,0.0331591058621658,-0.7418276097150764,Bearish,42,4,0,118.00286586405669,112.285388525288,106.78099369015581,111.39685655564836,106.63914782629244,4.757708729355912,0.0008136071530653322,5.576757926662992,5.576757926662992,62.70182679863634,106.78099369015581,129.03985753321342,84.5221298470982,119.73531880841504,120.35035358543566,110.26499733301333,56949.0,2023,12,3,6,4,337
2024-02-23,PayPal,Energy,115.5619066575636,117.8797157840221,114.33446095165796,115.5619066575636,67260,635325085545.4421,37.77124038892049,2.944665374727821,0.0441331686623515,0.0280467397530195,Bullish,42,3,1,117.14906254093997,113.7349337787225,107.36638788798298,112.03763349440456,107.30009292490513,4.73754056949943,-0.035639924396736244,3.5452548323641366,3.5452548323641366,59.30635207897273,107.36638788798298,129.28962703008136,85.4431487458846,119.83273632027212,119.73531880841504,120.35035358543566,153081.0,2024,2,23,4,1,54
2024-03-16,PayPal,Energy,119.64548516595568,122.2869557608054,116.934636334998,119.64548516595568,103441,608877926247.1315,18.479204196587503,3.802121558412359,0.0358734891570552,-0.1185219178314729,Stable,42,3,2,119.02516010752842,114.75155174570429,108.13383146785628,113.20807221310473,108.21456642424221,4.993505788862521,0.03533671801117522,5.352319425807394,5.352319425807394,68.08552396043281,108.13383146785628,130.18560186556672,86.08206107014584,115.5619066575636,119.83273632027212,119.73531880841504,67260.0,2024,3,16,5,1,76
2024-04-03,PayPal,Energy,117.86711768239785,120.92446755708396,116.18616310523204,117.86711768239785,70618,567008786809.2472,6.257853622254367,4.264909976652957,0.047299556943592,0.5537874964097453,Bearish,42,3,0,118.52851292692085,115.48213743914748,108.70637771577049,113.92484843914983,108.92957022114263,4.995278218007201,-0.01486364053847189,4.738304451851917,4.738304451851917,68.59557884079575,108.70637771577049,130.57368362154676,86.83907180999421,119.64548516595568,115.5619066575636,119.83273632027212,103441.0,2024,4,3,2,2,94
2024-04-15,PayPal,Consumer Goods,115.15206086459612,118.5768728424098,113.80171778055534,115.15206086459612,166748,323205449868.5688,28.34033311928226,3.47812326177029,0.0128366383795191,-0.580163908503897,Bullish,42,2,1,117.61186133815707,116.37671957847854,109.06447122403858,114.11365035075694,109.39049545399104,4.723154896765905,-0.023034896171107322,4.775155061854463,4.775155061854463,67.95658775097532,109.06447122403858,130.49537219200758,87.63357025606959,117.86711768239785,119.64548516595568,115.5619066575636,70618.0,2024,4,15,0,2,106
2024-09-05,PayPal,Energy,125.00743530954902,126.34430520561102,122.0384795345684,125.00743530954902,63224,667683047648.382,18.194493967419803,4.4794209059632975,0.0342370478165698,-0.3882103734769602,Stable,42,3,2,118.64680113601244,118.32483350003456,109.90357459696018,115.78961726749418,110.54730581366199,5.242311453832187,0.0855857408973475,4.305825671042626,4.305825671042626,66.64849447323854,109.90357459696018,131.9779702885183,87.82917890540207,115.15206086459612,117.86711768239785,119.64548516595568,166748.0,2024,9,5,3,3,249
2022-03-21,Pfizer,Healthcare,95.86479731337988,98.15634264056222,94.05217975444845,95.86479731337988,183767,566210843346.5939,11.243040450756544,4.090133745693465,0.0152961845398581,0.0040163954783642,Bearish,43,5,0,95.86479731337988,95.86479731337988,95.86479731337988,95.86479731337988,95.86479731337988,0.0,0.0,4.10416288611377,4.10416288611377,62.22909080252271,95.86479731337988,99.03712444321802,89.22246354570159,95.86479731337988,95.86479731337988,95.86479731337988,183767.0,2022,3,21,0,1,80
2022-09-07,Pfizer,Aerospace,92.39479067553972,93.98725186141677,90.63315371445016,92.39479067553972,162296,837987909547.9622,20.43752553877743,4.698257556467541,0.0498763687435742,-0.1953859172352561,Bullish,43,0,1,94.1297939944598,94.1297939944598,94.1297939944598,95.33095013832755,95.60775978465098,-0.27680964632342864,-0.036196880764236994,3.3540981469666065,3.3540981469666065,58.330862507198596,94.1297939944598,99.03712444321802,89.22246354570159,95.86479731337988,95.86479731337988,95.86479731337988,183767.0,2022,9,7,2,3,250
2023-05-09,Pfizer,Technology,118.01594821482124,120.68461025704826,116.42940932882205,118.01594821482124,61174,493783569937.01575,28.28522356923193,1.9537757616481852,0.0146583572192685,0.4257647386894729,Bearish,43,6,0,102.09184540124694,102.09184540124694,102.09184540124694,98.82094984240351,97.26762559429322,1.553324248110286,0.2773008884153938,4.255200928226216,4.255200928226216,73.49729693601248,102.09184540124694,129.89062410317032,74.29306669932356,92.39479067553972,95.86479731337988,95.86479731337988,162296.0,2023,5,9,1,2,129
2023-06-26,Pfizer,Healthcare,122.87539119795504,124.37962807617572,120.90718843156448,122.87539119795504,179695,399646900190.974,31.57728590134145,2.319950657322125,0.0308179761666114,-0.7129104881124642,Bearish,43,5,0,107.28773185042397,107.28773185042397,107.28773185042397,102.52163312787297,99.1644971204904,3.3571360073825787,0.04117615505904593,3.472439644611242,3.472439644611242,75.454788348053,107.28773185042397,138.06332565616884,76.51213804467909,118.01594821482124,92.39479067553972,95.86479731337988,61174.0,2023,6,26,0,2,177
2024-04-20,Pfizer,Energy,116.97315612901473,119.92529488283284,114.29117489158234,116.97315612901473,143070,573468387501.9185,29.081555534260485,3.257578416644462,0.0351851337975437,-0.9038420630270996,Bullish,43,3,1,109.22481670614211,109.22481670614211,109.22481670614211,104.74494435881786,100.48365704704776,4.261287311770104,-0.0480343135545479,5.6341199912505004,5.6341199912505004,65.8495775677009,109.22481670614211,137.24978477636841,81.1998486359158,122.87539119795504,118.01594821482124,92.39479067553972,179695.0,2024,4,20,5,2,111
2024-06-23,Pfizer,Automotive,116.2102482245392,118.80595957163204,114.02598225280796,116.2102482245392,94028,419162041002.31134,16.030146369639365,4.3248130255760096,0.0400104317634926,-0.9863185037032728,Bearish,43,1,0,113.29390688837398,110.38905529254163,110.38905529254163,106.50883726123652,101.64858972686194,4.8602475343745795,-0.006522076771478091,4.779977318824081,4.779977318824081,73.6706827430942,110.38905529254163,136.09605636102955,84.6820542240537,116.97315612901473,122.87539119795504,118.01594821482124,143070.0,2024,6,23,6,2,175
2024-07-31,Pfizer,Aerospace,124.28591075944078,126.2561131248758,120.8976750514658,124.28591075944078,126077,495956651357.5208,23.45314312638694,1.2696888596184808,0.0189569835118635,-0.9076070335967424,Bullish,43,0,1,119.6721309051542,112.37432035924152,112.37432035924152,109.24377164557563,103.32542832186779,5.918343323707845,0.06949182759938655,5.3584380734099994,5.3584380734099994,72.93685924838047,112.37432035924152,138.0854856393492,86.66315507913383,116.2102482245392,116.97315612901473,122.87539119795504,94028.0,2024,7,31,2,3,213
2024-08-03,Pfizer,Finance,125.433303774411,128.47162330924775,123.73042175250671,125.433303774411,123319,227737729670.9988,8.811265989336368,0.3783055195205542,0.0490998503283557,-0.6452972766805143,Bearish,43,4,0,121.15560201707214,114.0066932861377,114.0066932861377,111.7344688961657,104.96304872575989,6.771420170405804,0.009231883227625248,4.741201556741032,4.741201556741032,73.98189447933726,114.0066932861377,139.53892442304146,88.47446214923394,124.28591075944078,116.2102482245392,116.97315612901473,126077.0,2024,8,3,5,3,216
2024-09-22,Pfizer,Energy,121.42860751343484,123.69398340675625,119.42549549869952,121.42860751343484,54757,44691890254.08952,22.313631635694914,0.083781522461912,0.0188203514854659,0.6272176267347118,Stable,43,3,2,120.86624528016812,114.83135042250404,114.83135042250404,113.22587483728402,106.18271974706914,7.043155090214881,-0.03192689772549173,4.268487908056727,4.268487908056727,70.07826962411465,114.83135042250404,139.221719661343,90.4409811836651,125.433303774411,124.28591075944078,116.2102482245392,123319.0,2024,9,22,6,3,266
2022-06-12,Porsche,Consumer Goods,99.67673100410084,101.96775836251037,98.30222175013498,99.67673100410084,117172,639310435948.9276,39.11921284733892,4.676485492726638,0.031896593615189,-0.5860127975098837,Bullish,44,2,1,99.67673100410084,99.67673100410084,99.67673100410084,99.67673100410084,99.67673100410084,0.0,0.0,3.6655366123753907,3.6655366123753907,74.21924107866005,99.67673100410084,115.20605967194632,92.26004398350887,99.67673100410084,99.67673100410084,99.67673100410084,117172.0,2022,6,12,6,2,163
2022-10-20,Porsche,Healthcare,107.78937265135436,110.6619566321148,104.5828436970698,107.78937265135436,181373,110359391194.39944,6.027745568583731,3.9338475167856366,0.0151109861115996,0.4868703479123888,Bullish,44,5,1,103.73305182772759,103.73305182772759,103.73305182772759,100.92482971906293,100.27766742241592,0.6471622966470107,0.081389523568141,6.079112935044989,6.079112935044989,75.58051994575766,103.73305182772759,115.20605967194632,92.26004398350887,99.67673100410084,99.67673100410084,99.67673100410084,117172.0,2022,10,20,3,4,293
2022-11-21,Porsche,Energy,110.1344509225238,111.971085871966,108.36445327286714,110.1344509225238,120031,556625553304.7173,13.889120610020866,0.1415563720133389,0.019029108953565,0.6945388199254476,Bearish,44,3,0,105.866851525993,105.866851525993,105.866851525993,102.34169451959536,101.007799533535,1.3338949860603577,0.021756117634663452,3.606632599098859,3.606632599098859,78.07396874428264,105.866851525993,116.84192183668179,94.8917812153042,107.78937265135436,99.67673100410084,99.67673100410084,181373.0,2022,11,21,0,4,325
2022-12-10,Porsche,Energy,105.40379227150368,108.01558408447222,103.66084411342548,105.40379227150368,53051,789018174888.8735,31.573705657129494,2.766900939328738,0.0245868270493734,-0.1094519504705908,Stable,44,3,2,105.75108671237066,105.75108671237066,105.75108671237066,102.81278648142741,101.3334286252364,1.4793578561910152,-0.042953486501221994,4.35473997104674,4.35473997104674,76.07914670862206,105.75108671237066,114.72415025961452,96.77802316512681,110.1344509225238,107.78937265135436,99.67673100410084,120031.0,2022,12,10,5,4,344
2022-12-16,Porsche,Aerospace,108.39685816234731,111.12605008496402,106.1166825877764,108.39685816234731,133613,708863432598.0267,27.77689916455616,1.080300581223832,0.0421638267853437,-0.5696887567518889,Stable,44,0,2,106.28024100236601,106.28024100236601,106.28024100236601,103.67187443233817,101.85664562798536,1.815228804352813,0.02839618790122822,5.009367497187625,5.009367497187625,73.80004364289772,106.28024100236601,114.40347849240449,98.15700351232753,105.40379227150368,110.1344509225238,107.78937265135436,53051.0,2022,12,16,4,4,350
2023-01-08,Porsche,Finance,114.42672144565375,115.65241962581324,111.23734701319712,114.42672144565375,161488,826094845034.0967,26.747057403873534,1.9240180861055165,0.0119236924164814,0.1861123799347153,Stable,44,4,2,109.23023909067658,107.63798774291395,107.63798774291395,105.32646628054056,102.78776235522005,2.5387039253205046,0.05562765734663122,4.415072612616115,4.415072612616115,75.8240336505647,107.63798774291395,117.48852168432543,97.78745380150247,108.39685816234731,105.40379227150368,110.1344509225238,133613.0,2023,1,8,6,1,8
2023-02-07,Porsche,Energy,108.41346507421063,109.81962549670496,105.63534904956764,108.41346507421063,59823,530824039334.52783,32.6206296306056,2.05932370208748,0.0222895584739088,-0.0662438017537911,Bullish,44,3,1,109.35505757524784,107.74877021881348,107.74877021881348,105.80138917187442,103.20448107514528,2.5969080967291376,-0.05255115497038054,4.1842764471373215,4.1842764471373215,73.43142699523382,107.74877021881348,116.76012340821535,98.7374170294116,114.42672144565375,108.39685816234731,105.40379227150368,161488.0,2023,2,7,1,1,38
2023-03-29,Porsche,Automotive,106.17114724146616,107.85447283504718,104.4934414870807,106.17114724146616,88756,693500746881.8583,23.79526209229754,3.7154076981569006,0.0159344134915806,-0.9058832410799622,Stable,44,1,2,108.56239683903632,107.55156734664507,107.55156734664507,105.85827502873468,103.42423412450239,2.4340409042322904,-0.020683019689570648,3.361031347966474,3.361031347966474,58.65712219045561,107.55156734664507,115.96871012391091,99.13442456937923,108.41346507421063,114.42672144565375,108.39685816234731,59823.0,2023,3,29,2,1,88
2023-04-10,Porsche,Healthcare,104.30985501872031,106.03889894021697,101.5095602055488,104.30985501872031,121180,947403112168.4076,33.58387614077513,3.646173714568215,0.0226004148950692,0.9733752232340482,Bullish,44,5,1,108.34360938847962,107.19137708798677,107.19137708798677,105.62005656565555,103.48983567222224,2.130220893433304,-0.017531055009819996,4.529338734668173,4.529338734668173,52.93828615890418,107.19137708798677,115.35610542234258,99.02664875363095,106.17114724146616,108.41346507421063,114.42672144565375,88756.0,2023,4,10,0,2,100
2023-09-03,Porsche,Energy,112.38835038279356,115.14561979285791,110.76786212682345,112.38835038279356,155570,831046314150.3638,34.074097868202685,1.8121566130791456,0.0248848086096679,-0.4577154932388239,Bearish,44,3,0,109.14190783256888,107.71107441746744,107.71107441746744,106.66133253752294,104.14898491004234,2.512347627480594,0.07744709608333178,4.377757666034469,4.377757666034469,65.21975507493559,107.71107441746744,116.08121329410389,99.340935540831,104.30985501872031,106.17114724146616,108.41346507421063,121180.0,2023,9,3,6,3,246
2024-01-10,Porsche,Consumer Goods,120.59668764858696,123.00052987608689,118.2512357655132,120.59668764858696,186198,257626963798.0691,11.574499838822094,3.435195752912403,0.025437580437477,-0.5746714269773143,Bearish,44,2,0,110.37590107315552,109.80307008191605,108.88249380211468,108.80523332384048,105.36733326104566,3.4379000627948244,0.07303548132734305,4.749294110573686,4.749294110573686,70.47085409527263,108.88249380211468,119.9924501846017,97.77253741962767,112.38835038279356,104.30985501872031,106.17114724146616,155570.0,2024,1,10,2,1,10
2024-01-14,Porsche,Consumer Goods,119.63975578142528,123.2159295930942,118.1307463562499,119.63975578142528,134717,275265713746.12524,33.75011970749077,0.6161628785816242,0.0160754468934652,0.6500706382856001,Bullish,44,2,1,112.62115921459845,110.98810839492315,109.77893230039057,110.47208293269968,106.42454974403674,4.047533188662939,-0.00793497637306706,5.085183236844301,5.085183236844301,65.07802085787532,109.77893230039057,122.05830581963579,97.49955878114534,120.59668764858696,112.38835038279356,104.30985501872031,186198.0,2024,1,14,6,1,14
2024-03-20,Porsche,Automotive,122.4882909241452,125.76899855008594,118.8638062553038,122.4882909241452,96514,118531379445.08508,27.204845085030428,1.8790250792304315,0.0443871834032133,0.3738828700070207,Bullish,44,1,1,115.88458795113426,112.22349239508529,110.7565752714486,112.32073031599899,107.61445649811886,4.706273817880131,0.02380926911890424,6.90519229478214,6.90519229478214,66.09483004866061,110.7565752714486,124.46491665022445,97.04823389267274,119.63975578142528,120.59668764858696,112.38835038279356,134717.0,2024,3,20,2,1,80
2024-04-07,Porsche,Energy,118.59294596048407,121.571505620587,116.64114628320604,118.59294596048407,70128,540192886141.18286,30.798379265121795,3.768670352140023,0.0382254158547592,0.3456633798408601,Bearish,44,3,0,118.741206139487,113.54240776398333,111.31631603495113,113.28568656899668,108.42767793977555,4.858008629221132,-0.03180177414732199,4.930359337380963,4.930359337380963,66.21876821095378,111.31631603495113,125.13690535261638,97.49572671728588,122.4882909241452,119.63975578142528,120.59668764858696,96514.0,2024,4,7,6,2,98
2024-04-22,Porsche,Energy,116.67037660819996,119.87909428946212,114.20361529636294,116.67037660819996,147829,575588187146.1283,36.88740459685843,2.782281029127282,0.0152915179060415,-0.9707057454550264,Stable,44,3,2,119.5976113845683,114.36975960856857,111.67325340650106,113.8064081134895,109.03824821151069,4.768159901978805,-0.01621149838814806,5.675478993099176,5.675478993099176,64.10532895293998,111.67325340650106,125.27507198079958,98.07143483220254,118.59294596048407,122.4882909241452,119.63975578142528,70128.0,2024,4,22,0,2,113
2022-07-27,Raytheon,Automotive,85.86812132479463,86.90780727378598,83.72120569966417,85.86812132479463,89384,990350972028.4352,26.45150563016822,0.37021108956174,0.0357944489125992,-0.7272593450648683,Bearish,45,1,0,85.86812132479463,85.86812132479463,85.86812132479463,85.86812132479463,85.86812132479463,0.0,0.0,3.186601574121809,3.186601574121809,58.518826640488186,85.86812132479463,88.98058952073012,84.38163063581865,85.86812132479463,85.86812132479463,85.86812132479463,89384.0,2022,7,27,2,3,208
2022-08-18,Raytheon,Automotive,87.49409883175414,88.58763474541138,86.41653437537587,87.49409883175414,116690,715837761919.0077,31.39376881106574,3.360280193761267,0.016071016394044,0.2470383903483088,Bullish,45,1,1,86.68111007827439,86.68111007827439,86.68111007827439,86.11827171048071,85.98856410308794,0.1297076073927741,0.01893575266203018,2.1711003700355036,2.1711003700355036,57.93856813407149,86.68111007827439,88.98058952073012,84.38163063581865,85.86812132479463,85.86812132479463,85.86812132479463,89384.0,2022,8,18,3,3,230
2023-04-19,Raytheon,Energy,107.9681006766849,109.3455467839602,104.87697998448508,107.9681006766849,89954,481422927617.5359,20.77089566440969,4.15683853110985,0.0230273920825581,-0.8989852152343869,Bullish,45,3,1,93.77677361107789,93.77677361107789,93.77677361107789,89.47978385912751,87.61667792335439,1.8631059357731203,0.23400437421843745,4.468566799475127,4.468566799475127,74.8448020831945,93.77677361107789,118.41059374726927,69.1429534748865,87.49409883175414,85.86812132479463,85.86812132479463,116690.0,2023,4,19,2,2,109
2023-07-20,Raytheon,Technology,111.53628832852397,112.98269469996376,109.50003528939293,111.53628832852397,116203,705680208518.0914,34.46031766106366,0.0285929068039464,0.0118789196439255,-0.3540206336462632,Stable,45,6,2,98.21665229043941,98.21665229043941,98.21665229043941,92.87309223903465,89.38850091632992,3.4845913227047305,0.033048535905287,3.4826594105708324,3.4826594105708324,75.05842006891281,98.21665229043941,125.0485442475987,71.38476033328013,107.9681006766849,87.49409883175414,85.86812132479463,89954.0,2023,7,20,3,3,201
2023-09-17,Raytheon,Aerospace,119.25899943163128,121.52013921942216,116.89781489880322,119.25899943163128,194528,318793442064.50134,30.57863100491331,0.2117113938619191,0.049763266185823,-0.1355378809909835,Bullish,45,0,1,102.42512171867779,102.42512171867779,102.42512171867779,96.93246257635721,91.60113043598187,5.331332140375338,0.06923944860313536,4.622324320618944,4.622324320618944,75.66665315623828,102.42512171867779,132.32808341261108,72.52216002474448,111.53628832852397,107.9681006766849,87.49409883175414,116203.0,2023,9,17,6,3,260
2023-10-09,Raytheon,Aerospace,116.52112624281452,118.65961285177772,114.51703368913736,116.52112624281452,175917,381039284528.5649,22.217588503700515,3.513201029291144,0.0289211001337208,0.1379663886082456,Bullish,45,0,1,108.55572270228177,104.77445580603391,104.77445580603391,99.94610314042757,93.44705605130281,6.499047089124758,-0.02295737178632229,4.142579162640359,4.142579162640359,79.4136690847623,104.77445580603391,133.89171168895317,75.65719992311466,119.25899943163128,111.53628832852397,107.9681006766849,194528.0,2023,10,9,0,4,282
2023-10-15,Raytheon,Healthcare,116.23684314170605,118.7716919660481,113.5759618978058,116.23684314170605,51252,587474645993.4498,26.201435609866984,3.453398855740033,0.0178302242562249,-0.9958469647998376,Bearish,45,5,0,114.30427156427213,106.41193971112992,106.41193971112992,102.45237083293195,95.13518842836972,7.317182404562232,-0.002439755864666715,5.195730068242298,5.195730068242298,81.8362886258189,106.41193971112992,134.36887190270014,78.4550075195597,116.52112624281452,119.25899943163128,111.53628832852397,175917.0,2023,10,15,6,4,288
2024-02-28,Raytheon,Technology,117.6560970206894,119.20474909126222,115.10133208991805,117.6560970206894,51605,821984637457.1857,37.55598379034486,1.882651438946492,0.0197428450345852,0.3675764017797491,Bullish,45,6,1,116.24187083307304,107.81745937482486,107.81745937482486,104.79140563104848,96.80340387965266,7.988001751395814,0.012210017414642893,4.1034170013441695,4.1034170013441695,84.63034532493617,107.81745937482486,134.8941997963742,80.74071895327552,116.23684314170605,116.52112624281452,119.25899943163128,51252.0,2024,2,28,2,1,59
2024-03-18,Raytheon,Technology,121.48158805122078,122.9648384633174,118.57729330337074,121.48158805122078,60954,160144716598.36133,21.65887058540796,3.5204163566066957,0.0355340230968172,0.67679927618438,Stable,45,6,2,118.23093077761241,109.33569589442442,109.33569589442442,107.35912600338267,98.63141752199104,8.72770848139163,0.03251417586849481,4.387545159946669,4.387545159946669,83.53154284304699,109.33569589442442,136.25200423219644,82.4193875566524,117.6560970206894,116.23684314170605,116.52112624281452,51605.0,2024,3,18,0,1,78
2024-06-15,Raytheon,Automotive,112.41247539720588,113.8026897012486,109.1614386248627,112.41247539720588,75053,354882004204.3298,27.560691115982028,3.237582324216816,0.012920143715985,-0.7944635147004364,Bullish,45,1,1,116.86162597072732,109.64337384470255,109.64337384470255,108.13656437166316,99.65223662385881,8.484327747804343,-0.07465421550293738,4.641251076385899,4.641251076385899,68.73897316327654,109.64337384470255,135.0948110358702,84.19193665353488,121.48158805122078,117.6560970206894,116.23684314170605,60954.0,2024,6,15,5,2,167
2024-07-23,Raytheon,Finance,127.06513061607488,129.6507346381885,124.1878349787025,127.06513061607488,127834,942888310271.8484,21.0509280229844,0.5292661793895442,0.0127459466459148,-0.4008873607702055,Stable,45,4,2,118.9704268453794,113.7630747738306,111.22716991482731,111.04865148618804,101.68282136402297,9.365830122165065,0.13034723385544456,5.462899659486013,5.462899659486013,75.81343479169537,111.22716991482731,137.55905418509997,84.89528564455465,112.41247539720588,121.48158805122078,117.6560970206894,75053.0,2024,7,23,1,3,205
2022-04-20,Roche,Consumer Goods,92.0320459921596,93.25260199772788,89.99358439531314,92.0320459921596,160989,633464965294.0901,17.999770065556604,0.7951250187013065,0.0432060393199167,-0.1080889098157964,Bullish,46,2,1,92.0320459921596,92.0320459921596,92.0320459921596,92.0320459921596,92.0320459921596,0.0,0.0,3.259017602414744,3.259017602414744,74.84575589515319,92.0320459921596,94.78741087272873,86.26276292663506,92.0320459921596,92.0320459921596,92.0320459921596,160989.0,2022,4,20,2,2,110
2022-06-26,Roche,Healthcare,89.0181278072042,91.5062354376236,87.46295554835397,89.0181278072042,168906,473736907963.2521,13.287450825898487,3.0275238330793823,0.0224764762214682,0.673061781521807,Bearish,46,5,0,90.5250868996819,90.5250868996819,90.5250868996819,91.56836627139722,91.80879279327401,-0.2404265218767847,-0.03274857309172685,4.043279889269627,4.043279889269627,75.78396371337305,90.5250868996819,94.78741087272873,86.26276292663506,92.0320459921596,92.0320459921596,92.0320459921596,160989.0,2022,6,26,6,2,177
2022-11-02,Roche,Finance,112.60070301450293,114.10051560152836,109.541459264874,112.60070301450293,61093,868292643247.4954,15.99212782474562,4.29911917695638,0.0457706047302565,-0.6160891220085485,Stable,46,4,2,97.88362560462224,97.88362560462224,97.88362560462224,94.80411038572117,93.34893429114281,1.4551760945783627,0.264918795622999,4.559056336654351,4.559056336654351,83.57704132921745,97.88362560462224,123.55190963941635,72.21534156982813,89.0181278072042,92.0320459921596,92.0320459921596,168906.0,2022,11,2,2,4,306
2022-12-24,Roche,Energy,110.363555385769,111.6781496565882,107.752011413941,110.363555385769,140852,647926069758.5057,9.509704920008918,4.5177922171626514,0.029682179575296,-0.5154856848304652,Stable,46,3,2,101.00360804990893,101.00360804990893,101.00360804990893,97.1978711549593,94.60927659444846,2.588594560510842,-0.019867972124879008,3.9261382426471982,3.9261382426471982,81.5924552707745,101.00360804990893,125.39600818197735,76.61120791784052,112.60070301450293,89.0181278072042,92.0320459921596,61093.0,2022,12,24,5,4,358
2022-12-27,Roche,Automotive,109.13508046662706,110.34081724747035,106.22925339987304,109.13508046662706,55949,66560518429.43893,21.767452208617293,1.7444503752091178,0.019041327871546,0.8370432055410357,Stable,46,1,2,102.62990253325256,102.62990253325256,102.62990253325256,99.03436489521587,95.68526206646169,3.3491028287541837,-0.011131164765831314,4.11156384759731,4.11156384759731,80.20500563772104,102.62990253325256,124.97131168941988,80.28849337708525,110.363555385769,112.60070301450293,89.0181278072042,140852.0,2022,12,27,1,4,361
2023-01-02,Roche,Technology,110.5710370371259,112.02095060694508,108.0801693451101,110.5710370371259,66896,159779344993.47977,29.769091421571652,2.0725803240839613,0.0408604824799395,0.2807614932884821,Bullish,46,6,1,106.3377007422458,103.95342495056478,103.95342495056478,100.80923753243279,96.78791206428866,4.021325468144127,0.013157607657951598,3.940781261834985,3.940781261834985,75.1652905950128,103.95342495056478,124.96180253203673,82.94504736909283,109.13508046662706,110.363555385769,112.60070301450293,55949.0,2023,1,2,0,1,2
2023-01-06,Roche,Consumer Goods,113.8356439796172,115.92911268462764,110.43829652559438,113.8356439796172,70056,854355564687.1044,34.38113183252684,2.0554680444021987,0.0289665718508794,0.3071735400888398,Bullish,46,2,1,111.30120397672843,105.3651705261437,105.3651705261437,102.81330006276886,98.05070702097967,4.762593041789188,0.02952497353710415,5.490816159033258,5.490816159033258,75.06405616875657,105.3651705261437,125.94666682264128,84.78367422964612,110.5710370371259,109.13508046662706,110.363555385769,66896.0,2023,1,6,4,1,6
2023-01-28,Roche,Technology,108.39822919148966,110.97995741342798,107.2059985965668,108.39822919148966,76646,868254690677.0405,35.70416169891628,1.218647412621709,0.0311885586443347,0.1705936566686225,Stable,46,6,2,110.46070921212576,105.74430285931194,105.74430285931194,103.6725199287259,98.81719014472115,4.855329784004752,-0.047765485379088646,3.7739588168611817,3.7739588168611817,66.74243557609225,105.74430285931194,124.91938339873107,86.56922231989282,113.8356439796172,110.5710370371259,109.13508046662706,70056.0,2023,1,28,5,1,28
2023-04-29,Roche,Energy,115.78350577327724,119.0891642658704,114.42826407917808,115.78350577327724,152795,470712410103.9684,30.145023043655733,2.6053659525419395,0.0414370110483565,0.6411835786482962,Bullish,46,3,1,111.54469928962742,106.85976984975254,106.85976984975254,105.53574852019534,100.07395426535494,5.461794254840399,0.06813097074437624,4.6609001866923165,4.6609001866923165,72.31726647903751,106.85976984975254,126.00439957521371,87.71514012429137,108.39822919148966,113.8356439796172,110.5710370371259,76646.0,2023,4,29,5,2,119
2023-07-13,Roche,Technology,111.45708770819608,113.06447473359162,109.2615711667922,111.45708770819608,128859,253275254293.34384,5.234863660642098,3.534189278902706,0.0418593755731832,0.4363358951210274,Bullish,46,6,1,112.00910073794121,107.31950163559688,107.31950163559688,106.44672377988775,100.91714933519503,5.529574444692713,-0.037366445558774,3.8029035667994293,3.8029035667994293,68.7029948475728,107.31950163559688,125.60192176462832,89.03708150656544,115.78350577327724,108.39822919148966,113.8356439796172,152795.0,2023,7,13,3,3,194
2023-07-17,Roche,Aerospace,111.41340937270084,112.90716739152836,109.01801046556676,111.41340937270084,71447,357375320986.9617,8.544097011530562,4.667855417288241,0.0123642328350261,0.027910893381416,Bearish,46,0,0,112.1775752050562,109.257637973651,107.69167506624271,107.21082925570515,101.69465007871399,5.516179176991159,-0.00039188477281582035,3.8891569259616006,3.8891569259616006,68.10654701828673,107.69167506624271,125.2107153352196,90.17263479726581,111.45708770819608,115.78350577327724,108.39822919148966,128859.0,2023,7,17,0,3,198
2023-07-22,Roche,Healthcare,113.06241616514995,116.23811655871825,110.40704884554842,113.06241616514995,59337,864351961496.4948,24.589095569327892,2.855811493111805,0.0136456255777871,-0.6787327747628986,Stable,46,5,2,112.02292964216277,111.6620668094456,108.13923682448497,108.11107339561974,102.5367068258574,5.574366569762347,0.014800792846513255,5.83106771316983,5.83106771316983,67.20884921200832,108.13923682448497,125.12835688824433,91.15011676072561,111.41340937270084,111.45708770819608,115.78350577327724,71447.0,2023,7,22,5,3,203
2023-12-21,Roche,Consumer Goods,125.04152287690458,127.93102164258676,123.0878947176875,125.04152287690458,191550,557080420878.7805,13.478092623859842,1.9785398178689628,0.0183359829447332,-0.1264843643058499,Stable,46,2,2,115.35158837924573,112.90614879568575,109.43941267467109,110.71575793120202,104.20373023704607,6.512027694155947,0.10595127114793645,4.843126924899252,4.843126924899252,79.70112664124288,109.43941267467109,128.21390229176242,90.66492305757977,113.06241616514995,111.41340937270084,111.45708770819608,59337.0,2023,12,21,3,4,355
2024-01-04,Roche,Automotive,120.33093497754813,121.9804598752242,118.68289784046436,120.33093497754813,117661,535822743740.8182,24.214315730457464,4.702096036503734,0.030488588307082,0.0284540225319551,Bearish,46,1,0,116.26107422009991,113.90288675486367,110.21737855344803,112.19501593833219,105.39833799560178,6.796677942730412,-0.0376721891334747,3.297562034759835,3.297562034759835,70.12890225184776,110.21737855344803,129.1715451869255,91.26321191997054,125.04152287690458,113.06241616514995,111.41340937270084,191550.0,2024,1,4,3,1,4
2024-05-02,Roche,Automotive,118.87259059030768,121.90422425018323,116.16807608778228,118.87259059030768,151834,666640578949.2047,35.71764568777735,2.092911427657445,0.0166983897807195,0.6653874926988401,Bearish,46,1,0,117.74417479652223,114.87663776723173,110.79439268923868,113.22233511555919,106.39643078039481,6.825904335164381,-0.012119446986035176,5.736148162400951,5.736148162400951,68.70355717773478,110.79439268923868,129.59800117431993,91.99078420415744,120.33093497754813,125.04152287690458,113.06241616514995,117661.0,2024,5,2,3,2,123
2024-05-15,Roche,Automotive,120.92803761958132,123.79977006373365,118.2499859339672,120.92803761958132,65524,1332173614.368917,11.360871674831206,1.7520662500509872,0.0427049351321794,-0.6066655352193855,Bearish,46,1,0,119.64710044589833,115.91233782547727,111.42774549738509,114.40782780848566,107.47284610181603,6.934981706669632,0.01729117720970419,5.549784129766451,5.549784129766451,72.5371436441094,111.42774549738509,130.28713756472834,92.56835343004184,118.87259059030768,120.33093497754813,125.04152287690458,151834.0,2024,5,15,2,2,136
2022-02-01,Salesforce,Healthcare,97.731274034176,99.78586167370196,95.13214820715628,97.731274034176,169346,527051888192.63446,10.273663769845708,2.0047088123652337,0.0111662074408835,0.9354856496674312,Stable,47,5,2,97.731274034176,97.731274034176,97.731274034176,97.731274034176,97.731274034176,0.0,0.0,4.653713466545682,4.653713466545682,58.81918651766657,97.731274034176,100.29729127802923,92.35845392777017,97.731274034176,97.731274034176,97.731274034176,169346.0,2022,2,1,1,1,32
2022-02-19,Salesforce,Consumer Goods,94.9244711716234,96.80664737556444,93.84861692234576,94.9244711716234,67159,603594204774.8026,11.78838535437212,3.633746120840984,0.0225930331740659,0.7073090978822238,Bearish,47,2,0,96.3278726028997,96.3278726028997,96.3278726028997,97.29945820916791,97.52336271102395,-0.22390450185604038,-0.02871959759340781,2.958030453218683,2.958030453218683,58.11793346780657,96.3278726028997,100.29729127802923,92.35845392777017,97.731274034176,97.731274034176,97.731274034176,169346.0,2022,2,19,5,1,50
2022-06-24,Salesforce,Automotive,91.19925001405208,93.75885022128664,89.57463335762264,91.19925001405208,148506,999354146066.269,32.01502041635675,2.15270104753595,0.0237927043098467,0.0361543303951221,Bullish,47,1,1,94.6183317399505,94.6183317399505,94.6183317399505,96.36096464068855,97.05490991865567,-0.6939452779671171,-0.039244054895350544,4.184216863663991,4.184216863663991,55.23185780107298,94.6183317399505,101.17184239107108,88.06482108882993,94.9244711716234,97.731274034176,97.731274034176,67159.0,2022,6,24,4,2,175
2022-06-25,Salesforce,Technology,89.01441933114826,91.10141371714494,87.17601750403418,89.01441933114826,159751,556250774855.7424,8.024861376689127,4.389922484924174,0.0234924381660491,0.4960321533988048,Bullish,47,6,1,93.21735363774994,93.21735363774994,93.21735363774994,95.23072690075927,96.45931802328475,-1.2285911225254864,-0.023956673794654937,3.9253962131107585,3.9253962131107585,51.60714343705722,93.21735363774994,100.96565466798198,85.4690526075179,91.19925001405208,94.9244711716234,97.731274034176,148506.0,2022,6,25,5,2,176
2022-07-02,Salesforce,Consumer Goods,84.0232683905783,86.2690158166459,82.62594231519967,84.0232683905783,84698,422340897070.782,33.975393136276054,0.3605554646471759,0.015644303760854,0.3923849006021798,Bearish,47,2,0,91.3785365883156,91.3785365883156,91.3785365883156,93.50650251457758,95.5381291616028,-2.0316266470252202,-0.0560712632635626,3.6430735014462385,3.6430735014462385,43.72966835137781,91.3785365883156,101.9923054508417,80.7647677257895,89.01441933114826,91.19925001405208,94.9244711716234,159751.0,2022,7,2,5,3,183
2022-07-19,Salesforce,Aerospace,87.77779614482871,89.77905332856037,86.39577300426606,87.77779614482871,189752,538863088890.40674,28.931393695196487,0.515606812040379,0.0355160749821184,0.4422647147136473,Bullish,47,0,1,89.38784101044614,90.77841318106779,90.77841318106779,92.62516307307776,94.9632896788788,-2.338126605801037,0.04468438119780904,3.3832803242943044,3.3832803242943044,52.52233248380337,90.77841318106779,100.71648271533572,80.84034364679987,84.0232683905783,89.01441933114826,91.19925001405208,84698.0,2022,7,19,1,3,200
2022-09-15,Salesforce,Consumer Goods,97.22792085930176,98.32243012424236,95.17287277897438,97.22792085930176,178391,826379490098.1719,27.493613018534827,3.714124874531581,0.0436806264602697,-0.2134770298015695,Bearish,47,2,0,89.84853094798181,91.69977142081551,91.69977142081551,93.33327965557376,95.1310401366879,-1.797760481114139,0.10765962611866953,3.1495573452679793,3.1495573452679793,54.36732574219861,91.69977142081551,101.9989744590728,81.40056838255822,87.77779614482871,84.0232683905783,89.01441933114826,189752.0,2022,9,15,3,3,258
2023-09-20,Salesforce,Automotive,119.37363367614044,121.25389603228383,117.62649733161189,119.37363367614044,95106,752675334852.9569,29.88096508388117,4.743721975748555,0.0328715726374392,-0.974807197456426,Bearish,47,1,0,95.4834076803995,95.15900420273113,95.15900420273113,97.33948796643017,96.92678780627698,0.412700160153193,0.2277711239849063,3.6273987006719466,3.6273987006719466,71.92481879044632,95.15900420273113,116.92690580703615,73.3911025984261,97.22792085930176,87.77779614482871,84.0232683905783,178391.0,2023,9,20,2,3,263
2023-11-06,Salesforce,Technology,119.9995901439263,121.48049326042806,117.95266416149671,119.9995901439263,105123,896817575550.2822,30.69104169062572,1.53025731761394,0.0150150139693549,-0.3963998882776898,Bearish,47,6,0,101.6804418429551,97.91906930730836,97.91906930730836,100.82565753219879,98.63588427573248,2.18977325646631,0.005243674407064303,3.527829098931349,3.527829098931349,72.21439550862718,97.91906930730836,124.16517159806854,71.67296701654818,119.37363367614044,97.22792085930176,87.77779614482871,95106.0,2023,11,6,0,4,310
2024-04-08,Salesforce,Healthcare,117.86072475313432,121.31259057422152,114.79379389370926,117.86072475313432,173781,628322102719.8632,39.110713396736536,1.0775037943377552,0.0468876771220513,-0.0055416099600085,Bearish,47,5,0,108.44793311546633,99.91323485189096,99.91323485189096,103.44643710465041,100.0599465333178,3.386490571332615,-0.017823939133680744,6.518796680512253,6.518796680512253,69.43382135056487,99.91323485189096,127.68707090624758,72.13939879753434,119.9995901439263,119.37363367614044,97.22792085930176,105123.0,2024,4,8,0,2,99
2024-04-10,Salesforce,Energy,114.66996306688958,116.53767311851824,113.14949011103516,114.66996306688958,132180,532948711366.8668,28.876785821931367,2.3284127088113977,0.0221696745530878,-0.4001230204038728,Bearish,47,3,0,113.82636649987849,101.60710375516233,101.25475559870901,105.17313340653337,101.14216998024904,4.03096342628433,-0.027072306681703906,3.3881830074830788,3.3881830074830788,60.14037135792174,101.25475559870901,129.065422625574,73.44408857184402,117.86072475313432,119.9995901439263,119.37363367614044,173781.0,2024,4,10,2,2,101
2024-05-03,Salesforce,Healthcare,117.95474296500636,121.03014193905962,116.15617634811484,117.95474296500636,134555,122640149214.14952,6.457988643393885,1.46258212738126,0.0285037418842061,-0.0131865991732096,Stable,47,5,2,117.97173092101941,103.91013093450063,102.64642121256713,107.13953487706769,102.38754575689774,4.751989120169952,0.02864551282885386,4.873965590944778,4.873965590944778,66.84170910779011,102.64642121256713,130.86138681635356,74.43145560878071,114.66996306688958,117.86072475313432,119.9995901439263,132180.0,2024,5,3,4,2,124
2024-05-04,Salesforce,Healthcare,116.05915285582198,118.45368703615094,113.96943587776713,116.05915285582198,123698,478755789025.0242,18.917665285721263,1.661027854736608,0.0113307188467743,0.8232658274169511,Bearish,47,5,0,117.3088347569557,106.3961212186776,103.6781698005098,108.51178379687605,103.40025739385509,5.11152640302096,-0.01607048654030596,4.484251158383813,4.484251158383813,66.37220937076395,103.6781698005098,131.69777355849462,75.658566042525,117.95474296500636,114.66996306688958,117.86072475313432,134555.0,2024,5,4,5,2,125
2024-07-05,Salesforce,Healthcare,120.39162694470778,121.89671063859038,117.26692771487244,120.39162694470778,121907,372037159082.4906,7.122012412326386,3.0189849596454805,0.0313986669363777,-0.564502590331956,Bullish,47,5,1,117.38724211711201,109.53384198003354,104.87198816795252,110.33945197346554,104.65887736058491,5.680574612880633,0.037329878620326884,4.62978292371794,4.62978292371794,67.5588696563012,104.87198816795252,133.2360033000887,76.50797303581636,116.05915285582198,117.95474296500636,114.66996306688958,123698.0,2024,7,5,4,3,187
2024-08-29,Salesforce,Finance,124.06108195638436,126.39619974767798,122.24217014542332,124.06108195638436,169719,424872588999.0032,32.34720942150422,4.947158828898158,0.0184914256667436,-0.8913038033026859,Stable,47,4,2,118.627313557762,113.53762333661416,106.15126108718131,112.45047197083767,106.0960777010145,6.354394269823175,0.03047932073683035,4.154029602254667,4.154029602254667,69.3044386878731,106.15126108718131,135.22434453584472,77.0781776385179,120.39162694470778,116.05915285582198,117.95474296500636,121907.0,2024,8,29,3,3,242
2024-09-07,Salesforce,Healthcare,125.13140828301545,127.88782977786197,122.595763136626,125.13140828301545,113731,256158071200.5343,33.166359269639315,0.7915195005280717,0.0451366345217984,-0.873633806279547,Stable,47,5,2,120.71960260098717,117.27298455043282,107.33752028692095,114.40138524963426,107.50610218857011,6.8952830610641485,0.008627414091127994,5.292066641235962,5.292066641235962,72.72572859256087,107.33752028692095,136.98471351032686,77.69032706351504,124.06108195638436,120.39162694470778,116.05915285582198,169719.0,2024,9,7,5,3,251
2024-09-18,Salesforce,Healthcare,119.36300358514768,121.00631758019014,116.2865058115322,119.36300358514768,69956,920376884038.1884,36.54840838246773,3.80941805931222,0.0365345013605872,0.7178646986494552,Bullish,47,5,1,121.00125472501546,119.48649282301741,108.04490165740486,115.16471114740555,108.38439118090919,6.780319966496364,-0.04609877549544639,4.719811768657948,4.719811768657948,70.55659589607944,108.04490165740486,137.33735330154465,78.75245001326508,125.13140828301545,124.06108195638436,120.39162694470778,113731.0,2024,9,18,2,3,262
2022-04-13,Samsung,Automotive,95.88715255668352,97.54983222895292,94.15450239521286,95.88715255668352,60965,720482379050.6635,12.344469819974329,0.6497068613397061,0.0236217934191958,0.9715364991714824,Bullish,48,1,1,95.88715255668352,95.88715255668352,95.88715255668352,95.88715255668352,95.88715255668352,0.0,0.0,3.395329833740064,3.395329833740064,72.88106155602013,95.88715255668352,110.58531057187174,88.86742619828838,95.88715255668352,95.88715255668352,95.88715255668352,60965.0,2022,4,13,2,2,103
2022-10-13,Samsung,Technology,103.5655842134766,105.17179924340503,100.72589209336468,103.5655842134766,86212,282109569616.9492,16.305391943517485,2.974016073388948,0.0345794311004652,-0.8722404651381943,Bearish,48,6,0,99.72636838508006,99.72636838508006,99.72636838508006,97.0684497346517,96.45592527200152,0.6125244626501711,0.08007779407417481,4.445907150040355,4.445907150040355,81.17014047367199,99.72636838508006,110.58531057187174,88.86742619828838,95.88715255668352,95.88715255668352,95.88715255668352,60965.0,2022,10,13,3,4,286
2022-12-31,Samsung,Aerospace,107.11444874014968,109.30509521892976,104.75012473524625,107.11444874014968,166352,253256240938.69385,38.81851937473794,1.7239071003632351,0.0219230260209929,-0.5219709306681133,Bearish,48,0,0,102.18906183676994,102.18906183676994,102.18906183676994,98.61398804318985,97.24544552890139,1.368542514288464,0.03426683249676765,4.554970483683519,4.554970483683519,81.11385233553581,102.18906183676994,113.66671931345029,90.71140436008959,103.5655842134766,95.88715255668352,95.88715255668352,86212.0,2022,12,31,5,4,365
2023-05-27,Samsung,Finance,119.43582940076354,122.15043559206332,116.77734863091692,119.43582940076354,76962,30365051310.750786,10.401254784907778,3.6217220316476975,0.0198959898823338,0.9116862943503274,Bullish,48,4,1,106.50075372776834,106.50075372776834,106.50075372776834,101.81734825204734,98.88917766755785,2.928170584489493,0.11503005248623799,5.373086961146399,5.373086961146399,81.87046186037271,106.50075372776834,126.12918732568319,86.87232012985349,107.11444874014968,103.5655842134766,95.88715255668352,166352.0,2023,5,27,5,2,147
2023-06-16,Samsung,Automotive,123.3966164712676,125.9965591678263,120.94805776388183,123.3966164712676,89298,70063653400.43283,34.814443290588166,0.3157014646369566,0.0254041041129211,-0.5207084300848868,Stable,48,1,2,109.87992627646818,109.87992627646818,109.87992627646818,105.13723567038892,100.70454350486969,4.432692165519228,0.03316246967410219,5.048501403944471,5.048501403944471,75.70653435400105,109.87992627646818,132.6248750873261,87.13497746561026,119.43582940076354,107.11444874014968,103.5655842134766,76962.0,2023,6,16,4,2,167
2023-09-08,Samsung,Consumer Goods,115.8010039960316,117.454040774813,113.65933296940288,115.8010039960316,199456,918759119196.5107,10.268252208219474,0.2719537426115559,0.0456055221378765,-0.7213610352439073,Stable,48,2,2,113.86269656433781,110.8667725630621,110.8667725630621,106.77781541279549,101.82279983754835,4.955015575247145,-0.061554463099923185,3.7947078054101127,3.7947078054101127,65.94328918950708,110.8667725630621,131.77703156116104,89.95651356496315,123.3966164712676,119.43582940076354,107.11444874014968,89298.0,2023,9,8,4,3,251
2023-10-14,Samsung,Energy,115.35839132090052,117.08629618562742,113.58718825271328,115.35839132090052,94238,15652389989.217546,20.442829977936427,1.231430094052658,0.0264961224187146,0.1385958682695904,Stable,48,3,2,116.22125798582258,111.50843238561045,111.50843238561045,108.09790401404243,102.82543624372258,5.2724677703198495,-0.003822183399603718,3.499107932914143,3.499107932914143,67.84692212980333,111.50843238561045,130.8964220008358,92.1204427703851,115.8010039960316,123.3966164712676,119.43582940076354,199456.0,2023,10,14,5,4,287
2023-12-23,Samsung,Finance,126.66251746659272,129.90497775038764,125.18416877343904,126.66251746659272,185504,302758441332.96027,10.081877950963111,1.4095952145236457,0.0355395513919654,0.5781922232975134,Bullish,48,4,1,120.13087173111118,113.40269302073322,113.40269302073322,110.95399839135786,104.59114596393519,6.362852427422666,0.09799136427142696,4.720808976948604,4.720808976948604,76.5192883928442,113.40269302073322,134.30767150900687,92.49771453245957,115.35839132090052,115.8010039960316,123.3966164712676,94238.0,2023,12,23,5,4,357
2024-01-23,Samsung,Healthcare,119.90002806076168,122.83424417921351,118.0496977019898,119.90002806076168,123688,603616190803.1588,9.198379255836148,2.5644852775940468,0.0158890829764206,0.8277525806435926,Bearish,48,5,0,120.22371146311085,114.12461913629194,114.12461913629194,112.33031064818923,105.72513723036678,6.605173417822442,-0.053389823138598524,4.784546477223714,4.784546477223714,68.06747379338788,114.12461913629194,134.1534294675001,94.09580880508376,126.66251746659272,115.35839132090052,115.8010039960316,185504.0,2024,1,23,1,1,23
2024-05-29,Samsung,Consumer Goods,115.1183398951586,117.83469731978606,113.84713450325668,115.1183398951586,61246,75555184522.74463,34.041709210067566,4.95848036686226,0.0250565985008277,0.0295684698662688,Bullish,48,2,1,118.56805614788902,114.22399121217862,114.22399121217862,112.75923822464605,106.42093002035136,6.338308204294691,-0.03988062590927732,3.987562816529376,3.987562816529376,65.3850819032811,114.22399121217862,133.11779054092918,95.33019188342806,119.90002806076168,126.66251746659272,115.35839132090052,123688.0,2024,5,29,2,2,150
2024-05-31,Samsung,Automotive,114.6199931984721,117.19881071690178,113.25855773573468,114.6199931984721,177796,266122021779.0064,15.190048672481264,4.92422871983547,0.0291481943186209,-0.7855552115830251,Stable,48,1,2,118.33185398837713,116.09727527635746,114.25999139275073,113.0455082206193,107.0282680335455,6.017240187073796,-0.004328994816467646,3.9402529811670917,3.9402529811670917,62.754735615968606,114.25999139275073,132.18581389381438,96.33416889168709,115.1183398951586,119.90002806076168,126.66251746659272,61246.0,2024,5,31,4,2,152
2024-06-10,Samsung,Technology,112.67766314350096,115.72480011243802,110.99008357169852,112.67766314350096,130910,848167869364.152,25.37730659188809,4.566163402107282,0.0389113840248608,-0.2682014027643848,Stable,48,6,2,117.79570835289721,117.00848316935989,114.12813070531325,112.98891667029339,107.44674174539406,5.542174924899328,-0.01694582245880838,4.734716540739498,4.734716540739498,58.93414158925089,114.12813070531325,131.24412956493182,97.0121318456947,114.6199931984721,115.1183398951586,119.90002806076168,177796.0,2024,6,10,0,2,162
2024-07-03,Samsung,Healthcare,121.05489513211552,124.22160811911286,118.09894071594658,121.05489513211552,96197,65552063164.24206,30.374340947341835,3.648559532487111,0.036863509717557,-0.1033070589507327,Bullish,48,5,1,116.67418388600177,118.40252780855648,114.66095873814422,114.22983643365063,108.45475310737343,5.775083326277198,0.07434687368290294,6.122667403166275,6.122667403166275,62.93594372706251,114.66095873814422,131.4926964956048,97.82922098068363,112.67766314350096,114.6199931984721,115.1183398951586,130910.0,2024,7,3,2,3,185
2024-07-22,Samsung,Energy,125.08005180268684,127.5562067044656,121.61934435023146,125.08005180268684,121315,659033454061.2361,11.310777739797237,2.9070855279101027,0.0461654141031276,0.3611213322776756,Stable,48,3,2,117.71018863438681,118.96695004874883,115.40517967132583,115.89910033657928,109.68625671443368,6.2128436221455985,0.033250672483573496,5.936862354234137,5.936862354234137,69.9298707304151,115.40517967132583,132.50871579632258,98.30164354632909,121.05489513211552,112.67766314350096,114.6199931984721,96197.0,2024,7,22,0,3,204
2022-02-02,Shell,Aerospace,97.65222939715612,100.01283696736236,95.95881060502124,97.65222939715612,117435,800949021714.6349,16.98342726117413,3.815541818006541,0.0462899577742562,0.3155307665452,Stable,49,0,2,97.65222939715612,97.65222939715612,97.65222939715612,97.65222939715612,97.65222939715612,0.0,0.0,4.054026362341119,4.054026362341119,69.9298707304151,97.65222939715612,101.07271761828487,90.49028692298616,97.65222939715612,97.65222939715612,97.65222939715612,117435.0,2022,2,2,2,1,33
2022-02-26,Shell,Automotive,93.91077514411492,96.7031121145986,91.34150182119409,93.91077514411492,102995,87838089935.39897,29.075943845797028,1.4501459682445297,0.0103223641336847,0.087946222569935,Bullish,49,1,1,95.78150227063551,95.78150227063551,95.78150227063551,97.0766210505344,97.37508463767158,-0.2984635871371779,-0.038314068978645976,5.36161029340451,5.36161029340451,62.8228569272538,95.78150227063551,101.07271761828487,90.49028692298616,97.65222939715612,97.65222939715612,97.65222939715612,117435.0,2022,2,26,5,1,57
2022-06-27,Shell,Consumer Goods,88.11604657904924,89.78524736175044,86.87399201726063,88.11604657904924,193760,313542001649.082,30.635705614333144,1.2356577733069596,0.0148844606369715,0.4086706319143609,Bearish,49,2,0,93.2263503734401,93.2263503734401,93.2263503734401,95.69807113184439,96.68922996666251,-0.9911588348181226,-0.06170461862521237,2.9112553444898026,2.9112553444898026,55.89074938712855,93.2263503734401,102.83593384726957,83.61676689961062,93.91077514411492,97.65222939715612,97.65222939715612,102995.0,2022,6,27,0,2,178
2022-11-08,Shell,Consumer Goods,112.52590538970458,114.59432902199288,111.36507327764734,112.52590538970458,155864,930160260159.2288,8.953012294391074,4.168215670719792,0.0229090629090655,0.3395089024364957,Stable,49,2,2,98.05123912750622,98.05123912750622,98.05123912750622,98.28696870997672,97.862317035036,0.4246516749407192,0.27701945058051547,3.2292557443455365,3.2292557443455365,62.26612620569793,98.05123912750622,118.88475907780469,77.21771917720775,88.11604657904924,93.91077514411492,97.65222939715612,193760.0,2022,11,8,1,4,312
2022-11-12,Shell,Aerospace,111.38160705772016,112.49894149745492,109.2847525046386,111.38160705772016,55801,881755495637.5798,36.68759559972546,3.919936793446777,0.0426110532436224,-0.6902848518423574,Bullish,49,0,1,100.717312713549,100.717312713549,100.717312713549,100.3015284557834,98.8637459256052,1.4377825301781968,-0.010169199065952261,3.214188992816318,3.214188992816318,59.53527934378276,100.717312713549,122.34335332350612,79.09127210359189,112.52590538970458,88.11604657904924,93.91077514411492,155864.0,2022,11,12,5,4,316
2023-04-21,Shell,Consumer Goods,110.1592279167313,113.01795347021792,107.85693406705808,110.1592279167313,197851,164835481508.50775,10.782137876824756,1.866205781896169,0.0341333678484813,0.7808818960021715,Stable,49,2,2,103.21871241746403,102.29096524741271,102.29096524741271,101.81809760362154,99.70044829531824,2.1176493083032994,-0.010974694774833038,5.161019403159841,5.161019403159841,64.6319756682498,102.29096524741271,123.1135895082226,81.46834098660283,111.38160705772016,112.52590538970458,88.11604657904924,55801.0,2023,4,21,4,2,111
2023-08-08,Shell,Technology,115.11867855562384,116.4152844719627,112.86921701751515,115.11867855562384,77532,686281768247.0011,34.241808273381466,0.0267308042718222,0.0296163407674205,0.2820497152707093,Bearish,49,6,0,107.46029309976582,104.1234957200143,104.1234957200143,103.8643408270065,100.84253942571125,3.0218014012952494,0.04502074617517615,3.5460674544475523,3.5460674544475523,67.21560990548775,104.1234957200143,125.4623515870338,82.78463985299481,110.1592279167313,111.38160705772016,112.52590538970458,197851.0,2023,8,8,1,3,220
2023-09-04,Shell,Aerospace,114.86638581421032,118.1805169816204,112.0191546991882,114.86638581421032,58702,864744227119.0817,24.068968014081538,4.31820710648308,0.0308753731263177,0.5206564428082754,Bearish,49,0,0,112.81036094679806,105.4663569817888,105.4663569817888,105.55696313273016,101.88134286189637,3.6756202708337895,-0.0021915882338036097,6.161362282432194,6.161362282432194,61.50883389288387,105.4663569817888,126.63241648682964,84.30029747674797,115.11867855562384,110.1592279167313,111.38160705772016,77532.0,2023,9,4,0,3,247
2024-05-13,Shell,Energy,120.76022321198884,123.64360391852568,118.27279437310236,120.76022321198884,138861,278474871125.51184,18.39031132497224,2.998137842299607,0.0287192184991217,-0.4820767899500495,Bullish,49,3,1,114.45722451125489,107.16567545181104,107.16567545181104,107.89592622184688,103.2797784433847,4.616147778462178,0.051310375581168355,5.370809545423327,5.370809545423327,71.0969042252975,107.16567545181104,129.43579922900807,84.89555167461403,114.86638581421032,115.11867855562384,110.1592279167313,58702.0,2024,5,13,0,2,134
2024-06-19,Shell,Consumer Goods,114.24865101263718,116.8979530612516,111.9405854709665,114.24865101263718,101356,387691681575.2952,30.396952009604554,0.5739846362564005,0.0399751606689662,-0.7188161636532688,Stable,49,2,2,115.03063330223829,107.87397300789364,107.87397300789364,108.87326849735308,104.09228752258859,4.780980974764489,-0.05392149853781658,4.957367590285102,4.957367590285102,69.30856416081141,107.87397300789364,129.34300512000118,86.4049408957861,120.76022321198884,114.86638581421032,115.11867855562384,138861.0,2024,6,19,2,2,171
2024-06-30,Shell,Consumer Goods,117.80354792884611,119.22017136017404,114.2978616389094,117.80354792884611,109201,834469062588.8127,33.34510655762052,1.494285676295154,0.0426028840270322,-0.5527747604146704,Bearish,49,2,0,116.55949730466125,109.88910486106265,108.77666163707114,110.2471576406597,105.10793644157064,5.13922119908905,0.03111543886689505,4.922309721264639,4.922309721264639,71.30836381410211,108.77666163707114,130.00590239934226,87.54742087480003,114.24865101263718,120.76022321198884,114.86638581421032,101356.0,2024,6,30,6,2,182
2024-09-20,Shell,Automotive,121.34754134804676,124.81936553722004,118.53495462094683,121.34754134804676,171008,616883227168.1884,39.65302316236187,1.3787870222064065,0.026059904422595,-0.219408905574459,Bullish,49,1,1,117.80526986314585,112.63278148145582,109.82423494631911,111.9549089802577,106.31087013834666,5.6440388419110405,0.030083927704293245,6.2844109162732025,6.2844109162732025,74.5792828248909,109.82423494631911,131.32738276666493,88.32108712597329,117.80354792884611,114.24865101263718,120.76022321198884,109201.0,2024,9,20,4,3,264
2022-01-06,Snapchat,Consumer Goods,99.3156737584368,101.9511286055035,97.61517875880732,99.3156737584368,160268,535534649214.725,28.65937964552244,4.962211446873895,0.0232843913323249,0.4119124731600143,Bearish,50,2,0,99.3156737584368,99.3156737584368,99.3156737584368,99.3156737584368,99.3156737584368,0.0,0.0,4.335949846696181,4.335949846696181,71.3057637489761,99.3156737584368,102.26552085421682,93.13917676684596,99.3156737584368,99.3156737584368,99.3156737584368,160268.0,2022,1,6,3,1,6
2022-03-25,Snapchat,Technology,96.08902386262596,98.50611432452877,94.79844168742746,96.08902386262596,63986,485293588783.1958,18.568575816263795,1.6848236285872824,0.0412075707393198,-0.371912386163135,Stable,50,6,2,97.70234881053139,97.70234881053139,97.70234881053139,98.81926608215821,99.0766626550434,-0.2573965728851988,-0.03248882853736601,3.707672637101311,3.707672637101311,65.92757817377151,97.70234881053139,102.26552085421682,93.13917676684596,99.3156737584368,99.3156737584368,99.3156737584368,160268.0,2022,3,25,4,1,84
2022-04-01,Snapchat,Energy,92.40224168673008,93.53124966322224,91.2476013936722,92.40224168673008,114505,422282230618.7285,29.603020434253686,1.9034484058043288,0.0126276846595863,-0.4764977997310351,Bearish,50,3,0,95.93564643593095,95.93564643593095,95.93564643593095,97.83203155978465,98.582261101835,-0.7502295420503486,-0.03836840075685133,2.283648269550042,2.283648269550042,62.350116157070104,95.93564643593095,102.8541807398975,89.0171121319644,96.08902386262596,99.3156737584368,99.3156737584368,63986.0,2022,4,1,4,2,91
2022-07-11,Snapchat,Aerospace,82.24197122159562,83.26949821096649,79.88012094113738,82.24197122159562,99811,561116516809.5105,15.804456018061831,3.005513478121641,0.0112008532859628,-0.8853793799790264,Bullish,50,0,1,92.51222763234712,92.51222763234712,92.51222763234712,95.4335607385248,97.37186925885432,-1.9383085203295138,-0.10995696943782673,3.3893772698291116,3.3893772698291116,56.968076124953164,92.51222763234712,107.32531257390502,77.69914269078922,92.40224168673008,96.08902386262596,99.3156737584368,114505.0,2022,7,11,0,3,192
2022-10-01,Snapchat,Technology,100.55441096733075,102.90904671193594,99.30574685308912,100.55441096733075,147888,895026519786.612,33.713212760714065,4.091847832406686,0.0150994272056098,0.6963629965598943,Bearish,50,6,0,94.12066429934384,94.12066429934384,94.12066429934384,96.2213838506488,97.60761308911184,-1.3862292384630308,0.22266537965625188,3.6032998588468246,3.6032998588468246,69.83813253141784,94.12066429934384,108.82821284929425,79.41311574939344,82.24197122159562,92.40224168673008,96.08902386262596,99811.0,2022,10,1,5,4,274
2023-03-09,Snapchat,Aerospace,113.03687129096508,114.925330841,109.74544607603336,113.03687129096508,143008,724561022818.2855,14.193647490952811,3.76319147035918,0.0204988234048505,0.9465217660609836,Bearish,50,0,0,96.86490380584951,97.27336546461406,97.27336546461406,98.80838191838977,98.75052110406394,0.05786081432583501,0.1241363775447879,5.179884764966644,5.179884764966644,65.03831584876764,97.27336546461406,117.56124802488203,76.98548290434609,100.55441096733075,82.24197122159562,92.40224168673008,147888.0,2023,3,9,3,1,68
2023-04-01,Snapchat,Consumer Goods,105.49747615938595,107.21620210511868,104.11179221977848,105.49747615938595,164352,670715072896.0577,34.16609750155544,4.908536712605708,0.0323340926025645,-0.1711832045630097,Bearish,50,2,0,98.7465942652015,98.44823842101003,98.44823842101003,99.83747334008149,99.2502955526063,0.5871777874751842,-0.06669854752235826,3.1044098853402033,3.1044098853402033,59.92529029031596,98.44823842101003,117.98404204663034,78.91243479538973,113.03687129096508,100.55441096733075,82.24197122159562,143008.0,2023,4,1,5,2,91
2023-05-13,Snapchat,Automotive,119.40176854689186,121.47850707186709,117.87148930527428,119.40176854689186,59348,418981388878.98505,25.871253160112893,2.165815556575832,0.0400851479817428,0.5883646906343671,Stable,50,1,2,104.14649963723386,101.06742968674527,101.06742968674527,102.84736491036,100.74299725588672,2.104367654473279,0.13179739358408216,3.6070177665928043,3.6070177665928043,66.63031081928054,101.06742968674527,124.4480145088628,77.68684486462774,105.49747615938595,113.03687129096508,100.55441096733075,164352.0,2023,5,13,5,2,133
2024-03-06,Snapchat,Technology,116.49075250743972,117.91562618498234,114.46502757886331,116.49075250743972,126323,974190463999.3876,14.745379288765209,4.742514716090974,0.0373061042017679,-0.2068188512273405,Bullish,50,6,1,110.99625589440268,102.78113222237798,102.78113222237798,104.94634761760304,101.90949764489065,3.036849972712389,-0.0243800077241646,3.45059860611903,3.45059860611903,62.722313154916336,102.78113222237798,126.94813923605321,78.61412520870275,119.40176854689186,105.49747615938595,113.03687129096508,59348.0,2024,3,6,2,1,66
2024-07-04,Snapchat,Energy,120.06463354784252,122.14916122733332,117.85395483438886,120.06463354784252,175733,43590576077.745705,23.858455316386667,4.701104027856425,0.0112688996726412,-0.0215222771444509,Bearish,50,3,0,114.89830041050502,104.50948235492444,104.50948235492444,107.2722377607168,103.25432252659078,4.017915234126022,0.030679525743251945,4.295206392944465,4.295206392944465,64.28630136804708,104.50948235492444,129.78077421179157,79.23819049805732,116.49075250743972,119.40176854689186,105.49747615938595,126323.0,2024,7,4,3,3,186
2024-08-23,Snapchat,Automotive,123.1536015687878,124.49626124322988,120.8833600358208,123.1536015687878,72116,784058834090.9061,18.747782153327016,1.2003537024378326,0.0168750604854369,-0.2011354419382911,Bullish,50,1,1,116.92164646606957,106.89327513595954,106.20440228345747,109.71552450042005,104.72834319638315,4.987181304036895,0.025727542988039254,3.612901207409081,3.612901207409081,63.20331842175506,106.20440228345747,132.68412149884102,79.72468306807392,120.06463354784252,116.49075250743972,119.40176854689186,175733.0,2024,8,23,4,3,236
2024-08-31,Snapchat,Finance,126.56446994941538,129.41223833097754,122.81033948196765,126.56446994941538,192766,515142928986.9381,31.72526741033004,0.6894263467800521,0.0434568369194255,-0.7127572438623675,Bearish,50,4,0,121.13504522407545,109.94081974463847,107.90107458895396,112.30766995411165,106.34583406697813,5.9618358871335175,0.027696050600050315,6.601898849009899,6.601898849009899,69.21099355093784,107.90107458895396,135.75084571077764,80.05130346713028,123.1536015687878,120.06463354784252,116.49075250743972,72116.0,2024,8,31,5,3,244
2022-02-04,Sony,Finance,99.8878892566618,101.49694883551524,97.90644074747256,99.8878892566618,116803,839949070597.114,31.53647538767881,4.444437120018149,0.0188035470748554,0.8659132510564547,Bearish,51,4,0,99.8878892566618,99.8878892566618,99.8878892566618,99.8878892566618,99.8878892566618,0.0,0.0,3.5905080880426823,3.5905080880426823,67.93594174156718,99.8878892566618,103.97977050819154,91.32015966953296,99.8878892566618,99.8878892566618,99.8878892566618,116803.0,2022,2,4,4,1,35
2022-03-24,Sony,Technology,95.4120409210627,97.03545255963124,92.94282257233328,95.4120409210627,89504,182925031682.7617,11.346174797392685,0.6267823789619281,0.0281761261791981,-0.8909761451243474,Bearish,51,6,0,97.64996508886225,97.64996508886225,97.64996508886225,99.19929720503116,99.5563449355063,-0.35704773047514493,-0.044808718743654774,4.092629987297954,4.092629987297954,63.12215865619217,97.64996508886225,103.97977050819154,91.32015966953296,99.8878892566618,99.8878892566618,99.8878892566618,116803.0,2022,3,24,3,1,83
2022-03-27,Sony,Aerospace,95.70733580086846,97.98325621747904,93.12906171161433,95.70733580086846,179312,741945257284.4369,35.59918647135832,2.028755843075305,0.0176452835379558,-0.5668416287455182,Stable,51,0,2,97.00242199286431,97.00242199286431,97.00242199286431,98.66207237362151,99.27123314775535,-0.6091607741338407,0.0030949435412461757,4.854194505864712,4.854194505864712,63.247231207095744,97.00242199286431,102.00891408387776,91.99592990185087,95.4120409210627,99.8878892566618,99.8878892566618,89504.0,2022,3,27,6,1,86
2022-04-24,Sony,Consumer Goods,91.8650843160159,93.85240413354664,90.0304419766115,91.8650843160159,181278,404977120047.4753,30.67655405148093,0.6101524716092432,0.021195706089857,0.1668430380368701,Bearish,51,2,0,95.71808757365221,95.71808757365221,95.71808757365221,97.61638190322064,98.72262953058946,-1.1062476273688162,-0.040145840992239834,3.821962156935143,3.821962156935143,62.803191258329164,95.71808757365221,102.28331519937495,89.15285994792947,95.70733580086846,95.4120409210627,99.8878892566618,179312.0,2022,4,24,6,2,114
2022-05-20,Sony,Energy,96.12470752447314,98.46274643798655,94.61934706819122,96.12470752447314,175117,623709218354.0857,21.83171002635744,0.4875716282044873,0.0165334659235622,-0.2840776109344707,Bullish,51,3,1,95.79941156381639,95.79941156381639,95.79941156381639,97.3868935372595,98.53019086346974,-1.143297326210245,0.04636825013738766,3.8433993697953355,3.8433993697953355,67.22196599224421,95.79941156381639,101.49668566295269,90.1021374646801,91.8650843160159,95.70733580086846,95.4120409210627,181278.0,2022,5,20,4,2,140
2022-08-04,Sony,Healthcare,85.82224632295825,87.63931326210856,83.55353548850677,85.82224632295825,170975,89454867203.00453,35.16954179414953,2.9767983062930203,0.0201433646798547,0.4999073636048157,Stable,51,5,2,92.98628297707569,94.13655069034003,94.13655069034003,95.60771704275162,97.58886163824666,-1.9811445954950386,-0.10717807592696083,4.085777773601791,4.085777773601791,67.11383849700954,94.13655069034003,103.7453849878746,84.52771639280546,96.12470752447314,91.8650843160159,95.70733580086846,175117.0,2022,8,4,3,3,216
2022-09-02,Sony,Finance,92.32506416123586,94.89567630868127,90.63717291282794,92.32506416123586,71357,903820243208.0952,32.94204658785149,0.2524447220620396,0.0360170099529545,0.655952927004503,Stable,51,4,2,92.36888762511032,93.87776690046802,93.87776690046802,95.10269352251842,97.19895071402362,-2.0962571915052024,0.07577077176244962,4.258503395853339,4.258503395853339,62.04297676314668,93.87776690046802,102.75563529299964,84.9998985079364,85.82224632295825,96.12470752447314,91.8650843160159,170975.0,2022,9,2,4,3,245
2022-09-06,Sony,Healthcare,92.58705556103094,95.07450488827948,90.01956769403448,92.58705556103094,100108,402178656189.062,8.269279019135347,2.7099503744488294,0.0145376326841566,0.5838712459275281,Bullish,51,5,1,91.74483157714282,93.71642798303839,93.71642798303839,94.71567229767419,96.85732885083898,-2.1416565531647933,0.0028377061221158684,5.054937194244999,5.054937194244999,54.83679494608248,93.71642798303839,101.98625315252225,85.44660281355452,92.32506416123586,85.82224632295825,96.12470752447314,71357.0,2022,9,6,1,3,249
2022-09-18,Sony,Technology,98.5838919378118,100.76793881846592,95.7838263223086,98.5838919378118,94064,217107699013.51697,23.206668313804407,0.4215065730567519,0.0369138853395417,-0.3076062266393446,Bullish,51,6,1,93.088593101502,94.25725731134654,94.25725731134654,95.3107830115415,96.98522241283696,-1.6744394012954587,0.0647697060938277,4.984112496157323,4.984112496157323,65.72832035902351,94.25725731134654,102.64600729790575,85.86850732478732,92.58705556103094,92.32506416123586,85.82224632295825,100108.0,2022,9,18,6,3,261
2022-10-02,Sony,Healthcare,102.52808916834095,104.99510754919166,101.11885463583135,102.52808916834095,157455,860266689601.5059,15.960669818604885,0.2500928841055611,0.0420082539073431,0.3703490265555611,Bearish,51,5,0,94.36926943027557,95.08434049704599,95.08434049704599,96.42113780489527,97.39580513546689,-0.97466733057162,0.04000853641502822,3.876252913360304,3.876252913360304,59.271451436562806,95.08434049704599,104.56668072202329,85.60200027206868,98.5838919378118,92.58705556103094,92.32506416123586,94064.0,2022,10,2,6,4,275
2022-10-11,Sony,Automotive,103.859010890569,106.09750790842128,102.33071354174638,103.859010890569,93484,931657898830.6708,9.285186442562935,1.0767219069127631,0.0223154552806499,0.0946493686789722,Bearish,51,1,0,97.97662234379771,95.4814526604367,95.88203780554808,97.565425971922,97.87456111732631,-0.3091351454043121,0.01298104483389717,3.766794366674901,3.766794366674901,63.69267414262496,95.88203780554808,106.31858044914543,85.44549516195073,102.52808916834095,98.5838919378118,92.58705556103094,157455.0,2022,10,11,1,4,284
2022-10-22,Sony,Aerospace,107.62805701455916,109.61687398059247,105.0387330804418,107.62805701455916,174019,991483859809.9032,12.341353168928848,2.5680552327216226,0.0116987963702613,0.7213356435777702,Bearish,51,0,0,101.03722091446237,96.70305426978635,96.86087273963233,99.11352305540464,98.59704229489911,0.5164807605055302,0.036290025214676946,4.578140900150672,4.578140900150672,63.83031530955669,96.86087273963233,108.90284644073023,84.81889903853443,103.859010890569,102.52808916834095,98.5838919378118,93484.0,2022,10,22,5,4,295
2022-12-19,Sony,Energy,107.88300802292876,111.0187788608762,105.20466513980898,107.88300802292876,132750,75619723340.09616,10.917837462459737,3.161082988769745,0.0137000175175585,0.99503626234535,Bearish,51,3,0,104.09641140684194,97.92062149199236,97.7087292998859,100.46267458886989,99.2848916080865,1.177782980783391,0.0023688154877228307,5.814113721067216,5.814113721067216,61.7231910948954,97.7087292998859,110.75885555335768,84.65860304641413,107.62805701455916,103.859010890569,102.52808916834095,174019.0,2022,12,19,0,4,353
2022-12-21,Sony,Energy,109.4786827340133,111.24971341753508,107.77426720334438,109.4786827340133,153481,990158224377.8964,18.28260161811515,1.357493770909339,0.0369480693416862,-0.528823543510645,Stable,51,3,2,106.27536956608223,99.68198133379211,98.54944025946644,101.84975276504579,100.03998724704404,1.809765518001754,0.014790788098394625,3.475446214190697,3.475446214190697,60.23959127969674,98.54944025946644,112.57747878335866,84.52140173557422,107.88300802292876,107.62805701455916,103.859010890569,132750.0,2022,12,21,2,4,355
2023-03-18,Sony,Consumer Goods,113.93097195004914,115.45093796539652,112.63795368635392,113.93097195004914,70358,776028931057.1631,26.142508697492676,2.0228432820200872,0.0379279372270599,-0.8950365798005449,Bearish,51,2,0,108.55594612242388,101.46260777634971,99.57487570550528,103.70840187043092,101.06894907689627,2.6394527935346446,0.04066809268113869,2.8129842790425954,2.8129842790425954,63.69143068858449,99.57487570550528,115.25354921015457,83.89620220085598,109.4786827340133,107.88300802292876,107.62805701455916,153481.0,2023,3,18,5,1,77
2023-05-17,Sony,Automotive,116.63356202482056,119.90601203338846,115.40173561143168,116.63356202482056,139930,960819770935.49,16.237838398046755,3.791336460280296,0.0276460220892252,0.1403632635093878,Stable,51,1,2,111.1108563492742,104.54373934653594,100.64104360046248,105.69688804802934,102.22188336933512,3.4750046786942193,0.023721293942408517,4.504276421956789,4.504276421956789,71.43114059820441,100.64104360046248,118.02443924332326,83.2576479576017,113.93097195004914,109.4786827340133,107.88300802292876,70358.0,2023,5,17,2,2,137
2023-08-09,Sony,Energy,115.55294669733036,118.81965384545722,112.35098886475234,115.55294669733036,172402,18362410395.29416,17.963894519635726,4.69206871929072,0.0167801636746423,0.5726633107900809,Bearish,51,3,0,112.69583428582844,106.8665276001454,101.51821437086647,107.21320476330642,103.20936954177921,4.003835221527211,-0.009265046087336692,6.468664980704887,6.468664980704887,69.72871160043269,101.51821437086647,119.83807199673637,83.19835674499657,116.63356202482056,113.93097195004914,109.4786827340133,139930.0,2023,8,9,2,3,221
2023-11-09,Sony,Energy,122.22045983852466,124.27749391660682,118.74650967625294,122.22045983852466,123477,655038388349.9169,6.069230998268299,2.081090294226746,0.021021462685634,-0.122701963128031,Stable,51,3,2,115.5633246489476,109.82986802789478,102.6683391190697,109.52201323641691,104.61759845264925,4.904414783767663,0.05770093564691714,5.530984240353874,5.530984240353874,78.57163219079587,102.6683391190697,122.94432628602058,82.39235195211882,115.55294669733036,116.63356202482056,113.93097195004914,172402.0,2023,11,9,3,4,313
2023-11-28,Sony,Consumer Goods,117.74616964351311,119.2894529169548,114.25084158249912,117.74616964351311,78732,859556377487.3086,5.198303508534854,1.7684834329036696,0.0432616314535066,0.0483925421266147,Stable,51,2,2,117.21682203084757,111.74609579846489,103.461909146672,110.78726806827785,105.59008520752806,5.197182860749791,-0.036608356742585446,5.03861133445568,5.03861133445568,70.26903295894272,103.461909146672,124.34580616068943,82.57801213265456,122.22045983852466,115.55294669733036,116.63356202482056,123477.0,2023,11,28,1,4,332
2024-04-18,Sony,Technology,114.01772457734326,116.06677350382908,112.7136037297963,114.01772457734326,182414,224390820061.8149,24.03320047531831,0.2776251640457527,0.0193229124756334,-0.564542200634133,Bearish,51,6,0,117.23417255630639,112.89505933936513,103.98969991820556,111.28426137736483,106.21435479047733,5.069906586887498,-0.03166510704728698,3.3531697740327786,3.3531697740327786,80.147737546435,103.98969991820556,124.85756074040856,83.12183909600256,117.74616964351311,122.22045983852466,115.55294669733036,78732.0,2024,4,18,3,2,109
2024-08-05,Sony,Energy,125.9469563283352,128.67004663286792,123.52102464964008,125.9469563283352,159777,451169037073.02814,22.438260017474555,0.4608397923621615,0.0394963977724778,0.6109920920644887,Bullish,51,3,1,119.09685141700932,115.10385388314175,105.29265327178923,113.54006060059103,107.6760289784668,5.86403162212423,0.10462611664294186,5.14902198322784,5.14902198322784,82.21191644589298,105.29265327178923,128.23337175810656,82.35193478547191,114.01772457734326,117.74616964351311,122.22045983852466,182414.0,2024,8,5,0,3,218
2024-08-09,Sony,Aerospace,128.1821899911367,131.3534079160993,126.138430135929,128.1821899911367,77306,443829814356.1746,12.669111781447846,3.917500404226284,0.0383559645109326,-0.5264048290876397,Bullish,51,0,1,121.62270007577058,117.1592671807995,106.93116072529293,115.79269589144421,109.19500386829421,6.597692023150003,0.01774742104108018,5.214977780170287,5.214977780170287,82.8599779056327,106.93116072529293,131.52223287277414,82.34008857781171,125.9469563283352,114.01772457734326,117.74616964351311,159777.0,2024,8,9,4,3,222
2022-03-20,SpaceX,Consumer Goods,95.81611822436888,97.033333716621,93.84192143104283,95.81611822436888,170151,115123687994.47644,5.065795923371873,4.480203998286095,0.0276229411204922,-0.9923257089843982,Stable,52,2,2,95.81611822436888,95.81611822436888,95.81611822436888,95.81611822436888,95.81611822436888,0.0,0.0,3.191412285578167,3.191412285578167,80.72594054171441,95.81611822436888,99.4386743670166,88.23107859674158,95.81611822436888,95.81611822436888,95.81611822436888,170151.0,2022,3,20,6,1,79
2022-04-02,SpaceX,Automotive,91.8536347393893,93.5184802082846,90.03899457015929,91.8536347393893,154488,133143934914.20506,6.848138616398483,2.0723485776967165,0.0454847726889479,0.2484814739950362,Stable,52,1,2,93.83487648187909,93.83487648187909,93.83487648187909,95.20650538052587,95.5226009291852,-0.31609554865933376,-0.04135508261460541,3.479485638125311,3.479485638125311,72.50948344160278,93.83487648187909,99.4386743670166,88.23107859674158,95.81611822436888,95.81611822436888,95.81611822436888,170151.0,2022,4,2,5,2,92
2023-02-23,SpaceX,Healthcare,109.79393278710675,111.10027836829424,108.6168182749111,109.79393278710675,143610,326599538488.1228,21.255163267894,3.3944886253892026,0.0449062028870422,0.7480273426174313,Bearish,52,5,0,99.15456191695499,99.15456191695499,99.15456191695499,97.45072498153831,96.57973662236458,0.8709883591737366,0.1953139698675872,2.483460093383144,2.483460093383144,79.55658294532924,99.15456191695499,118.00369751800149,80.30542631590849,91.8536347393893,95.81611822436888,95.81611822436888,154488.0,2023,2,23,3,1,54
2023-08-03,SpaceX,Consumer Goods,115.40206315198247,118.3810587121536,113.46289498857294,115.40206315198247,128752,104205648166.89165,18.840199379752,4.583016508212055,0.0116571235527755,-0.9864069028277764,Bullish,52,2,1,103.21643722571186,103.21643722571186,103.21643722571186,100.2124693154528,97.9739830319659,2.2384862834868926,0.05107869098513884,4.918163723580662,4.918163723580662,80.12083599829968,103.21643722571186,125.59591975592195,80.83695469550176,109.79393278710675,91.8536347393893,95.81611822436888,143610.0,2023,8,3,3,3,215
2023-12-17,SpaceX,Consumer Goods,124.38057682455847,126.95338186876918,121.63924492535398,124.38057682455847,73321,175598669384.5498,35.41304882977008,0.8712170082268977,0.045436559819897,0.1443439235675394,Stable,52,2,2,107.44926514548118,107.44926514548118,107.44926514548118,103.93063970146905,99.9300270166024,4.000612684866653,0.07780202040886786,5.314136943415207,5.314136943415207,82.42216202075569,107.44926514548118,134.54110105055707,80.3574292404053,115.40206315198247,109.79393278710675,91.8536347393893,128752.0,2023,12,17,6,4,351
2024-01-16,SpaceX,Technology,120.14155309874272,122.80378828210524,117.34458639625558,120.14155309874272,117067,676165403842.2886,27.298179297831677,2.080726838203033,0.0121786418946735,-0.0727558513131003,Bullish,52,6,1,112.31435212035595,109.56464647102477,109.56464647102477,106.42462637797269,101.42717709676094,4.997449281211743,-0.03408107466646493,5.459201885849666,5.459201885849666,77.58312987771917,109.56464647102477,135.91934574506416,83.20994719698538,124.38057682455847,115.40206315198247,109.79393278710675,73321.0,2024,1,16,1,1,16
2024-02-02,SpaceX,Automotive,116.92604124898428,119.40527530482674,114.03007506935948,116.92604124898428,184668,617538627612.2511,8.596188835834818,4.271303944986679,0.0418023207042452,-0.7949416035443972,Bearish,52,1,0,117.32883342227494,110.61627429644754,110.61627429644754,108.04022866582062,102.57524110803674,5.464987557783886,-0.026764360596501113,5.375200235467261,5.375200235467261,73.03300863391239,110.61627429644754,135.30988214376788,85.9226664491272,120.14155309874272,124.38057682455847,115.40206315198247,117067.0,2024,2,2,4,1,33
2024-02-24,SpaceX,Automotive,117.26998990286393,118.5643740162043,115.09645323581071,117.26998990286393,162581,755082982120.9069,28.629902140238386,3.758380860114596,0.0231264028941443,0.2115074610418688,Bearish,52,1,0,118.82404484542637,111.4479887472496,111.4479887472496,109.46019193305806,103.66374101876468,5.796450914293374,0.0029415915411625804,3.467920780393584,3.467920780393584,72.17813371535955,111.4479887472496,134.78893183904856,88.10704565545063,116.92604124898428,120.14155309874272,124.38057682455847,184668.0,2024,2,24,5,1,55
2024-04-04,SpaceX,Energy,118.40087250560288,119.73381205810968,116.31677549749202,118.40087250560288,82254,391651720295.1163,18.815702384568983,4.641917528181537,0.0473546377138499,-0.8584171279776511,Bullish,52,3,1,119.42380671615044,112.22053138706663,112.22053138706663,110.83568125191111,104.75538038816009,6.08030086375102,0.009643410080240278,3.4170365606176603,3.4170365606176603,73.64831380111906,112.22053138706663,134.5405956355147,89.90046713861855,117.26998990286393,116.92604124898428,120.14155309874272,162581.0,2024,4,4,3,2,95
2024-05-25,SpaceX,Automotive,118.90044065098652,121.726069856414,116.93954513531727,118.90044065098652,152974,619878253656.18,24.193371266847887,0.7112761988840771,0.0224628695832891,-0.8579251571933175,Stable,52,1,2,118.32777948143605,112.88852231345861,112.88852231345861,112.07641346715349,105.80316262985095,6.273250837302541,0.004219294459675504,4.786524721096725,4.786524721096725,71.26807780235279,112.88852231345861,134.3519755419531,91.42506908496412,118.40087250560288,117.26998990286393,116.92604124898428,82254.0,2024,5,25,5,2,146
2024-06-27,SpaceX,Energy,116.79740710727285,119.82198751710057,115.04366210855336,116.79740710727285,153677,190505153326.5025,36.72473373700529,1.783843558116363,0.0280880991641415,-0.7363863402066413,Bullish,52,3,1,117.6589502831421,114.98665120174901,113.24387547653264,112.802720181018,106.61755110965998,6.185169071358018,-0.017687348610311737,4.778325408547204,4.778325408547204,73.83193559633725,113.24387547653264,133.7418748995224,92.74587605354287,118.90044065098652,118.40087250560288,117.26998990286393,152974.0,2024,6,27,3,2,179
2024-08-27,SpaceX,Healthcare,123.9232819231932,127.13210324238337,121.06812260452678,123.9232819231932,69256,830703921948.435,13.121394011538708,2.6179324261072647,0.0276028430026599,0.8122018573608516,Bearish,52,5,0,119.05839841798388,118.19361592012942,114.13382601375436,114.51357583366035,107.89945709584762,6.614118737812731,0.06101055659031518,6.063980637856588,6.063980637856588,80.49384748800279,114.13382601375436,134.62742172656874,93.64023030093998,116.79740710727285,118.90044065098652,118.40087250560288,153677.0,2024,8,27,1,3,240
2022-03-23,Spotify,Automotive,95.13782599257488,96.52823540166612,93.19887951188204,95.13782599257488,186330,471594387241.1206,10.840979124920482,1.3571928881710011,0.0347737381654764,0.1579306405916087,Bullish,53,1,1,95.13782599257488,95.13782599257488,95.13782599257488,95.13782599257488,95.13782599257488,0.0,0.0,3.3293558897840825,3.3293558897840825,76.4387191220759,95.13782599257488,124.97838532107235,80.88620611945532,95.13782599257488,95.13782599257488,95.13782599257488,186330.0,2022,3,23,2,1,82
2022-11-01,Spotify,Energy,110.7267654479528,112.53867051055718,109.11044542302508,110.7267654479528,54014,521739051868.2345,27.80837715472491,4.576285924589115,0.022730481655429,0.0746809936863623,Stable,53,3,2,102.93229572026384,102.93229572026384,102.93229572026384,97.53612437032533,96.2925622485288,1.2435621217965291,0.16385637671176734,3.4282250875320983,3.4282250875320983,80.88665915471653,102.93229572026384,124.97838532107235,80.88620611945532,95.13782599257488,95.13782599257488,95.13782599257488,186330.0,2022,11,1,1,4,305
2023-02-13,Spotify,Healthcare,109.9495750806878,112.12467241038804,107.73001750960546,109.9495750806878,101991,186273415801.9777,30.814801218248935,0.1107073773631472,0.023824999743056,-0.4101083519153159,Stable,53,5,2,105.27138884040517,105.27138884040517,105.27138884040517,99.4458860180734,97.30419282868871,2.1416931893846822,-0.007018992780298716,4.394654900782584,4.394654900782584,80.00760245414764,105.27138884040517,122.84043300449525,87.70234467631508,110.7267654479528,95.13782599257488,95.13782599257488,54014.0,2023,2,13,0,1,44
2023-02-26,Spotify,Consumer Goods,106.63551962483484,108.93237900024997,103.91779541369344,106.63551962483484,119449,984367055995.5012,10.768863637136672,3.8824465132550903,0.0100074611268265,-0.875589816948618,Stable,53,2,2,105.61242153651258,105.61242153651258,105.61242153651258,100.5519834960367,97.99540222099583,2.5565812750408696,-0.03014159402999872,5.014583586556526,5.014583586556526,80.73968731159363,105.61242153651258,120.02220043917197,91.2026426338532,109.9495750806878,110.7267654479528,95.13782599257488,101991.0,2023,2,26,6,1,57
2023-12-05,Spotify,Technology,120.30895762900978,121.72005117441482,118.54014203282634,120.30895762900978,73061,425102897771.1655,18.968506582580307,4.933645507504243,0.0244150196945268,0.2862087052357005,Stable,53,6,2,108.55172875501202,108.55172875501202,108.55172875501202,103.59151797803256,99.64825817714501,3.943259800887546,0.1282259237098562,3.1799091415884817,3.1799091415884817,79.50570247593643,108.55172875501202,126.67690005108821,90.42655745893583,106.63551962483484,109.9495750806878,110.7267654479528,119449.0,2023,12,5,1,4,339
2024-03-03,Spotify,Technology,114.32807042928252,116.6866263441562,111.68373444188528,114.32807042928252,174040,475411656962.7124,13.898098431204346,0.9975265746480422,0.0102055851034224,-0.6211131336651945,Bearish,53,6,0,112.38977764235354,109.51445236739043,109.51445236739043,105.24329527822485,100.73565167730335,4.507643600921497,-0.049712733927678165,5.0028919022709175,5.0028919022709175,70.68919236351013,109.51445236739043,126.39821822994688,92.63068650483399,120.30895762900978,106.63551962483484,109.9495750806878,73061.0,2024,3,3,6,1,63
2024-04-13,Spotify,Healthcare,115.83882461019324,117.4955991985203,113.35386934587729,115.83882461019324,183291,212770508411.3363,7.98694677695137,0.9456955001149232,0.0222520398755015,-0.9339761281993456,Stable,53,5,2,113.41218947480165,110.41793411636228,110.41793411636228,106.8733767139123,101.85440522788778,5.018971486024512,0.013214201685011417,4.14172985264301,4.14172985264301,67.01062717110518,110.41793411636228,126.55506865128909,94.28079958143546,114.32807042928252,120.30895762900978,106.63551962483484,174040.0,2024,4,13,5,2,104
2024-05-16,Spotify,Aerospace,119.34705744082233,121.42972912138931,117.23709343014862,119.34705744082233,181149,18670121803.643963,20.242766891526674,4.564655023873449,0.0458022641599933,0.8945999988401339,Stable,53,0,2,115.29168594682854,111.53407453191977,111.53407453191977,108.7924045180523,103.1501572436607,5.642247274391593,0.030285466400704175,4.192635691240696,4.192635691240696,73.81304808900536,111.53407453191977,127.75352941835575,95.31461964548379,115.83882461019324,114.32807042928252,120.30895762900978,183291.0,2024,5,16,3,2,137
2024-05-26,Spotify,Automotive,118.64555532120971,121.04832388262749,115.85413180565276,118.64555532120971,199646,298057693188.60205,35.773929019623466,1.5658160091488855,0.0438261408910937,0.6366156353506058,Bearish,53,1,0,117.69369308610351,112.3242390640631,112.3242390640631,110.3082738723842,104.29796450866432,6.010309363719884,-0.0058778333932568705,5.19419207697473,5.19419207697473,77.11152487866985,112.3242390640631,128.2196420716736,96.4288360564526,119.34705744082233,115.83882461019324,114.32807042928252,181149.0,2024,5,26,6,2,147
2024-07-29,Spotify,Technology,127.29438824053312,130.70527885918793,124.66135523524876,127.29438824053312,181886,781389253363.1323,9.794967206878498,4.713295884833152,0.0271262069212047,0.7371056615716753,Stable,53,6,2,119.09077920840818,113.8212539817101,113.8212539817101,112.92152223671481,106.00140330361756,6.920118933097243,0.07289639208066734,6.043923623939165,6.043923623939165,80.05571230281494,113.8212539817101,131.5478504874995,96.09465747592071,118.64555532120971,119.34705744082233,115.83882461019324,199646.0,2024,7,29,0,3,211
2022-01-22,Square,Finance,100.93127568210753,103.53651975477396,98.41259415600118,100.93127568210753,180608,534921435365.9897,16.202094138234422,2.156903243870373,0.0459704143569875,0.6406481762944018,Stable,54,4,2,100.93127568210753,100.93127568210753,100.93127568210753,100.93127568210753,100.93127568210753,0.0,0.0,5.123925598772786,5.123925598772786,79.70014195826393,100.93127568210753,106.55777052015723,89.1503164282767,100.93127568210753,100.93127568210753,100.93127568210753,180608.0,2022,1,22,5,1,22
2022-02-24,Square,Technology,94.7768112663264,97.25182200005698,92.9474370011501,94.7768112663264,69457,406985915965.2485,33.529143456812875,2.316468266363984,0.0457437834580052,0.0909806809896713,Bearish,54,6,0,97.85404347421697,97.85404347421697,97.85404347421697,99.98443500275658,100.4753894290867,-0.49095442633012,-0.06097678221332681,4.304384998906869,4.304384998906869,72.45346223219768,97.85404347421697,106.55777052015723,89.1503164282767,100.93127568210753,100.93127568210753,100.93127568210753,180608.0,2022,2,24,3,1,55
2022-03-04,Square,Energy,93.32201086592204,95.95318173167558,91.64475229603951,93.32201086592204,141387,643282638050.639,34.14381642714651,0.306654778216413,0.0273508226407207,-0.3143220703890985,Bearish,54,3,0,96.34336593811865,96.34336593811865,96.34336593811865,98.95944667401281,99.94550953551895,-0.9860628615061415,-0.015349750439654697,4.3084294356360715,4.3084294356360715,73.13971940526335,96.34336593811865,104.42192965093176,88.26480222530554,94.7768112663264,100.93127568210753,100.93127568210753,69457.0,2022,3,4,4,1,63
2022-04-07,Square,Consumer Goods,92.80868168603106,95.36080795867424,90.72118678245386,92.80868168603106,102256,530132016976.426,16.273780148021494,1.3442337122642167,0.0152200505646873,-0.4015359913978789,Bearish,54,2,0,95.45969487509676,95.45969487509676,95.45969487509676,98.01317513740022,99.41685562074207,-1.4036804833418444,-0.00550062279121355,4.639621176220388,4.639621176220388,69.43664675386309,95.45969487509676,102.94319587417978,87.97619387601374,93.32201086592204,94.7768112663264,100.93127568210753,141387.0,2022,4,7,3,2,97
2022-04-21,Square,Healthcare,91.94721315298136,93.32495712877284,89.7246364034099,91.94721315298136,140982,494779576288.1331,7.188977941407895,0.9009787706407396,0.0479300615116031,-0.9599535405356248,Bullish,54,5,1,94.75719853067368,94.75719853067368,94.75719853067368,97.0799502167204,98.86354877127832,-1.783598554557912,-0.00928219771469252,3.600320725362934,3.600320725362934,68.48243563928597,94.75719853067368,101.95942823271825,87.5549688286291,92.80868168603106,93.32201086592204,94.7768112663264,102256.0,2022,4,21,3,2,111
2022-05-01,Square,Automotive,90.57128467122983,92.06435388195295,88.25905017160514,90.57128467122983,137939,771214939609.943,39.68942511374563,1.0669667398784477,0.0443182036366022,0.1928679092513199,Bearish,54,1,0,92.68520032849814,94.05954622076638,94.05954622076638,96.0786170558757,98.24930698608954,-2.1706899302138396,-0.014964330451889496,3.8053037103478147,3.8053037103478147,56.40293617701728,94.05954622076638,101.3519354065728,86.76715703495995,91.94721315298136,92.80868168603106,93.32201086592204,140982.0,2022,5,1,6,2,121
2022-08-19,Square,Energy,87.01408040215334,87.93064628550522,85.22527407692702,87.01408040215334,54499,589519425936.424,5.628098749897214,2.917784836624093,0.0455830647332196,-0.8737872617689075,Bullish,54,3,1,91.13265415566352,93.05305110382164,93.05305110382164,94.68407295530304,97.41706797987204,-2.732995024569007,-0.03927518839982236,2.705372208578197,2.705372208578197,53.34369788332607,93.05305110382164,101.57834823275084,84.52775397489245,90.57128467122983,91.94721315298136,92.80868168603106,137939.0,2022,8,19,4,3,231
2022-09-25,Square,Energy,100.06197558033344,101.74438846682312,97.11910555345293,100.06197558033344,184508,996339440030.9176,10.909897233719017,1.1458597560708106,0.0336806737115625,0.9865303928594932,Bullish,54,3,1,92.4806470985458,93.92916666338563,93.92916666338563,95.51144258992309,97.6129870613877,-2.1015444714646065,0.14995153793359184,4.625282913370199,4.625282913370199,66.22395318735212,93.92916666338563,103.24905112718692,84.60928219958434,87.01408040215334,90.57128467122983,91.94721315298136,54499.0,2022,9,25,6,3,268
2022-10-23,Square,Finance,108.68212031182294,109.91343032963913,105.53962285246732,108.68212031182294,115726,62455509212.99582,18.26594941766841,1.266785850298307,0.0373850477705986,0.389836759563015,Stable,54,4,2,95.65533482370418,95.56838373543422,95.56838373543422,97.5377007009846,98.43292285771624,-0.8952221567316343,0.08614805655689795,4.373807477171809,4.373807477171809,63.17257365794476,95.56838373543422,108.71128636578644,82.42548110508201,100.06197558033344,87.01408040215334,90.57128467122983,184508.0,2022,10,23,6,4,296
2022-11-16,Square,Aerospace,111.1604872994337,112.3749338296255,108.61323584721856,111.1604872994337,160627,6140025583.9600525,20.24269090393557,2.9942270003971947,0.0321244788423348,0.8884176766922152,Bullish,54,0,1,99.49798965299465,97.12759409183417,97.12759409183417,99.63351402382293,99.37570540895456,0.2578086148683667,0.022803815204377686,3.761697982406943,3.761697982406943,72.11924069485599,97.12759409183417,112.96389701752818,81.29129116614016,108.68212031182294,100.06197558033344,87.01408040215334,115726.0,2022,11,16,2,4,320
2022-11-25,Square,Consumer Goods,109.63446441312108,112.36944046293496,107.19139746446656,109.63446441312108,82097,85014126243.51666,16.02218560145387,0.0574623664905765,0.0132415444186022,0.9716073189006098,Stable,54,2,2,103.3106256013729,97.99791296493552,98.26458230286025,101.17212177602264,100.13561348333727,1.0365082926853688,-0.013728105403154278,5.178042998468399,5.178042998468399,69.21777589661097,98.26458230286025,115.07500459878878,81.45416000693172,111.1604872994337,108.68212031182294,100.06197558033344,160627.0,2022,11,25,4,4,329
2023-03-15,Square,Technology,114.62219715396706,117.96830828938252,112.79727900247494,114.62219715396706,125353,482874025170.04,36.20180054682274,2.657886983874966,0.0370248523839297,-0.98571583646351,Stable,54,6,2,108.83224895173564,99.98245155369959,99.62771687378581,103.24136414186025,101.20869375523577,2.032670386624474,0.045494204468873756,5.171029286907583,5.171029286907583,70.06228259428053,99.62771687378581,118.23123245292837,81.02420129464326,109.63446441312108,111.1604872994337,108.68212031182294,82097.0,2023,3,15,2,1,74
2023-06-20,Square,Consumer Goods,125.02695051206636,127.74900251449452,123.74459368935536,125.02695051206636,78016,593325481431.9501,35.160987322140336,4.916528284092337,0.0208247997877438,0.5932897380302762,Stable,54,2,2,113.82524393808224,103.15294551831403,101.58150407673048,106.59299281419965,102.97300907055656,3.6199837436430897,0.0907743318174492,4.004408825139166,4.004408825139166,75.73001879797613,101.58150407673048,124.29160498285621,78.87140317060475,114.62219715396706,109.63446441312108,111.1604872994337,125353.0,2023,6,20,1,2,171
2023-11-11,Square,Aerospace,123.31370556728504,125.80272498614772,121.05602022111532,123.31370556728504,55569,197956972446.30447,23.45291632939301,2.374754826318741,0.0148678122690668,-0.0009033295906575,Stable,54,0,2,116.75156098917464,106.20344790643942,103.13380418319866,109.16541016082817,104.47972732957348,4.685682831254695,-0.013703005134208857,4.746704765032405,4.746704765032405,69.73920918749926,103.13380418319866,127.85252790204245,78.41508046435487,125.02695051206636,114.62219715396706,109.63446441312108,78016.0,2023,11,11,5,4,315
2023-11-15,Square,Energy,118.53524427204448,119.77547088002602,117.03921426027397,118.53524427204448,95002,617734405655.5613,16.66925627556887,2.192283576252891,0.0423357952921609,-0.496386467898237,Bullish,54,3,1,118.22651238369681,108.86225101834573,104.16056685578837,110.6069231010153,105.52087673271947,5.0860463682958255,-0.03875044767536595,2.736256619752055,2.736256619752055,64.3182653460984,104.16056685578837,129.27283173322385,79.0483019783529,123.31370556728504,125.02695051206636,114.62219715396706,55569.0,2023,11,15,2,4,319
2024-01-13,Square,Aerospace,119.2281010583628,121.47141413880348,117.9156065683494,119.2281010583628,132838,142632619133.57477,20.88813968379249,3.998589568093598,0.0160548468505309,0.1853921332857555,Bullish,54,0,1,120.14523971274514,111.72793265705903,105.10228774344928,111.93325817137645,106.53622668276712,5.397031488609329,0.0058451542456703365,3.5558075704540784,3.5558075704540784,71.82674981856294,105.10228774344928,130.50586565797317,79.6987098289254,118.53524427204448,123.31370556728504,125.02695051206636,95002.0,2024,1,13,5,1,13
2024-02-14,Square,Healthcare,116.47430765056764,117.78094491611964,113.62992630811074,116.47430765056764,123479,53286536910.7218,33.93501309758564,1.6874016283744908,0.0339987143304426,0.8753229212331841,Bullish,54,5,1,120.51566181206526,114.67395538190047,105.77123009092684,112.63188116817508,107.27238082853012,5.359500339644967,-0.023096848673679338,4.151018608008897,4.151018608008897,70.19875317516531,105.77123009092684,130.97910213418936,80.5633580476643,119.2281010583628,118.53524427204448,123.31370556728504,132838.0,2024,2,14,2,1,45
2024-06-04,Square,Finance,113.25380278662222,115.23331587873233,110.84255123696104,113.25380278662222,117506,633556436387.4506,29.854740112932305,0.8244238828256922,0.0305191739928362,0.680037663841397,Stable,54,4,2,118.16103226697643,115.99313810252934,106.18692857402101,112.72756141716695,107.71544912172212,5.012112295444837,-0.027649916354147375,4.390764641771284,4.390764641771284,67.03238376459,106.18692857402101,130.89522987885812,81.47862726918392,116.47430765056764,119.2281010583628,118.53524427204448,123479.0,2024,6,4,1,2,156
2022-01-04,Tencent,Automotive,98.85166254182025,101.30378293235488,96.9982178290946,98.85166254182025,153694,557748063521.1578,14.582695762993728,1.377739696097417,0.0361664061714439,0.7058527677091626,Stable,55,1,2,98.85166254182025,98.85166254182025,98.85166254182025,98.85166254182025,98.85166254182025,0.0,0.0,4.305565103260278,4.305565103260278,68.00853835708067,98.85166254182025,104.78053460083783,86.43757487997618,98.85166254182025,98.85166254182025,98.85166254182025,153694.0,2022,1,4,1,1,4
2022-03-03,Tencent,Technology,92.36644693899376,94.5081483040922,90.744168043836,92.36644693899376,90397,876567631799.4186,34.39873930987639,2.9521554491134667,0.0300190926346687,0.6246523604941232,Stable,55,6,2,95.609054740407,95.609054740407,95.609054740407,97.85393706446231,98.37127620087014,-0.517339136407827,-0.065605528891159,3.7639802602562042,3.7639802602562042,62.60172785513952,95.609054740407,104.78053460083783,86.43757487997618,98.85166254182025,98.85166254182025,98.85166254182025,153694.0,2022,3,3,3,1,62
2022-03-26,Tencent,Energy,96.68261397865966,98.77560107178876,94.82200056294676,96.68261397865966,111858,512945198226.0397,19.08144936402946,4.997719593595472,0.0499049128900554,-0.0016021063173363,Bearish,55,3,0,95.96690781982456,95.96690781982456,95.96690781982456,97.67373351280037,98.24619011033603,-0.5724565975356626,0.04672873302701186,3.953600508842001,3.953600508842001,68.50873868274198,95.96690781982456,102.56953815420854,89.36427748544057,92.36644693899376,98.85166254182025,98.85166254182025,90397.0,2022,3,26,5,1,85
2022-05-30,Tencent,Aerospace,96.22801387881736,98.10642456137084,94.17769767113182,96.22801387881736,169101,3337051235.152481,7.004808787716818,4.807566694915424,0.0211898387107628,-0.1634177778130281,Bearish,55,0,0,96.03218433457276,96.03218433457276,96.03218433457276,97.45131510757221,98.09669557466799,-0.6453804670957766,-0.004701983956935996,3.9287268902390196,3.9287268902390196,60.07801133246662,96.03218433457276,101.42952886026882,90.6348398088767,96.68261397865966,92.36644693899376,98.85166254182025,111858.0,2022,5,30,0,2,150
2022-06-20,Tencent,Automotive,96.07787978862372,98.42781151096696,94.76318951822805,96.07787978862372,105680,52544210852.051285,26.68948040697955,1.953410554929696,0.0235012986353527,0.5780456890962684,Bullish,55,1,1,96.04132342538296,96.04132342538296,96.04132342538296,97.24001736619552,97.94715366459064,-0.7071362983951275,-0.0015601910934451846,3.6646219927389154,3.6646219927389154,52.04484064288278,96.04132342538296,100.71573958212517,91.36690726864074,96.22801387881736,96.68261397865966,92.36644693899376,169101.0,2022,6,20,0,2,171
2022-07-07,Tencent,Finance,82.75031468495202,83.61138188059027,80.31147029825317,82.75031468495202,136202,522912141495.0978,10.073777533293596,3.6674337324605193,0.031406093347214,-0.7972403150602729,Stable,55,4,2,92.8210538540093,93.82615530197779,93.82615530197779,95.0108323383119,96.82146188832111,-1.8106295500092102,-0.1387162698947253,3.299911582337103,3.299911582337103,37.221525765812224,93.82615530197779,105.4557472416779,82.19656336227769,96.07787978862372,96.22801387881736,96.68261397865966,105680.0,2022,7,7,3,3,188
2022-07-16,Tencent,Healthcare,87.48401392472842,89.74745704757272,85.55454023020123,87.48401392472842,84754,405080964232.1689,30.20028138820896,0.0574032987468892,0.0240722002564141,0.1653722931091656,Bullish,55,5,1,91.84456725115623,92.92013510522789,92.92013510522789,93.85286027468368,96.12979907620313,-2.2769388015194494,0.05720460710993791,4.192916817371497,4.192916817371497,43.32257838513786,92.92013510522789,104.56876621008335,81.27150400037242,82.75031468495202,96.07787978862372,96.22801387881736,136202.0,2022,7,16,5,3,197
2022-08-28,Tencent,Finance,90.9328675112356,93.35920859241575,88.62027912271034,90.9328675112356,55539,259723668950.21185,24.337976517395383,4.695285479835936,0.0477224758962788,0.500306458863025,Stable,55,4,2,90.69461795767143,92.67172665597884,92.67172665597884,93.40363061876859,95.74484118250183,-2.3412105637332417,0.03942267200353422,4.738929469705411,4.738929469705411,41.77831607671536,92.67172665597884,103.54742665589674,81.79602665606095,87.48401392472842,82.75031468495202,96.07787978862372,84754.0,2022,8,28,6,3,240
2022-09-22,Tencent,Energy,98.53414232703928,100.06604625618404,96.86680937122892,98.53414232703928,187965,260973134583.57578,26.47155985237117,2.56363197130888,0.0422210365430422,0.7696158940613018,Bullish,55,3,1,91.1558436473158,93.32310617498555,93.32310617498555,94.1929401123487,95.95145608209721,-1.7585159697485153,0.08359216006098635,3.1992368849551127,3.1992368849551127,38.73743907802745,93.32310617498555,104.22128832511126,82.42492402485985,90.9328675112356,87.48401392472842,82.75031468495202,55539.0,2022,9,22,3,3,265
2022-11-10,Tencent,Aerospace,111.36305568598456,113.0743490252141,110.2463028830818,111.36305568598456,155510,699291747301.5481,30.167710657384944,2.6751275229946643,0.0159286984839729,-0.4039862856124891,Bullish,55,0,1,94.21287882678797,95.12710112608546,95.12710112608546,96.83449635444651,97.09305605275553,-0.25855969830901415,0.1301976457699865,2.828046142132308,2.828046142132308,51.891814479751034,95.12710112608546,110.48123989317858,79.77296235899234,98.53414232703928,90.9328675112356,87.48401392472842,187965.0,2022,11,10,3,4,314
2022-11-23,Tencent,Aerospace,109.60538340730804,112.16852084598617,106.64312817201014,109.60538340730804,174046,259429642367.21005,30.87531573076706,1.4051904069051413,0.0292018950924034,0.9041913033058476,Stable,55,0,2,99.58389257125918,96.20247321263425,96.44330860619661,98.7992482087329,98.01989511605572,0.7793530926771837,-0.01578326194310531,5.525392673976029,5.525392673976029,54.42947111663666,96.44330860619661,113.42566160282402,79.4609556095692,111.36305568598456,98.53414232703928,90.9328675112356,155510.0,2022,11,23,2,4,327
2023-02-16,Tencent,Healthcare,111.51658826802417,112.87216662406338,108.80586593377964,111.51658826802417,99115,598728937857.3046,35.399302721210105,2.4785187511594557,0.0130689130741154,0.3782421809915164,Stable,55,5,2,104.39040743991833,98.11748734553728,97.69941524468224,100.75576206400848,99.01965016434968,1.7361118996587948,0.017437144064482935,4.0663006902837395,4.0663006902837395,55.310898647036865,97.69941524468224,116.08192567143736,79.31690481792712,109.60538340730804,111.36305568598456,98.53414232703928,174046.0,2023,2,16,3,1,47
2023-02-25,Tencent,Healthcare,108.83201148274964,110.80536625493043,106.06197549398368,108.83201148274964,88304,433813502222.684,16.92854949264463,4.757210143628406,0.0494322128340082,-0.6831039256201881,Bullish,55,5,1,107.97023623422115,99.33242709594629,98.55576880145665,101.99826197458404,99.74649174349042,2.251770231093616,-0.024073340361007944,4.7433907609467525,4.7433907609467525,55.371744329911536,98.55576880145665,117.20759763928622,79.90393996362708,111.51658826802417,109.60538340730804,111.36305568598456,99115.0,2023,2,25,5,1,56
2023-03-06,Tencent,Technology,110.87423590089122,112.26587713010156,108.1917324761512,110.87423590089122,173633,757302208343.612,13.196455638541998,4.407817274703785,0.0154142173989313,-0.6486558000881786,Bearish,55,6,0,110.43825494899151,100.79704929815367,99.43565930855912,103.36379642478514,100.57076908848308,2.7930273363020603,0.018764923943956457,4.074144653950356,4.074144653950356,59.736122603657456,99.43565930855912,118.52716274618673,80.34415587093152,108.83201148274964,111.51658826802417,109.60538340730804,88304.0,2023,3,6,0,1,65
2023-03-19,Tencent,Energy,112.11159876611288,115.45887177667171,109.30537487343788,112.11159876611288,53267,941296266728.1542,36.75830576494964,2.4217221314575434,0.0185966612554687,-0.0995274266547654,Stable,55,3,2,110.58796356501719,102.40042119590257,100.2807219390627,104.70961216960478,101.42564536090009,3.2839668087046903,0.011160057656024902,6.15349690323383,6.15349690323383,60.52719041242844,100.2807219390627,119.80759254485352,80.75385133327188,110.87423590089122,108.83201148274964,111.51658826802417,173633.0,2023,3,19,6,1,78
2023-06-06,Tencent,Technology,116.077638792535,119.50992547508,114.7158459708516,116.077638792535,94482,466346994213.2283,20.70985750861479,2.6662569963955125,0.0213345627556447,-0.7924873129282872,Stable,55,6,2,111.88241464206257,105.73315360666088,101.26802924240472,106.45853934236328,102.51097820768786,3.947561134675425,0.03537582257386296,4.794079504228392,4.794079504228392,69.60889735465565,101.26802924240472,121.71954286521083,80.81651561959862,112.11159876611288,110.87423590089122,108.83201148274964,53267.0,2023,6,6,1,2,157
2023-06-29,Tencent,Healthcare,121.90165695343264,125.307574811132,120.44401115716272,121.90165695343264,70559,588824220707.2649,5.430839605562646,4.442320549614603,0.0203241571664187,0.0257257587539823,Bearish,55,5,0,113.95942837914427,109.17491790953132,102.48177204893578,108.83440359022009,103.94732478144672,4.887078808773367,0.05017347200959943,4.86356365396928,4.86356365396928,70.34839443214408,102.48177204893578,124.6695739387115,80.29397015916007,116.077638792535,112.11159876611288,110.87423590089122,94482.0,2023,6,29,3,2,180
2023-07-25,Tencent,Finance,113.29977854450856,116.43064686523049,111.97290301587915,113.29977854450856,152023,35153578173.21902,39.02088397738069,4.8057970785508255,0.016794903776179,-0.7609382609058444,Stable,55,4,2,114.85298179149603,111.41160901285859,103.08277240980094,109.52138435241832,104.64009913426611,4.881285218152215,-0.0705640811117938,4.457743849351331,4.457743849351331,62.174044704512696,103.08277240980094,125.20394592154176,80.96159889806012,121.90165695343264,116.077638792535,112.11159876611288,70559.0,2023,7,25,1,3,206
2023-07-29,Tencent,Finance,114.47271205980464,117.10221213249568,111.98331965152356,114.47271205980464,177016,52645140404.28543,9.7526166472378,0.0684927520445727,0.0265471471594104,-0.7220620162267508,Bullish,55,4,1,115.57267702327874,113.00546598613514,103.68224291769586,110.28312707663162,105.36844083245416,4.91468624417746,0.010352478445801339,5.1188924809721215,5.1188924809721215,62.9289381540941,103.68224291769586,125.80626024354012,81.5582255918516,113.29977854450856,121.90165695343264,116.077638792535,152023.0,2023,7,29,5,3,210
2023-08-28,Tencent,Aerospace,112.1862933700959,113.3791030015185,110.46736459664696,112.1862933700959,70309,256051218203.70343,33.938524082874665,4.30522649751656,0.0344910306277548,-0.0329002984192619,Bearish,55,0,0,115.58761594407535,113.08778975454626,104.10744544031586,110.57592189101074,105.87346694635355,4.702454944657191,-0.019973482313533686,2.9117384048715422,2.9117384048715422,74.49036050193482,104.10744544031586,125.9746406362265,82.24025024440522,114.47271205980464,113.29977854450856,121.90165695343264,177016.0,2023,8,28,0,3,240
2023-10-26,Tencent,Finance,118.02772392395494,120.00861751938774,115.70117056235206,118.02772392395494,75934,149842864114.22452,39.86430323738044,3.456059046932702,0.0463206035749989,0.8592992154026566,Bearish,55,4,0,115.97763297035934,113.93002380621097,105.06624850942259,111.72235297300216,106.77378227802772,4.9485706949744355,0.05206902178850403,4.30744695703568,4.30744695703568,74.95205346407444,105.06624850942259,127.63353925428815,82.49895776455703,112.1862933700959,114.47271205980464,113.29977854450856,70309.0,2023,10,26,3,4,299
2024-03-01,Tencent,Aerospace,115.5870427895878,116.79033072821062,113.07014047750611,115.5870427895878,126125,301552255244.9018,28.65467112625177,1.3268505580098773,0.0125473907001006,0.454904782572241,Stable,55,0,2,114.71471013759037,114.33706925836732,106.22727830195228,112.31692063709227,107.42661638999513,4.890304247097134,-0.02067887995484574,3.720190250704505,3.720190250704505,70.47803616971454,106.22727830195228,128.42986114696149,84.02469545694309,118.02772392395494,112.1862933700959,114.47271205980464,75934.0,2024,3,1,4,1,61
2024-05-17,Tencent,Healthcare,120.72004449780388,122.56080262312815,117.39840037532892,120.72004449780388,175501,602950610679.0221,16.623477788759775,1.698851211494219,0.0441296987678847,-0.5887570246013178,Stable,55,5,2,116.19876332824943,115.52587255987275,107.42914982790951,113.6097089233556,108.41131476835133,5.198394155004266,0.044408106517268564,5.1624022477992355,5.1624022477992355,69.21577489141846,107.42914982790951,130.05463385467272,84.80366580114631,115.5870427895878,118.02772392395494,112.1862933700959,126125.0,2024,5,17,4,2,138
2022-01-02,Tesla,Automotive,100.07110556929392,102.03795989347655,97.1526751247954,100.07110556929392,196867,975565774367.0736,18.602847952044648,0.2885146420794943,0.0224720854782307,0.4694171405300513,Bearish,56,1,0,100.07110556929392,100.07110556929392,100.07110556929392,100.07110556929392,100.07110556929392,0.0,0.0,4.88528476868116,4.88528476868116,60.419938534177064,100.07110556929392,100.34760045928849,99.49217052595392,100.07110556929392,100.07110556929392,100.07110556929392,196867.0,2022,1,2,6,1,2
2022-01-11,Tesla,Finance,99.7686654159485,102.73169564139634,98.5320288063479,99.7686654159485,176324,427362116431.4127,16.09228670707307,4.511182017311191,0.0304920138754832,-0.0445157472009281,Bullish,56,4,1,99.9198854926212,99.9198854926212,99.9198854926212,100.02457631493309,100.04870259497204,-0.024126280038956338,-0.003022252543577575,4.199666835048447,4.199666835048447,62.44379931956827,99.9198854926212,100.34760045928849,99.49217052595392,100.07110556929392,100.07110556929392,100.07110556929392,196867.0,2022,1,11,1,1,11
2022-01-15,Tesla,Finance,97.5460051740034,99.0332011896233,95.76089910316465,97.5460051740034,114820,625351011064.0012,27.26247673054388,4.199080810727655,0.0359294358952838,0.2665264032188208,Bearish,56,4,0,99.12859205308195,99.12859205308195,99.12859205308195,99.64325767786697,99.86331760082622,-0.22005992295925125,-0.02227813946070689,3.2723020864586516,3.2723020864586516,57.63141821666439,99.12859205308195,101.8863472517626,96.37083685440129,99.7686654159485,100.07110556929392,100.07110556929392,176324.0,2022,1,15,5,1,15
2022-11-19,Tesla,Energy,109.27988091407636,111.29049671373852,106.57644902665064,109.27988091407636,127575,908792607960.0984,33.21685583513268,2.038164289898279,0.0366507144591615,-0.494939220727111,Bearish,56,3,0,101.66641426833054,101.66641426833054,101.66641426833054,101.12581509882226,100.56084080921512,0.5649742896071359,0.12029068457639003,4.714047687087884,4.714047687087884,69.97615954447106,101.66641426833054,112.0644336965638,91.26839484009729,97.5460051740034,99.7686654159485,100.07110556929392,114820.0,2022,11,19,5,4,323
2022-12-07,Tesla,Finance,107.60083992882254,110.24929278021294,105.31532053857644,107.60083992882254,145285,392759060233.7514,7.397689231944285,0.0398220237272556,0.0443822558767174,-0.7585067282066398,Stable,56,4,2,102.85329940042894,102.85329940042894,102.85329940042894,102.12197276497615,101.08232222548234,1.039650539493806,-0.015364593841148189,4.933972241636496,4.933972241636496,66.56650692549735,102.85329940042894,113.30619528426715,92.40040351659073,109.27988091407636,97.5460051740034,99.7686654159485,127575.0,2022,12,7,2,4,341
2022-12-17,Tesla,Technology,108.7717342337714,111.01827448196389,106.48013547266764,108.7717342337714,136672,474100314546.65344,35.597935344842305,4.046621991426312,0.0270375083386775,0.2549357975321455,Bullish,56,6,1,104.59342513332444,103.83970520598602,103.83970520598602,103.14501299094465,101.65190830017043,1.4931046907742171,0.01088183238832885,4.538139009296245,4.538139009296245,66.52407708602223,103.83970520598602,114.36407406137923,93.31533635059282,107.60083992882254,109.27988091407636,97.5460051740034,145285.0,2022,12,17,5,4,351
2023-02-14,Tesla,Aerospace,109.15333535849204,111.97788157544684,107.9877957656984,109.15333535849204,154182,462635193474.89496,23.38339151320561,4.725570943780044,0.0426307761854042,-0.0490727876617591,Bullish,56,0,1,106.47035912183314,104.5987952277726,104.5987952277726,104.06937027825964,102.20756956374981,1.861800714509826,0.0035082747131760517,3.99008580974845,3.99008580974845,64.06475654617614,104.5987952277726,115.01205813379306,94.18553232175213,108.7717342337714,107.60083992882254,109.27988091407636,136672.0,2023,2,14,1,1,45
2023-05-01,Tesla,Healthcare,117.301791884528,119.33534955538757,113.91185856547884,117.301791884528,137508,871960946194.1481,30.24877078872009,3.3873670741173645,0.0236738914199236,-0.1048962897878762,Bullish,56,5,1,110.42151646393806,106.18666980986703,106.18666980986703,106.10512744845478,103.32566010602969,2.779467342425093,0.074651466208284,5.4234909899087285,5.4234909899087285,65.69889030176319,106.18666980986703,119.36347681695771,93.00986280277634,109.15333535849204,108.7717342337714,107.60083992882254,154182.0,2023,5,1,0,2,121
2023-05-08,Tesla,Healthcare,117.6404866288742,119.964401195297,114.9542589671022,117.6404866288742,71689,542936157083.6481,13.984297990851603,1.7348132986727922,0.0109644077363466,-0.0555471484875913,Bullish,56,5,1,112.09363760689764,107.45931612309003,107.45931612309003,107.87979809159623,104.3860176262404,3.493780465355826,0.002887379117614941,5.010142228194795,5.010142228194795,79.15799908622742,107.45931612309003,121.95867278218064,92.95995946399943,117.301791884528,109.15333535849204,108.7717342337714,137508.0,2023,5,8,0,2,128
2023-05-10,Tesla,Healthcare,117.80245440756104,119.1678312996389,114.32163794407468,117.80245440756104,138461,82444963062.87427,33.01242076581923,0.7933943684484246,0.0150838496087375,-0.2141813287902134,Bullish,56,5,1,114.13396050264535,108.49362995153714,108.49362995153714,109.40636060174467,105.37982775819009,4.026532843554577,0.0013768030320870928,4.846193355564225,4.846193355564225,78.6544148894811,108.49362995153714,123.64831599864704,93.33894390442725,117.6404866288742,117.301791884528,109.15333535849204,71689.0,2023,5,10,2,2,130
2023-06-05,Tesla,Automotive,117.42256115850697,119.87093396094032,114.59236186866286,117.42256115850697,65485,384463304715.92847,23.637244480300133,2.746713224513788,0.0415096875320947,-0.456671617272689,Bearish,56,1,0,115.86412588759245,110.22877551045845,109.30535097035258,110.63962222586193,106.27188208413948,4.36774014172245,-0.0032248330560223915,5.278572092277457,5.278572092277457,82.40946688424096,109.30535097035258,124.65752550078437,93.95317643992078,117.80245440756104,117.6404866288742,117.301791884528,138461.0,2023,6,5,0,2,156
2023-06-23,Tesla,Automotive,122.77813097525085,125.89170274850356,120.35031136206425,122.77813097525085,153333,96166246446.67166,18.448386704808343,3.739192872060359,0.0102933660334472,-0.6249910857620393,Bullish,56,1,1,118.5890850109442,112.52972206638867,110.42808263742744,112.5070851103833,107.49456718718476,5.012517923198544,0.04560937663005382,5.541391386439315,5.541391386439315,82.19281760065057,110.42808263742744,127.0042170846868,93.85194819016807,117.42256115850697,117.80245440756104,117.6404866288742,65485.0,2023,6,23,4,2,174
2023-08-02,Tesla,Aerospace,115.0934974462144,116.30078280889362,111.89251692365966,115.0934974462144,155616,89467028639.01814,19.49525785148794,0.0857489095759905,0.0495415994818282,0.4223201750555323,Bullish,56,0,1,118.1474261232815,114.2844712936098,110.78696069964182,112.90499470051117,108.05745091007583,4.8475437904353385,-0.06258959529678365,4.408265885233959,4.408265885233959,72.54885036908432,110.78696069964182,126.86701482112512,94.70690657815852,122.77813097525085,117.42256115850697,117.80245440756104,153333.0,2023,8,2,2,3,214
2023-12-24,Tesla,Automotive,125.01451185625,127.9314406383777,121.38914668617284,125.01451185625,145257,732226109518.049,29.85385197475973,1.8190482057046675,0.0227897278163077,0.2057857652108705,Stable,56,1,2,119.62223116875664,115.85793438782714,111.80321435368525,114.76799733985561,109.31352949868132,5.454467841174292,0.08619960840682506,6.542293952204858,6.542293952204858,75.20516565844758,111.80321435368525,129.02278133396766,94.58364737340283,115.0934974462144,122.77813097525085,117.42256115850697,155616.0,2023,12,24,6,4,358
2024-02-12,Tesla,Healthcare,116.14278155114413,118.1316368307728,114.31732362724216,116.14278155114413,76069,457401786235.4883,7.895041153352371,4.694474800206375,0.042495628967446,0.1455210659101735,Bearish,56,5,0,119.29029659747327,116.7121285500593,112.09251883351585,114.97950260313077,109.81940002108597,5.1601025820448,-0.07096560369973026,3.814313203530645,3.814313203530645,63.77120384001279,112.09251883351585,128.83634686436196,95.34869080266975,125.01451185625,115.0934974462144,122.77813097525085,145257.0,2024,2,12,0,1,43
2024-05-08,Tesla,Energy,117.68040339316538,120.4539404513242,115.48643611498515,117.68040339316538,187023,776946906841.221,12.69318720881165,2.9864621017673465,0.0258702022582211,0.9678618802848044,Stable,56,3,2,119.34186504440495,117.6029954659987,112.44176161849394,115.39502580159763,110.40169656716593,4.993329234431698,0.01323906506702821,4.967504336339047,4.967504336339047,65.02973904261955,112.44176161849394,128.85734888937068,96.02617434761721,116.14278155114413,125.01451185625,115.0934974462144,76069.0,2024,5,8,2,2,129
2024-08-15,Tesla,Consumer Goods,124.47869354900988,127.85868939915088,122.78180658969116,124.47869354900988,102329,106262166418.85316,5.496651728851852,3.9474614921202615,0.038717307637604,-0.8764752274196006,Bullish,56,2,1,119.68197755915676,119.13553128505048,113.14981643793605,116.79251314735336,111.44443708433955,5.3480760630138064,0.057769092897580254,5.076882809459718,5.076882809459718,70.98761665483386,113.14981643793605,130.08264747754896,96.21698539832315,117.68040339316538,116.14278155114413,125.01451185625,187023.0,2024,8,15,3,3,228
2022-04-10,TotalEnergies,Finance,96.55015454177838,99.30482271563314,95.19108743283068,96.55015454177838,85222,68108224515.79438,29.339547691481865,1.808551274297903,0.0418884429031505,0.4502223198666322,Bearish,57,4,0,96.55015454177838,96.55015454177838,96.55015454177838,96.55015454177838,96.55015454177838,0.0,0.0,4.113735282802452,4.113735282802452,64.49454894606093,96.55015454177838,105.6379002272517,77.52190254628756,96.55015454177838,96.55015454177838,96.55015454177838,85222.0,2022,4,10,6,2,100
2022-08-03,TotalEnergies,Automotive,86.60964823176089,88.6956573282121,85.4726141570233,86.60964823176089,96843,53631152141.25136,8.41468785837549,0.7197095678611543,0.0309440218861044,0.7120021497863056,Bearish,57,1,0,91.57990138676963,91.57990138676963,91.57990138676963,95.02084587869876,95.81382074103634,-0.792974862337573,-0.10295691764756443,3.223043171188806,3.223043171188806,55.715313390912854,91.57990138676963,105.6379002272517,77.52190254628756,96.55015454177838,96.55015454177838,96.55015454177838,85222.0,2022,8,3,2,3,215
2022-12-29,TotalEnergies,Finance,108.89838795581898,111.55824830486476,106.92487423611,108.89838795581898,150235,372461695709.4858,19.75054145527366,3.9724281682424536,0.0309425431811942,-0.3223739567903037,Bearish,57,4,0,97.35273024311941,97.35273024311941,97.35273024311941,97.15585235210187,96.78304794213135,0.3728044099705272,0.25734707597951556,4.633374068754762,4.633374068754762,67.14682303639559,97.35273024311941,119.6847767627726,75.02068372346622,86.60964823176089,96.55015454177838,96.55015454177838,96843.0,2022,12,29,3,4,363
2023-02-22,TotalEnergies,Automotive,109.51233445043027,112.72901542445425,107.82458750413949,109.51233445043027,151042,651867947335.4624,36.87368028022989,3.824004862296386,0.047641930401535,0.4537538122795432,Bullish,57,1,1,100.39263129494714,100.39263129494714,100.39263129494714,99.05684959799855,97.7259580538572,1.3308915441413518,0.0056377923138806185,4.90442792031476,4.90442792031476,67.2398652654818,100.39263129494714,122.30920437672907,78.4760582131652,108.89838795581898,86.60964823176089,96.55015454177838,150235.0,2023,2,22,2,1,53
2023-04-04,TotalEnergies,Finance,103.82553823926966,105.78573992818144,102.5210695483402,103.82553823926966,67955,896325081382.3533,21.19981842555477,4.946088769788751,0.0345760002972529,-0.4194897892549412,Bullish,57,4,1,101.07921268381163,101.07921268381163,101.07921268381163,99.79049400434795,98.17777880833219,1.6127151960157562,-0.05192836258763789,3.264670379841249,3.264670379841249,59.08041812971544,101.07921268381163,120.30627724935357,81.8521481182697,109.51233445043027,108.89838795581898,86.60964823176089,151042.0,2023,4,4,1,2,94
2023-04-16,TotalEnergies,Technology,107.37331531210658,108.67449884000784,104.18261450459607,107.37331531210658,181800,553448451139.3665,6.038387807265893,1.7497246976481988,0.0371396467460232,0.8907432992295556,Stable,57,6,2,103.24384483787728,102.12822978852746,102.12822978852746,100.95708189784928,98.85892966046363,2.098152237385648,0.03417056278254926,4.491884335411768,4.491884335411768,60.666560261130414,102.12822978852746,120.07689254400002,84.17956703305491,103.82553823926966,109.51233445043027,108.89838795581898,67955.0,2023,4,16,6,2,106
2023-04-23,TotalEnergies,Consumer Goods,110.1673843408078,111.9513952107134,108.316137566469,110.1673843408078,101934,725101733314.1842,30.545110809696745,0.4768580113652931,0.0287807466138253,-0.0555030021096829,Stable,57,2,2,107.95539205968666,103.27668043885322,103.27668043885322,102.37405150445828,99.69659297011876,2.6774585343395216,0.02602200575235636,3.6352576442444047,3.6352576442444047,61.87855842393262,103.27668043885322,120.75215948863273,85.80120138907371,107.37331531210658,103.82553823926966,109.51233445043027,181800.0,2023,4,23,6,2,113
2023-05-02,TotalEnergies,Automotive,117.797984221243,119.92473647448308,114.70543472547855,117.797984221243,168324,434221678622.4325,35.20081760193443,3.7925094045819536,0.0449549982208407,0.4600034421617229,Bearish,57,1,0,109.73531131277147,105.09184341165195,105.09184341165195,104.74696423011747,101.03743676649833,3.709527463619139,0.06926369293501233,5.219301749004529,5.219301749004529,65.27115928138656,105.09184341165195,124.25428111263078,85.92940571067312,110.1673843408078,107.37331531210658,103.82553823926966,101934.0,2023,5,2,1,2,122
2024-03-04,TotalEnergies,Healthcare,115.79894631132454,118.9761596263168,114.55638720710304,115.79894631132454,194118,383143753963.7642,35.64289292934156,1.4697455050844876,0.0278163808442314,-0.1977040610164049,Stable,57,5,2,110.9926336849503,106.28152151161557,106.28152151161557,106.44726916568779,102.13088191796693,4.316387247720854,-0.016970051933689723,4.419772419213757,4.419772419213757,61.727822852299255,106.28152151161557,125.57533307513503,86.9877099480961,117.797984221243,110.1673843408078,107.37331531210658,168324.0,2024,3,4,0,1,64
2024-03-26,TotalEnergies,Technology,120.42441819892372,123.66963019645402,118.46604278011728,120.42441819892372,141922,510214522504.9465,19.552912524060755,3.2330022197433097,0.0370657853927939,0.5184779593139901,Bearish,57,6,0,114.31240967688113,107.6958111803464,107.6958111803464,108.59759978618563,103.48595867951929,5.11164110666634,0.03994398943116151,5.203587416336745,5.203587416336745,69.27959418450425,107.6958111803464,127.9664435043573,87.42517885633549,115.79894631132454,117.797984221243,110.1673843408078,194118.0,2024,3,26,1,1,86
2024-04-02,TotalEnergies,Healthcare,118.78568061766532,120.32407835488078,116.13945969734476,118.78568061766532,51917,575012794935.4489,31.39080622249338,1.3923536446377616,0.0492496638982184,-0.3553503510611502,Bullish,57,5,1,116.59488273799289,109.91936378793507,108.70398112919356,110.16499683718251,104.61927141567824,5.545725421504272,-0.013608017425099317,4.184618657536021,4.184618657536021,63.91482788045915,108.70398112919356,129.0640050424184,88.34395721596874,120.42441819892372,115.79894631132454,117.797984221243,141922.0,2024,4,2,1,2,93
2024-06-14,TotalEnergies,Aerospace,112.77603788198708,114.26828580486242,110.2239559723387,112.77603788198708,109379,654421719576.6261,27.783506729132544,4.523831708400589,0.0196869860138988,-0.9646599104091322,Stable,57,0,2,117.11661344622874,112.53600275295769,109.04331919192634,110.56669545946013,105.22347633910853,5.3432191203516055,-0.05059231638383621,4.044329832523715,4.044329832523715,66.35028017875241,109.04331919192634,128.59768421697993,89.48895416687276,118.78568061766532,120.42441819892372,115.79894631132454,51917.0,2024,6,14,4,2,166
2024-09-01,TotalEnergies,Aerospace,127.39554803394871,130.8454610914418,125.148401857148,127.39554803394871,106264,899001923182.2291,34.932244475642946,3.4438127040568265,0.0300986259905106,0.3158989715632518,Bearish,57,0,0,119.03612620876989,114.38571876077067,110.45502910285116,113.15574970168916,106.8658520202078,6.289897681481364,0.12963312443428832,5.697059234293789,5.697059234293789,71.34162021388784,110.45502910285116,131.76560986172908,89.14444834397325,112.77603788198708,118.78568061766532,120.42441819892372,109379.0,2024,9,1,6,3,245
2022-02-10,Toyota,Automotive,95.10632312044017,97.76103147111742,93.8096724455062,95.10632312044017,91606,506002371226.9277,25.20104741506425,0.1640481206430422,0.0204937186712378,-0.0573834508517576,Bullish,58,1,1,95.10632312044017,95.10632312044017,95.10632312044017,95.10632312044017,95.10632312044017,0.0,0.0,3.951359025611225,3.951359025611225,68.94800419135784,95.10632312044017,96.06453214760249,94.64868991511791,95.10632312044017,95.10632312044017,95.10632312044017,91606.0,2022,2,10,3,1,41
2022-02-16,Toyota,Aerospace,95.60689894228024,97.85919655102587,93.19773827528635,95.60689894228024,170174,721092283214.196,30.95992215295255,0.4752652276634639,0.022663470396346,-0.1752670254506378,Bullish,58,0,1,95.3566110313602,95.3566110313602,95.3566110313602,95.18333478533864,95.14340281094684,0.039931974391805625,0.005263328508727572,4.66145827573952,4.66145827573952,69.13780577080736,95.3566110313602,96.06453214760249,94.64868991511791,95.10632312044017,95.10632312044017,95.10632312044017,91606.0,2022,2,16,2,1,47
2022-04-19,Toyota,Consumer Goods,93.73732530608356,96.18256600961494,91.92390479908904,93.73732530608356,187982,251479929901.03616,13.255015970029048,2.24406822873303,0.0193997711013876,0.4896501510598261,Bearish,58,2,0,94.81684912293467,94.81684912293467,94.81684912293467,94.96087178853017,95.0392489216977,-0.07837713316753536,-0.01955479841810759,4.258661210525901,4.258661210525901,76.69636344257859,94.81684912293467,96.75248627045409,92.88121197541525,95.60689894228024,95.10632312044017,95.10632312044017,170174.0,2022,4,19,1,2,109
2022-08-11,Toyota,Healthcare,86.39753841463063,87.94993019114284,84.4433231362695,86.39753841463063,162893,337034093364.5936,39.2321636290735,0.4604762661645117,0.0340987932281382,0.449392508523649,Stable,58,5,2,92.71202144585865,92.71202144585865,92.71202144585865,93.64343588485332,94.3991222174705,-0.7556863326171879,-0.07830164630243164,3.506607054873342,3.506607054873342,58.31277115592926,92.71202144585865,101.27838513847648,84.14565775324083,93.73732530608356,95.60689894228024,95.10632312044017,187982.0,2022,8,11,3,3,223
2023-01-16,Toyota,Finance,118.6772096889002,122.09780868876886,115.51881004520308,118.6772096889002,119042,32271011433.768726,7.391932743629114,2.7068480507863435,0.0161567803913162,-0.2612917398211354,Bearish,58,4,0,97.90505909446696,97.90505909446696,97.90505909446696,97.49478570086053,96.19749906720604,1.297286633654494,0.37361795100406825,6.578998643565782,6.578998643565782,72.89238336768855,97.90505909446696,122.28516862217248,73.52494956676145,86.39753841463063,93.73732530608356,95.60689894228024,162893.0,2023,1,16,0,1,16
2023-08-25,Toyota,Aerospace,113.80959192349864,116.63826445288556,110.7294528418662,113.80959192349864,112292,157007680947.38177,13.641759933365496,2.346426136628952,0.0295948190687097,0.3542899333433384,Stable,58,0,2,101.64571285507866,100.55581456597224,100.55581456597224,100.0047558889587,97.50209853804253,2.5026573509161665,-0.04101560677202898,5.90881161101936,5.90881161101936,73.55790377113065,100.55581456597224,125.93588355995841,75.17574557198607,118.6772096889002,86.39753841463063,93.73732530608356,119042.0,2023,8,25,4,3,237
2023-09-22,Toyota,Aerospace,120.74388252572416,122.63269256483814,118.22627995626009,120.74388252572416,198172,289396909935.1075,9.633033266224036,3.4269767172300285,0.0151028069828548,-0.6342709464902552,Bullish,58,0,1,106.67310957176744,103.43982427450824,103.43982427450824,103.19539075615339,99.2237121667597,3.97167858939369,0.060928876775928176,4.4064126085780515,4.4064126085780515,74.51964662720094,103.43982427450824,131.18293611185658,75.6967124371599,113.80959192349864,118.6772096889002,86.39753841463063,112292.0,2023,9,22,4,3,265
2023-10-02,Toyota,Technology,117.84636001722598,119.48898151060634,115.11587661499148,117.84636001722598,111877,376296579629.8447,21.337372703091575,2.922498977653951,0.0362361325239359,0.7244228466438762,Bearish,58,6,0,111.49491651399592,105.24064124234795,105.24064124234795,105.44938602708763,100.60316756309052,4.846218463997104,-0.02399726137579583,4.373104895614858,4.373104895614858,71.43939836966871,105.24064124234795,132.87214623959292,77.60913624510297,120.74388252572416,113.80959192349864,118.6772096889002,198172.0,2023,10,2,0,4,275
2023-11-20,Toyota,Technology,116.63198602475651,118.94753759715589,114.9435548962628,116.63198602475651,74071,581351121209.5349,12.022785609131644,0.0435307353127178,0.0165848205294601,-0.406924820759476,Bearish,58,6,0,117.5418060360211,106.50634621817113,106.50634621817113,107.169786026729,101.79048744913985,5.379298577589154,-0.01030472211693223,4.00398270089309,4.00398270089309,67.92899088439917,106.50634621817113,133.44581330552876,79.5668791308135,117.84636001722598,120.74388252572416,113.80959192349864,111877.0,2023,11,20,0,4,324
2024-02-25,Toyota,Finance,117.49183627237822,120.8808500331174,114.48461833588308,117.49183627237822,53812,171307460235.74362,9.060793847185924,3.117389152596482,0.0121508924664793,0.2637603184937702,Bullish,58,4,1,117.3047313527167,107.60489522359183,107.60489522359183,108.75779375682887,102.95355032493528,5.804243431893596,0.007372336499861909,6.396231697234313,6.396231697234313,69.83624432688862,107.60489522359183,133.93681642167488,81.27297402550877,116.63198602475651,117.84636001722598,120.74388252572416,74071.0,2024,2,25,6,1,56
2024-05-12,Toyota,Healthcare,120.68506075938984,122.29797035765654,119.09913931772093,120.68506075938984,171101,876229087405.4445,7.67347307470096,3.098079634724612,0.0312024982020693,-0.0843901348815867,Bearish,58,5,0,118.67982511989494,110.16276898748681,108.79400118139165,110.59275791106901,104.26699554230228,6.325762368766732,0.027178266918978622,3.1988310399356124,3.1988310399356124,69.32330541494977,108.79400118139165,134.9903344678337,82.59766789494961,117.49183627237822,116.63198602475651,117.84636001722598,53812.0,2024,5,12,6,2,133
2024-06-20,Toyota,Technology,117.29123336254058,120.60930301075872,113.84795044621598,117.29123336254058,60789,963858453206.8688,26.69071000015812,4.707664551422205,0.0467136353237421,-0.1504333169516274,Bullish,58,6,1,117.98929528725822,112.33120242951284,109.50210386315406,111.6232925959108,105.23175389935697,6.391538696553823,-0.028121354668872778,6.761352564542747,6.761352564542747,67.9082160821547,109.50210386315406,134.9565604187087,84.04764730759942,120.68506075938984,117.49183627237822,116.63198602475651,171101.0,2024,6,20,3,2,172
2024-06-21,Toyota,Consumer Goods,116.46363713621396,117.83817273651744,114.42458537527392,116.46363713621396,147720,249331677457.22717,36.36262891281007,3.9210308718263343,0.0143211582996631,-0.3165023153481454,Bearish,58,2,0,117.71275071105583,114.60383361252589,110.03760642262021,112.36796098672667,106.06374525023527,6.3042157364914,-0.0070559086352904865,3.413587361243515,3.413587361243515,72.26359685711128,110.03760642262021,134.7124300464923,85.36278279874813,117.29123336254058,120.68506075938984,117.49183627237822,60789.0,2024,6,21,4,2,173
2024-07-13,Toyota,Energy,118.47751182362543,121.029807153011,115.66057534323568,118.47751182362543,64382,244234490436.4624,15.567084502712564,0.6854472903937825,0.0259456997685225,0.2482268400913088,Bullish,58,3,1,118.0818558708296,117.81183095342537,110.6404568084063,113.3078918847111,106.98328351493085,6.32460836978025,0.017291875274821455,5.369231809775329,5.369231809775329,67.1363665851128,110.6404568084063,134.77268719121122,86.50822642560138,116.46363713621396,117.29123336254058,120.68506075938984,147720.0,2024,7,13,5,3,195
2024-07-24,Toyota,Consumer Goods,126.80986921307864,129.17450804156186,123.07011211494807,126.80986921307864,176205,809074578174.6918,24.63060621769161,4.3650969701485804,0.0496755678378996,-0.0845123656675732,Stable,58,2,2,119.9454624589697,118.62509690584321,111.71841763538445,115.38511916599842,108.45191949257142,6.933199673426998,0.07032859874587327,6.10439592661379,6.10439592661379,70.71473451253837,111.71841763538445,136.4264537480306,87.0103815227383,118.47751182362543,116.46363713621396,117.29123336254058,64382.0,2024,7,24,2,3,206
2022-05-16,Twitter,Energy,97.19413601336154,98.24499120783666,94.80043720168092,97.19413601336154,76105,841688130649.7334,34.8454806956499,0.6219141562066216,0.0305273233502711,0.0219414860901241,Stable,59,3,2,97.19413601336154,97.19413601336154,97.19413601336154,97.19413601336154,97.19413601336154,0.0,0.0,3.444554006155741,3.444554006155741,70.52190620419765,97.19413601336154,97.79111170879875,96.90902504773908,97.19413601336154,97.19413601336154,97.19413601336154,76105.0,2022,5,16,0,2,136
2022-05-17,Twitter,Automotive,97.50600074317629,99.2430759666798,95.62293670535033,97.50600074317629,125766,846561441465.2427,12.893946547400642,3.987736802685997,0.0177779057772675,-0.142471417770633,Bullish,59,1,1,97.35006837826892,97.35006837826892,97.35006837826892,97.24211520256382,97.21723710445893,0.024878098104892388,0.0032086784512583844,3.62013926132947,3.62013926132947,72.41591612739751,97.35006837826892,97.79111170879875,96.90902504773908,97.19413601336154,97.19413601336154,97.19413601336154,76105.0,2022,5,17,1,2,137
2022-06-18,Twitter,Healthcare,96.89810740417651,98.30460877176104,94.9860764421011,96.89810740417651,140084,647018254198.0463,34.858136819127765,0.934572203042308,0.0430942621930458,0.6553503895625437,Bearish,59,5,0,97.19941472023811,97.19941472023811,97.19941472023811,97.18919092588885,97.19359786740097,-0.004406941512115736,-0.006234419772798594,3.318532329659945,3.318532329659945,79.61313603631939,97.19941472023811,97.80737681267411,96.59145262780211,97.50600074317629,97.19413601336154,97.19413601336154,125766.0,2022,6,18,5,2,169
2022-09-08,Twitter,Consumer Goods,93.450224241156,94.40406244977322,91.97239704389264,93.450224241156,144179,231338626609.214,11.846324556558027,1.1024184673665205,0.0173380960460091,-0.1500929618751392,Stable,59,2,2,96.26211710046758,96.26211710046758,96.26211710046758,96.6139652820838,96.91631093212357,-0.30234565003976854,-0.03558256456587827,2.4316654058805796,2.4316654058805796,55.64074833506388,96.26211710046758,100.04402682779663,92.48020737313853,96.89810740417651,97.50600074317629,97.19413601336154,140084.0,2022,9,8,3,3,251
2022-09-19,Twitter,Healthcare,99.50409220637898,101.57006993654626,98.06722212136124,99.50409220637898,157450,518742106309.7158,20.666102911207595,4.0359465939559405,0.0389701810999653,0.3075735022489232,Bearish,59,5,0,96.91051212164987,96.91051212164987,96.91051212164987,97.05860019351383,97.10799843392027,-0.0493982404064468,0.06478173823960542,3.502847815185021,3.502847815185021,69.09557786078503,96.91051212164987,101.28492099132917,92.53610325197057,93.450224241156,96.89810740417651,97.50600074317629,144179.0,2022,9,19,0,3,262
2022-10-21,Twitter,Finance,107.99481789618692,110.91235943781815,104.96233841339534,107.99481789618692,165294,894585451037.0994,33.80354561775201,1.9872407844954585,0.0276946613240967,0.0656540748027885,Bullish,59,4,1,99.07064849821492,98.75789641740603,98.75789641740603,98.74109522469429,97.91442950519928,0.8266657194950113,0.08533041708674172,5.95002102442281,5.95002102442281,70.25059974997568,98.75789641740603,108.61772664090685,88.89806619390521,99.50409220637898,93.450224241156,96.89810740417651,157450.0,2022,10,21,4,4,294
2022-11-03,Twitter,Finance,112.89860536004878,115.71179534314408,111.39507916142652,112.89860536004878,68070,246040246723.0792,13.901269341241086,0.1750395740340282,0.0357961162116942,0.4384688380882935,Bullish,59,4,1,102.14916942158943,100.77799769492643,100.77799769492643,100.91917370705653,99.02436845741035,1.8948052496461827,0.04540761824864381,4.316716181717553,4.316716181717553,78.25583250791834,100.77799769492643,114.75212379153285,86.80387159832,107.99481789618692,99.50409220637898,93.450224241156,165294.0,2022,11,3,3,4,307
2023-01-17,Twitter,Finance,119.41914239823824,122.68520106614196,117.82367889881716,119.41914239823824,194356,731538796906.7119,14.216052431362003,1.7261497683498623,0.049081267061807,0.327485477250774,Bearish,59,4,0,106.65337642040178,103.10814078284041,103.10814078284041,103.7653227364691,100.53509245302723,3.2302302834418697,0.057755691643794904,4.861522167324793,4.861522167324793,83.09301810581246,103.10814078284041,121.57773033067156,84.63855123500926,112.89860536004878,107.99481789618692,99.50409220637898,68070.0,2023,1,17,1,1,17
2023-05-07,Twitter,Automotive,118.03719384912392,121.2935968549988,115.65336655867628,118.03719384912392,139780,332982310729.7538,35.505920455088074,3.312419734708041,0.0344150998127331,0.7393626466873255,Bearish,59,1,0,111.57077034199537,104.7669244568719,104.7669244568719,105.96099521533907,101.83154440829365,4.129450807045416,-0.011572253169477631,5.640230296322514,5.640230296322514,80.4784395251233,104.7669244568719,124.70536217870931,84.8284867350345,119.41914239823824,112.89860536004878,107.99481789618692,194356.0,2023,5,7,6,2,127
2023-06-11,Twitter,Aerospace,119.98138992493035,123.30992927184865,118.30898425139128,119.98138992493035,173961,602253528278.3466,12.561797775409053,4.129588536580152,0.0104936418424149,0.7036918516777757,Stable,59,0,2,115.66622988570563,106.28837100367775,106.28837100367775,108.11797901681466,103.175977409526,4.94200160728866,0.01647104622201989,5.000945020457365,5.000945020457365,79.97288692696475,106.28837100367775,127.40618403339849,85.17055797395702,118.03719384912392,119.41914239823824,112.89860536004878,139780.0,2023,6,11,6,2,162
2023-09-28,Twitter,Consumer Goods,119.12282166536728,121.4593525735272,117.07969033719812,119.12282166536728,86187,901474273938.8558,31.10510135194542,4.551065174338783,0.0335608036392364,-0.6479504899177324,Bullish,59,2,1,117.89183063954172,108.48123956887832,107.45513924564953,109.81103173197661,104.3572251321809,5.453806599795712,-0.0071558452531701455,4.379662236329082,4.379662236329082,84.40994888223247,107.45513924564953,128.93222336298888,85.97805512831019,119.98138992493035,118.03719384912392,119.41914239823824,173961.0,2023,9,28,3,3,271
2023-10-03,Twitter,Aerospace,119.3648305841774,122.41411398449642,117.64496588156688,119.3648305841774,99922,297572405285.7205,6.206144079875,4.168959754594137,0.0179525624374961,0.6321847058285228,Bearish,59,0,0,119.18507568436743,110.66712255297844,108.44761352386018,111.28084694000749,105.46889961010656,5.811947329900931,0.0020315915575770394,4.769148102929549,4.769148102929549,86.04220516779863,108.44761352386018,130.04882174698986,86.84640530073051,119.12282166536728,119.98138992493035,118.03719384912392,86187.0,2023,10,3,1,4,276
2024-02-07,Twitter,Automotive,113.1924918128216,116.17491578396476,111.09746745404148,113.1924918128216,132152,640528055604.3379,36.35043540741605,2.883070035648589,0.0356627426673997,0.9661293992296408,Bullish,59,1,1,117.9397455672841,112.29656099384295,108.81260416147259,111.57494615120966,106.04101755104841,5.533928600161246,-0.05170986077848949,5.0774483299232855,5.0774483299232855,74.69221844899866,108.81260416147259,129.66098998825575,87.96421833468942,119.3648305841774,119.12282166536728,119.98138992493035,99922.0,2024,2,7,2,1,38
2024-04-06,Twitter,Energy,116.60327034152364,118.623904552921,115.02674839273784,116.60327034152364,97362,397781598651.7818,9.400349414727918,3.9800370121364166,0.0287515952202716,0.6183896073134825,Bearish,59,3,0,117.65296086576404,114.6118656038797,109.36908031719054,112.34853448818103,106.82340664663917,5.52512784154186,0.030132550967622462,3.597156160183161,3.597156160183161,71.88355197495122,109.36908031719054,129.82785488241635,88.91030575196473,113.1924918128216,119.3648305841774,119.12282166536728,132152.0,2024,4,6,5,2,97
2024-07-11,Twitter,Automotive,119.7730127038154,122.21774887916509,118.47797863244638,119.7730127038154,114772,128072562924.76216,6.55973382070377,3.4107658078081746,0.0413000057752117,0.9056687783411688,Stable,59,1,2,117.61128542154106,116.63875765362336,110.06267580963218,113.49076190597093,107.78263672494852,5.70812518102241,0.02718399194986376,3.739770246718706,3.739770246718706,73.7591650777142,110.06267580963218,130.49619465076535,89.62915696849902,116.60327034152364,113.1924918128216,119.3648305841774,97362.0,2024,7,11,3,3,193
2024-07-18,Twitter,Healthcare,123.16238894226542,125.45256156442196,119.49602246687772,123.16238894226542,197550,393001327806.9461,26.731800657619782,1.7756582387690627,0.0230352537046316,-0.6748775881371698,Bearish,59,5,0,118.4191988769207,118.15551475823119,110.88140788042176,114.97870452693931,108.92187762993495,6.056826897004356,0.028298329998858396,5.956539097544237,5.956539097544237,75.35534301101644,110.88140788042176,131.68030369538116,90.08251206546237,119.7730127038154,116.60327034152364,113.1924918128216,114772.0,2024,7,18,3,3,200
2022-01-01,Uber,Technology,100.0,101.03612043951992,97.47780939133514,100.0,171958,515658508724.4058,24.25321791603546,0.1630897417078325,0.047484357796787,0.939231877808676,Bearish,60,6,0,100.0,100.0,100.0,100.0,100.0,0.0,0.0,3.558311048184777,3.558311048184777,76.27176424713258,100.0,107.05907413832239,85.21945417403543,100.0,100.0,100.0,171958.0,2022,1,1,5,1,1
2022-04-05,Uber,Technology,92.2785283123578,94.9487783397093,90.80358146713031,92.2785283123578,80535,683500672589.0359,26.07509754183684,1.3450982339915525,0.0466776819280366,0.8344411836497256,Stable,60,6,2,96.13926415617891,96.13926415617891,96.13926415617891,98.81208127882428,99.42803913424873,-0.6159578554244547,-0.0772147168764219,4.1451968725789925,4.1451968725789925,70.26442816301326,96.13926415617891,107.05907413832239,85.21945417403543,100.0,100.0,100.0,171958.0,2022,4,5,1,2,95
2022-04-15,Uber,Consumer Goods,95.1886674166661,97.45157818779532,93.19241447725383,95.1886674166661,158066,140878520121.78854,23.210380192152893,3.903659266004505,0.0120956518237944,0.2027681413771267,Bullish,60,2,1,95.8223985763413,95.8223985763413,95.8223985763413,98.25463299233841,99.114011599613,-0.8593786072745786,0.03153647069942034,4.259163710541486,4.259163710541486,68.4356216694845,95.8223985763413,103.6214992021372,88.0232979505454,92.2785283123578,100.0,100.0,80535.0,2022,4,15,4,2,105
2022-04-18,Uber,Energy,93.54849027226456,96.22159978233536,91.92923126492488,93.54849027226456,148806,732452393880.6033,30.742696227063817,4.862099995200516,0.0130722976427712,-0.9178636544191892,Bullish,60,3,1,95.25392150032212,95.25392150032212,95.25392150032212,97.53061103540398,98.70175076055014,-1.171139725146162,-0.01723080266710797,4.29236851741048,4.29236851741048,59.84530385765672,95.25392150032212,102.01567467704159,88.49216832360266,95.1886674166661,92.2785283123578,100.0,158066.0,2022,4,18,0,2,108
2022-05-06,Uber,Aerospace,94.25400345706808,95.38835892526087,92.06475303491122,94.25400345706808,143426,721811328260.7837,24.794248772250413,3.355276419299572,0.0199149343491369,0.0627136635053904,Bearish,60,0,0,95.05393789167131,95.05393789167131,95.05393789167131,97.02651756181385,98.37228799732925,-1.345770435515405,0.007541684347338817,3.323605890349654,3.323605890349654,55.63781922208734,95.05393789167131,100.97769078926392,89.1301849940787,93.54849027226456,95.1886674166661,92.2785283123578,148806.0,2022,5,6,4,2,126
2022-10-03,Uber,Energy,102.52713911617346,104.15011120029943,100.81452587432824,102.52713911617346,186672,457974665675.9336,32.950764533396296,4.557606466626583,0.044520361842689,-0.4199119436440268,Stable,60,3,2,95.55936571490601,96.29947142908833,96.29947142908833,97.87276703171533,98.68005474687327,-0.8072877151579405,0.08777489926858895,3.335585325971195,3.335585325971195,57.4969828424185,96.29947142908833,104.38063283951215,88.21831001866451,94.25400345706808,93.54849027226456,95.1886674166661,143426.0,2022,10,3,0,4,276
2022-10-27,Uber,Healthcare,107.80849473452233,111.03656545308748,104.68774523092624,107.80849473452233,168015,571747622977.6545,37.13727998679713,2.137478251783796,0.0150508454843092,-0.3082822840494614,Bearish,60,5,0,98.6653589993389,97.9436176155789,97.9436176155789,99.40134052445487,99.35623548669912,0.04510503775574648,0.051511781796277134,6.348820222161237,6.348820222161237,64.14482596477033,97.9436176155789,109.3502403364318,86.536994894726,102.52713911617346,94.25400345706808,93.54849027226456,186672.0,2022,10,27,3,4,300
2022-12-18,Uber,Finance,108.52592130022956,110.99754746097534,106.26347190340368,108.52592130022956,123847,58862540098.23949,5.006593984480366,3.931788665307408,0.0497873666078594,0.8473296750993053,Bullish,60,4,1,101.3328097760516,99.26640557616024,99.26640557616024,100.80512218226636,100.03547147288656,0.7696507093798033,0.006654638555838144,4.734075557571657,4.734075557571657,63.15619873728517,99.26640557616024,112.20921538831277,86.3235957640077,107.80849473452233,102.52713911617346,94.25400345706808,168015.0,2022,12,18,6,4,352
2022-12-28,Uber,Healthcare,108.24377374779192,111.29151977154817,105.68011878125196,108.24377374779192,182222,821691434460.0336,5.630003113082525,2.607996980056791,0.0320420381317973,-0.9060149979937652,Stable,60,5,2,104.27186647115707,100.26389092856375,100.26389092856375,101.94953011542414,100.6434938636203,1.306036251803846,-0.002599817159414819,5.611400990296204,5.611400990296204,63.985164556649615,100.26389092856375,113.76929570301249,86.75848615411502,108.52592130022956,107.80849473452233,102.52713911617346,123847.0,2022,12,28,2,4,362
2023-06-13,Uber,Aerospace,121.43144560189133,123.56534189756832,118.2576107327912,121.43144560189133,194188,373475788551.7456,33.58531208954906,1.392287731867865,0.0396917415268105,-0.9726766290587812,Bearish,60,0,0,109.70735490012171,102.38064639589652,102.38064639589652,104.94674788257294,102.18334214052926,2.7634057420436733,0.12183307545084943,5.30773116477711,5.30773116477711,72.18469800503158,102.38064639589652,120.85646542759169,83.90482736420135,108.24377374779192,108.52592130022956,107.80849473452233,182222.0,2023,6,13,1,2,164
2023-06-19,Uber,Automotive,124.71528500937552,128.27517422984775,123.0515383961686,124.71528500937552,116040,405615778281.2412,23.9887028986288,2.307614637943034,0.0453425891348076,0.0277330514265432,Bullish,60,1,1,114.14498407876212,104.85217489683407,104.41106808803097,107.98806128669641,103.85237494562898,4.1356863410674265,0.027042743263142377,5.223635833679154,5.223635833679154,82.13210937901817,104.41106808803097,126.51571101457293,82.30642516148902,121.43144560189133,108.24377374779192,108.52592130022956,194188.0,2023,6,19,0,2,170
2023-10-16,Uber,Technology,116.45363303774444,117.78147939149676,114.87101988411128,116.45363303774444,89764,169275940757.57693,37.15571487122321,2.983882099808448,0.0305270032912814,-0.4785824517342956,Bearish,60,6,0,115.87401173940654,107.26968536937272,105.41461516717375,109.29045694070379,104.78580147097087,4.504655469732924,-0.06624410128245317,2.9104595073854824,2.9104595073854824,69.56079933986304,105.41461516717375,127.60778518091854,83.22144515342896,124.71528500937552,121.43144560189133,108.24377374779192,116040.0,2023,10,16,0,4,289
2023-12-01,Uber,Aerospace,119.82736306371426,121.23433294180587,116.30938193882598,119.82736306371426,107108,295983010931.0898,33.32141098986609,0.8505770865464074,0.0409068395251266,0.8213299907677769,Stable,60,0,2,118.13430009210349,109.73355493407753,106.52328808229225,110.91151942116694,105.89999121858149,5.011528202585453,0.028970586300870016,4.9249510029798955,4.9249510029798955,69.66599110843104,106.52328808229225,129.22589047105015,83.82068569353437,116.45363303774444,124.71528500937552,121.43144560189133,89764.0,2023,12,1,4,4,335
2024-01-25,Uber,Automotive,119.6057768344104,121.2822401762616,116.81918334761804,119.6057768344104,191339,905619267537.3442,30.222930084908963,2.0138791661644992,0.0225306590632244,0.3236214571488494,Stable,60,1,2,120.4067007094272,112.33928359029213,107.4577515645864,112.24909748474286,106.91523459753179,5.333862887211069,-0.001849212263696609,4.463056828643559,4.463056828643559,67.54907884160549,107.4577515645864,130.363248853155,84.55225427601782,119.82736306371426,116.45363303774444,124.71528500937552,107108.0,2024,1,25,3,1,25
2024-02-20,Uber,Automotive,117.2661801571394,120.42953211798712,115.62855189291234,117.2661801571394,176394,580894531709.958,38.00443358856149,1.2632301531064334,0.0209479383071348,0.2620987865404411,Stable,60,1,2,119.5736476204768,114.64050126029925,108.11164680408994,113.02095635741924,107.68197130565088,5.338985051768361,-0.019560900310944707,4.800980225074781,4.800980225074781,64.83363015133449,108.11164680408994,130.7576332432587,85.46566036492118,119.6057768344104,119.82736306371426,116.45363303774444,191339.0,2024,2,20,1,1,51
2024-07-26,Uber,Automotive,126.11838127622988,129.71921580594125,124.58665472632548,126.11838127622988,126325,280088346220.7817,21.84666817874827,3.4984495452935422,0.0154808364014528,0.7962928896402015,Bullish,60,1,1,119.85426687384768,116.99962547630489,109.23706770859869,115.03594480646703,109.04763130347155,5.9883135029954815,0.07548809987012728,5.132561079615769,5.132561079615769,78.51824944707175,109.23706770859869,132.89529974884957,85.5788356683478,117.2661801571394,119.6057768344104,119.82736306371426,176394.0,2024,7,26,4,3,208
2024-08-22,Uber,Automotive,122.6704916552153,125.1809641526667,120.54345624672546,122.6704916552153,126589,942373074283.5197,38.84684384991122,3.910253846318792,0.0147464245789815,-0.8149428912665617,Bearish,60,1,0,121.09763859734184,118.48582516837419,110.0272691172232,116.21049047550522,110.05673207026737,6.153758405237852,-0.027338517876017376,4.6375079059412485,4.6375079059412485,72.95204429093418,110.0272691172232,133.84302837274606,86.21150986170034,126.11838127622988,117.2661801571394,119.6057768344104,126325.0,2024,8,22,3,3,235
2024-08-28,Uber,Consumer Goods,124.68892554124606,127.80052128384742,122.74126575960118,124.68892554124606,150158,69644119685.7495,21.038212763749183,1.0912993634686474,0.0293140509764041,-0.7245318022243827,Bearish,60,2,0,122.06995109284821,120.10212559247586,110.84180558522446,117.5148651010038,111.14059825330283,6.37426684770098,0.016454110999276628,5.05925552424624,5.05925552424624,75.84432373248282,110.84180558522446,134.9581084475452,86.72550272290374,122.6704916552153,126.11838127622988,117.2661801571394,126589.0,2024,8,28,2,3,241
2022-03-02,Visa,Automotive,93.92597159727671,95.31666265787752,92.55585941143926,93.92597159727671,61534,123654112773.0458,34.68167268957701,2.660108394921259,0.0407251271352352,-0.5088987481110179,Bearish,61,1,0,93.92597159727671,93.92597159727671,93.92597159727671,93.92597159727671,93.92597159727671,0.0,0.0,2.7608032464382575,2.7608032464382575,75.5580967016916,93.92597159727671,99.94227792687485,91.05263032019843,93.92597159727671,93.92597159727671,93.92597159727671,61534.0,2022,3,2,2,1,61
2022-05-19,Visa,Healthcare,97.06893664979656,99.5985648462951,94.93699157017484,97.06893664979656,94262,155517468742.353,21.160648476433376,4.216390454682012,0.0264198317624221,-0.9558283093976404,Bearish,61,5,0,95.49745412353664,95.49745412353664,95.49745412353664,94.40950468227977,94.1587838233893,0.2507208588904746,0.03346215108634509,4.661573276120265,4.661573276120265,73.25355724605836,95.49745412353664,99.94227792687485,91.05263032019843,93.92597159727671,93.92597159727671,93.92597159727671,61534.0,2022,5,19,3,2,139
2022-07-24,Visa,Aerospace,86.90062204227878,87.90634389867428,85.65925139055386,86.90062204227878,87504,876788712484.587,23.9891031188398,2.910916150462949,0.0347508830816402,-0.5023619459601363,Stable,61,0,2,92.63184342978401,92.63184342978401,92.63184342978401,93.25429196843346,93.6211422099737,-0.3668502415402344,-0.10475353865472758,2.247092508120417,2.247092508120417,58.30986871320623,92.63184342978401,103.04428431072799,82.21940254884004,97.06893664979656,93.92597159727671,93.92597159727671,94262.0,2022,7,24,6,3,205
2022-07-31,Visa,Consumer Goods,86.6699878614452,88.77031724896993,84.87134602999544,86.6699878614452,135981,932657319515.8276,9.933586963261924,3.153502355793925,0.0151669778097244,0.5488389892126067,Bullish,61,2,1,91.14137953769931,91.14137953769931,91.14137953769931,92.24132210581988,93.10624188786048,-0.8649197820406016,-0.0026539991937155616,3.898971218974495,3.898971218974495,57.57262388537928,91.14137953769931,101.52516522583677,80.75759384956184,86.90062204227878,97.06893664979656,93.92597159727671,87504.0,2022,7,31,6,3,212
2023-02-04,Visa,Consumer Goods,110.14778242844964,112.24519119023851,107.1560215239581,110.14778242844964,73289,92073325915.78548,14.985161842506075,3.769325369184626,0.0351247812497428,-0.3785693433771051,Stable,61,2,2,94.94266011584938,94.94266011584938,94.94266011584938,94.99616215545522,94.36857822420042,0.6275839312548044,0.270887248819478,5.089169666280412,5.089169666280412,69.91734717818558,94.94266011584938,114.17445500320439,75.71086522849437,86.6699878614452,86.90062204227878,97.06893664979656,135981.0,2023,2,4,5,1,35
2023-05-05,Visa,Aerospace,116.04895486869869,118.95669835796085,114.39628062948512,116.04895486869869,51062,21840278152.246563,34.03556449028376,3.566179340416684,0.0326757118499814,-0.8513307822278571,Stable,61,0,2,99.36725677013376,98.46037590799092,98.46037590799092,98.23505334210806,95.9745320497188,2.2605212923892566,0.05357504536309987,4.560417728475727,4.560417728475727,66.98375790946113,98.46037590799092,122.80936630049393,74.11138551548791,110.14778242844964,86.6699878614452,86.90062204227878,73289.0,2023,5,5,4,2,125
2023-06-18,Visa,Automotive,123.893246905854,125.89040845838396,121.20810732374868,123.893246905854,111629,98295999160.99864,7.71651256560043,4.108239664808856,0.0480966122398657,-0.328313025921368,Stable,61,1,2,104.73211882134527,102.09364319339993,102.09364319339993,102.18246773653051,98.0425850020251,4.139882734505406,0.06759468059001983,4.682301134635281,4.682301134635281,68.88295707295161,102.09364319339993,131.48205559739725,72.70523078940259,116.04895486869869,110.14778242844964,86.6699878614452,51062.0,2023,6,18,6,2,169
2023-12-08,Visa,Energy,124.58722992752858,126.9783069221112,121.53406410913529,124.58722992752858,180560,374136173355.3493,29.05922274476832,4.146571170628797,0.0445391957965125,-0.5602760872620463,Bullish,61,3,1,112.26944039839523,104.90534153516602,104.90534153516602,105.62935422745329,100.00885499650684,5.62049923094645,0.005601459635664607,5.444242812975915,5.444242812975915,77.11974909276813,104.90534153516602,136.42163608790432,73.38904698242771,123.893246905854,116.04895486869869,110.14778242844964,111629.0,2023,12,8,4,4,342
2024-05-06,Visa,Consumer Goods,116.752804442832,118.91404681557528,113.95945410861049,116.752804442832,186487,233318807007.0147,20.922161132765545,0.2074958359153972,0.0266344535763179,-0.6691596957431813,Bullish,61,2,1,118.2860037146726,106.22172630268446,106.22172630268446,107.34065426058848,101.24914754808648,6.091506712501996,-0.06288305381902948,4.954592706964789,4.954592706964789,68.17460931001159,106.22172630268446,136.74221939117595,75.70123321419297,124.58722992752858,123.893246905854,116.04895486869869,180560.0,2024,5,6,0,2,127
2024-05-20,Visa,Healthcare,118.06095731801328,120.31737699679914,115.5554883193527,118.06095731801328,64060,564876649588.2036,12.81421849268187,2.7151071543338205,0.0210747987796804,0.0913373299372695,Bearish,61,5,0,119.86863869258532,107.40564940421734,107.40564940421734,108.98993165403844,102.49446679030329,6.495464863735151,0.011204466405959623,4.761888677446436,4.761888677446436,68.90900145359427,107.40564940421734,137.13892032089475,77.67237848753992,116.752804442832,124.58722992752858,123.893246905854,186487.0,2024,5,20,0,2,141
2024-07-21,Visa,Automotive,123.9784316863455,126.86414967523632,121.4227152790402,123.9784316863455,180330,103047380127.88055,24.140087434129416,0.0758844114341344,0.0107310027889402,0.5827258382457718,Bullish,61,1,1,121.45453405611468,110.41089541312422,108.9122659753199,111.29585473593184,104.08587159741754,7.209983138514303,0.05012219537058882,5.441434396196115,5.441434396196115,73.17927776994395,108.9122659753199,138.83777304080166,78.98675890983814,118.06095731801328,116.752804442832,124.58722992752858,64060.0,2024,7,21,6,3,203
2022-01-05,Wells Fargo,Automotive,98.391117762476,99.99048649136552,96.23070690620987,98.391117762476,169879,860771385872.8433,37.4911136497002,3.110197811854969,0.0347695612821432,-0.7683538355264115,Stable,62,1,2,98.391117762476,98.391117762476,98.391117762476,98.391117762476,98.391117762476,0.0,0.0,3.7597795851556413,3.7597795851556413,69.88108130921539,98.391117762476,99.48669361714757,96.097161245164,98.391117762476,98.391117762476,98.391117762476,169879.0,2022,1,5,2,1,5
2022-01-18,Wells Fargo,Aerospace,97.19273709983555,99.17582453716312,94.76291621379852,97.19273709983555,114925,587866150629.8402,31.186716709264918,4.781600466937638,0.0476073276500833,0.4914353324095746,Bearish,62,0,0,97.79192743115578,97.79192743115578,97.79192743115578,98.20675150668515,98.30234882450263,-0.09559731781747871,-0.012179764697189732,4.412908323364604,4.412908323364604,72.1352694783399,97.79192743115578,99.48669361714757,96.097161245164,98.391117762476,98.391117762476,98.391117762476,169879.0,2022,1,18,1,1,18
2022-03-08,Wells Fargo,Consumer Goods,94.562752869504,95.61504975130782,91.74207684670252,94.562752869504,74300,336529991292.68524,28.743258799929965,1.0178918877318022,0.0460633202114827,0.4293913504714683,Bullish,62,2,1,96.71553591060518,96.71553591060518,96.71553591060518,97.6461363317342,98.02534171672495,-0.3792053849907546,-0.027059472845487043,3.872972904605305,3.872972904605305,68.63894792596231,96.71553591060518,100.63210847839315,92.79896334281722,97.19273709983555,98.391117762476,98.391117762476,114925.0,2022,3,8,1,1,67
2022-03-31,Wells Fargo,Technology,93.6650312990595,96.34553368862582,91.09122007856406,93.6650312990595,76854,645409113601.56,12.890356441229285,0.7480072476347627,0.0179238206688115,0.3828321150263041,Bearish,62,6,0,95.95290975771877,95.95290975771877,95.95290975771877,97.03365863439963,97.70235575986084,-0.6686971254612075,-0.009493395054639975,5.254313610061757,5.254313610061757,67.77406745856752,95.95290975771877,100.37240507252123,91.53341444291631,94.562752869504,97.19273709983555,98.391117762476,74300.0,2022,3,31,3,1,90
2022-05-31,Wells Fargo,Technology,95.939740193568,98.62894189376766,93.69627570489348,95.939740193568,53748,967731688818.8794,12.88282957939714,3.5720538181329915,0.0232799317695106,-0.3811744102591112,Bullish,62,6,1,95.95027584488861,95.95027584488861,95.95027584488861,96.8653634896563,97.57179164383915,-0.706428154182845,0.02428557235245732,4.93266618887418,4.93266618887418,67.37648943031559,95.95027584488861,99.77768918526702,92.1228625045102,93.6650312990595,94.562752869504,97.19273709983555,76854.0,2022,5,31,1,2,151
2022-06-05,Wells Fargo,Automotive,99.8854784592756,101.843486005987,98.8013486712813,99.8854784592756,111087,962136686978.3536,5.469091925125796,3.3857620622883684,0.0293756474240339,-0.7836899708532865,Bullish,62,1,1,96.24914798424854,96.60614294728644,96.60614294728644,97.32999656190542,97.74317585239001,-0.41317929048459234,0.041127256106246346,3.0421373347057,3.0421373347057,80.06195420875548,96.60614294728644,101.30115669025575,91.91112920431713,95.939740193568,93.6650312990595,94.562752869504,53748.0,2022,6,5,6,2,156
2022-11-30,Wells Fargo,Automotive,107.60507801730714,109.2435340461474,105.67102055270414,107.60507801730714,102921,10063332248.07224,39.71099160087436,3.9326119119542353,0.012632470427623,-0.2357341823480243,Stable,62,1,2,98.33161616774285,98.17741938586083,98.17741938586083,98.91077832427492,98.47368712386535,0.4370912004095686,0.07728450298387357,3.5725134934432674,3.5725134934432674,82.4680193227455,98.17741938586083,107.53149684644582,88.82334192527584,99.8854784592756,95.939740193568,93.6650312990595,111087.0,2022,11,30,2,4,334
2022-12-06,Wells Fargo,Healthcare,106.65429628908502,109.07794868112778,104.05836690709658,106.65429628908502,177813,840281381238.4775,17.613223697562162,4.029222663089166,0.0295614310123048,0.2423726443881664,Bullish,62,5,1,100.74992485165906,99.23702899876385,99.23702899876385,100.10208878039955,99.07965817314087,1.0224306072586842,-0.00883584442055041,5.019581774031195,5.019581774031195,72.49128699719856,99.23702899876385,109.76924920931773,88.70480878820996,107.60507801730714,99.8854784592756,95.939740193568,102921.0,2022,12,6,1,4,340
2023-02-11,Wells Fargo,Automotive,111.06810805350617,112.97065292196672,108.2190947580999,111.06810805350617,185683,911924198924.9512,12.70788554820603,2.733426275496444,0.0227193020536133,-0.1128733090029945,Bullish,62,1,1,104.2305402025484,100.55159333817966,100.55159333817966,101.7891686685698,99.96769149761238,1.8214771709574222,0.041384284721710296,4.751558163866818,4.751558163866818,71.63224458234222,100.55159333817966,113.17191675843495,87.93126991792437,106.65429628908502,107.60507801730714,99.8854784592756,177813.0,2023,2,11,5,1,42
2023-03-02,Wells Fargo,Technology,109.8089830346874,113.00633521232706,107.83796864858124,109.8089830346874,53373,396149538796.0887,32.60807923668759,2.0405952841296155,0.0258779189173717,0.0055003832192246,Bearish,62,6,0,107.00438877077227,101.47733230783044,101.47733230783044,103.02298626335713,100.69667605591422,2.3263102074429014,-0.011336512711751512,5.1683665637458205,5.1683665637458205,64.01310982893915,101.47733230783044,114.73837741592212,88.21628719973876,111.06810805350617,106.65429628908502,107.60507801730714,185683.0,2023,3,2,3,1,61
2023-04-25,Wells Fargo,Healthcare,111.25459776474146,114.00660285797392,108.41685054827391,111.25459776474146,55486,650643891687.5804,28.483005165987777,0.2432883183085665,0.0498255133437923,0.9042878341527028,Stable,62,5,2,109.27821263186543,102.76368030805698,102.36617462209507,104.28938803280087,101.47874433064216,2.810643702158714,0.013164813024426403,5.589752309700003,5.589752309700003,64.66028178150319,102.36617462209507,116.2597549614662,88.47259428272395,109.8089830346874,111.06810805350617,106.65429628908502,53373.0,2023,4,25,1,2,115
2023-04-27,Wells Fargo,Healthcare,113.3195886633548,115.93829887154484,111.52429385133031,113.3195886633548,136900,616126279920.3005,28.611274852067567,2.130354888130485,0.0458026115540498,0.4180030226527591,Bearish,62,5,0,110.42111476107497,104.3763654644089,103.27895912553339,105.67864966827071,102.3558439108431,3.322805757427602,0.01856094885156989,4.414005020214532,4.414005020214532,80.74730214155117,103.27895912553339,117.95804888154731,88.59986936951947,111.25459776474146,109.8089830346874,111.06810805350617,55486.0,2023,4,27,3,2,117
2023-06-02,Wells Fargo,Energy,118.81617830235533,121.11465670312914,117.52481482444212,118.81617830235533,76790,992141183024.3315,39.694212935677164,2.253881419431819,0.0108408442690486,-0.884517841065928,Bearish,62,3,0,112.85349116372905,106.80170800769403,104.47412983144278,107.69980791966833,103.57512793984401,4.124679979824322,0.04850520288535076,3.589841878687025,3.589841878687025,82.75251580181721,104.47412983144278,120.96042373189468,87.98783593099088,113.3195886633548,111.25459776474146,109.8089830346874,136900.0,2023,6,2,4,2,153
2023-08-26,Wells Fargo,Aerospace,111.65063148132003,114.65751958040812,109.37071204021146,111.65063148132003,73833,235326732041.49384,34.34922252159899,2.215296811652105,0.0352286977796771,-0.7619573910137178,Bearish,62,0,0,112.9699958492918,108.6002680259201,104.98673709214829,108.3076269291532,104.17331338736075,4.1343135417924515,-0.06030783790066785,5.286807540196662,5.286807540196662,65.98973014901831,104.98673709214829,121.28413762856921,88.68933655572737,118.81617830235533,113.3195886633548,111.25459776474146,76790.0,2023,8,26,5,3,238
2023-10-29,Wells Fargo,Technology,118.97564336192796,122.00140542676635,116.3826147547613,118.97564336192796,103413,477218779566.118,27.406940904586836,4.703866498447505,0.0227475841596209,-0.8945604673309977,Bearish,62,6,0,114.80332791473992,110.9038583427561,105.91933084346694,109.94886022650317,105.26978227436572,4.6790779521374475,0.0656065423314105,5.618790672005048,5.618790672005048,71.09606048294944,105.91933084346694,123.2056643458483,88.63299734108557,111.65063148132003,118.81617830235533,113.3195886633548,73833.0,2023,10,29,6,4,302
2023-12-02,Wells Fargo,Healthcare,120.3490892108251,121.640483990857,116.93888179125108,120.3490892108251,161195,793613850889.6895,35.9548496425692,4.491190319766176,0.0385959813636525,-0.1286558677554192,Bearish,62,5,0,116.62222620395664,112.95021941791103,106.82119074142682,111.5488954548604,106.38676797336271,5.162127481497691,0.011543924538563344,4.701602199605929,4.701602199605929,73.64694542551194,106.82119074142682,125.0132398983232,88.62914158453043,118.97564336192796,111.65063148132003,118.81617830235533,103413.0,2023,12,2,5,4,336
2024-02-19,Wells Fargo,Aerospace,117.68279893944636,119.27069309959576,116.48368631184468,117.68279893944636,98447,334235979922.7282,36.75199375462178,0.126186729241321,0.0414033462895902,-0.4914816780221389,Stable,62,0,2,117.49486825917498,113.95799151012497,107.4601088707221,112.49257291402748,107.22351100788742,5.2690619061400525,-0.02215463605800949,2.787006787751082,2.787006787751082,73.59237634686448,107.4601088707221,125.84556372797456,89.07465401346963,120.3490892108251,118.97564336192796,111.65063148132003,161195.0,2024,2,19,0,1,50
2024-07-01,Wells Fargo,Finance,118.8114255125285,122.07297502961278,115.3285676108185,118.8114255125285,82265,629669507204.7255,38.15883373552564,0.5352858927709303,0.0450980850641267,0.7141938792198317,Stable,62,4,2,117.4939177012096,115.1737044324693,108.09073757304466,113.46470408302763,108.08187504526823,5.382829037759393,0.00959041239036873,6.744407418794282,6.744407418794282,75.53976695122516,108.09073757304466,126.71263312735417,89.46884201873516,117.68279893944636,120.3490892108251,118.97564336192796,98447.0,2024,7,1,0,3,183
2024-07-30,Wells Fargo,Finance,124.9297414245844,128.67056327216832,122.46120873633365,124.9297414245844,165033,825307063732.7751,39.82434792637825,0.4136701981183538,0.0124570051703933,-0.6520782246075489,Stable,62,4,2,120.14973968986246,116.55986776957714,108.97700093365201,115.22855598172868,109.3298651474398,5.898690834288871,0.05149602309426671,6.209354535834677,6.209354535834677,77.31118852771498,108.97700093365201,128.6545232665112,89.29947860079281,118.8114255125285,117.68279893944636,120.3490892108251,82265.0,2024,7,30,1,3,212
2024-08-17,Wells Fargo,Healthcare,124.51390307039334,127.04035724327142,121.25704951980627,124.51390307039334,159945,509070710158.13086,30.624291239503453,2.8062783903746205,0.0230512860627578,0.0434668377064912,Bullish,62,5,1,121.25739163155554,118.03035977314774,109.7538460404891,116.65707091844632,110.45460869728822,6.2024622211581,-0.003328577722560122,5.783307723465143,5.783307723465143,74.85530934165098,109.7538460404891,130.12796556206337,89.37972651891484,124.9297414245844,118.8114255125285,117.68279893944636,165033.0,2024,8,17,5,3,230
